restaurant_id,num_reviews,avg_localness,pct_local_reviews,pct_tourist_reviews,local_weighted_rating,tourist_weighted_rating,tourist_penalty,adjusted_score,name,neighborhood,cuisine,city,google_place_id,address,total_score,review_count,image_url,url,price_midpoint,lat,lng,distance_to_times_sq_km,polarization,rating_skew,one_star_pct,five_star_pct,google_review_count,images_count,has_popular_times,num_categories,postal_code,pct_reviews_with_text,local_keyword_density,tourist_keyword_density,quality_keyword_density,meh_keyword_density,local_vs_tourist_ratio,avg_review_length,p_safe_pick,phone,website,opening_hours,extra_image_urls,top_reviews,archetype,review_themes
r_cf6e30,50.0,0.2245860767253237,0.0,0.86,4.349981485451345,4.130767617413626,0.0,4.349981485451345,Gaonnuri,Chelsea,Korean,NYC,ChIJ_xUY2qhZwokRDDqPeRtPQJM,"1250 Broadway 39th Fl, New York, NY 10001",4.4,1769.0,https://komriwzkkknrsirifgqg.supabase.co/storage/v1/object/public/restaurant-photos/r_cf6e30.jpg,https://www.google.com/maps/search/?api=1&query=Gaonnuri&query_place_id=ChIJ_xUY2qhZwokRDDqPeRtPQJM,100.0,40.7476873,-73.9878772,1.162,0.723007348784624,10.0,0.043527416619559,0.679479932165065,1769.0,3779.0,1.0,2.0,10001.0,0.64,0.125,0.1875,0.375,0.1875,0.6666666666666666,495.3125,0.8609602204814323,(212) 971-9045,http://www.gaonnurinyc.com/,"[{""day"": ""Monday"", ""hours"": ""5 to 11:30\u202fPM""}, {""day"": ""Tuesday"", ""hours"": ""5 to 11:30\u202fPM""}, {""day"": ""Wednesday"", ""hours"": ""5 to 11:30\u202fPM""}, {""day"": ""Thursday"", ""hours"": ""5 to 11:30\u202fPM""}, {""day"": ""Friday"", ""hours"": ""5\u202fPM to 12\u202fAM""}, {""day"": ""Saturday"", ""hours"": ""5\u202fPM to 12\u202fAM""}, {""day"": ""Sunday"", ""hours"": ""5 to 10\u202fPM""}]","[""https://lh3.googleusercontent.com/gps-cs-s/AHVAweoIRIAC5iJMbvUGBcViIGNs55tTHmOc88M6Sj-ITzAxedwZvM13Ebrgl2TC9Mpxxrhn7EWkzoQVVl917C92S8lql2NDXDxYW-5hrVTpbDPbVxPtrze4iJ9VJAZuM8clmkuGBNPc=w1920-h1080-k-no""]","[{""text"": ""Business dinner for 5. Great corner table with beef set menu."", ""rating"": 4, ""author"": ""Tom Zschach"", ""published"": ""2 months ago""}, {""text"": ""Great view, top notch service and the omakasa is out of this world"", ""rating"": 5, ""author"": ""Nobel G"", ""published"": ""3 months ago""}, {""text"": ""Incredible experience would recommend for anyone passing by New York !!!"", ""rating"": 5, ""author"": ""Olivier Provencher"", ""published"": ""3 months ago""}]",,"{""standout_dishes"": [], ""vibe_and_service"": [""Stunning city views and a beautiful, dressy space that works well for dates and special occasions"", ""Servers do all the grilling and cooking at the table, so you get the KBBQ experience without any of the work"", ""Friendly, attentive staff who help with menu choices, and they make birthdays feel special""], ""wait_time_note"": ""Tables have a 2.5-hour limit on OpenTable, and a couple of reviewers felt rushed through courses and were asked to leave right after paying, so plan for a brisk pace especially with larger groups.""}"
r_c13270,50.0,0.2681474417280793,0.02,0.76,4.614513606655356,4.540026462982489,0.0,4.614513606655356,Fish Cheeks,SoHo,Thai,NYC,ChIJgc7fPIVZwokRQMnqTxTf_Qk,"55 Bond St, New York, NY 10012",4.7,5148.0,https://komriwzkkknrsirifgqg.supabase.co/storage/v1/object/public/restaurant-photos/r_c13270.jpg,https://www.google.com/maps/search/?api=1&query=Fish%20Cheeks&query_place_id=ChIJgc7fPIVZwokRQMnqTxTf_Qk,75.0,40.7257881,-73.9926386,3.627,0.8556721056721057,10.0,0.0149572649572649,0.8407148407148407,5148.0,5506.0,1.0,3.0,10012.0,0.56,0.4285714285714285,0.1428571428571428,0.6071428571428571,0.1071428571428571,3.0,297.2857142857143,0.8347751380640654,(212) 677-2223,https://www.fishcheeksnyc.com/,"[{""day"": ""Monday"", ""hours"": ""12 to 10\u202fPM""}, {""day"": ""Tuesday"", ""hours"": ""12 to 10\u202fPM""}, {""day"": ""Wednesday"", ""hours"": ""12 to 10\u202fPM""}, {""day"": ""Thursday"", ""hours"": ""12 to 10\u202fPM""}, {""day"": ""Friday"", ""hours"": ""12 to 11\u202fPM""}, {""day"": ""Saturday"", ""hours"": ""12 to 11\u202fPM""}, {""day"": ""Sunday"", ""hours"": ""12 to 10\u202fPM""}]","[""https://lh3.googleusercontent.com/gps-cs-s/AHVAwer-0_xhgwqAPs3yPk41LK9ijDttjs5BD1W5eBY8sqIi9U-dFOTzJmbAu-LvkpodxDxhjUx96gplQDD0NNtXG5kSvtt72ZwIbURREIIo3j5qb23UjTtC35dJD1kS5Odgk6FJYMNcDUcp1I7p=w1920-h1080-k-no""]","[{""text"": ""great seafood selection. oysters are a bit small but the sauce is fire"", ""rating"": 5, ""author"": ""Roy"", ""published"": ""5 days ago""}, {""text"": ""Wayyyyyyyy too salty!!!!!!!! The coconut crab curry was tasty but wouldn\u2019t go back"", ""rating"": 2, ""author"": ""Kayleigh M"", ""published"": ""5 days ago""}, {""text"": ""signature fish is just one of their all around amazing choices. not a big fan of thai food, but this one surprised me. will visit again if im around that area"", ""rating"": 5, ""author"": ""ming xiong"", ""published"": ""a week ago""}]",Local Favorite,"{""standout_dishes"": [""Coconut crab curry"", ""Zabb wings"", ""Steamed fish with Thai herbs"", ""Crab fried rice""], ""vibe_and_service"": [""Welcoming, high-energy space with friendly, attentive staff who explain the menu"", ""Best ordered family style so you can sample lots of bold, authentic Thai dishes"", ""Happy hour and restaurant week deals make it more reasonably priced""], ""wait_time_note"": ""Reservations are highly recommended since it's very popular, but one reviewer got a walk-in table on a Saturday night around 8pm for three, another waited only about 15 minutes on a Sunday afternoon, and another ended up at the bar without a reservation.""}"
r_5d922c,50.0,0.1977897047528309,0.0,0.92,4.332870401089531,4.441482319219582,0.1086119181300508,4.278564442024505,Golden Diner,Lower East Side,Diner,NYC,ChIJ1-mW-LhbwokR7Ryv5ha-gzc,"123 Madison St, New York, NY 10002",4.4,2733.0,https://komriwzkkknrsirifgqg.supabase.co/storage/v1/object/public/restaurant-photos/r_5d922c.jpg,https://www.google.com/maps/search/?api=1&query=Golden%20Diner&query_place_id=ChIJ1-mW-LhbwokR7Ryv5ha-gzc,25.0,40.7124359,-73.9940267,5.109,0.7453347969264544,10.0,0.0563483351628247,0.6889864617636298,2733.0,3412.0,1.0,1.0,10002.0,0.72,0.1944444444444444,0.1944444444444444,0.4444444444444444,0.0555555555555555,1.0,351.05555555555554,0.8220679171319974,(917) 472-7800,http://www.goldendinerny.com/,"[{""day"": ""Monday"", ""hours"": ""9\u202fAM to 10\u202fPM""}, {""day"": ""Tuesday"", ""hours"": ""3:30 to 10\u202fPM""}, {""day"": ""Wednesday"", ""hours"": ""9\u202fAM to 10\u202fPM""}, {""day"": ""Thursday"", ""hours"": ""9\u202fAM to 10\u202fPM""}, {""day"": ""Friday"", ""hours"": ""9\u202fAM to 10\u202fPM""}, {""day"": ""Saturday"", ""hours"": ""9\u202fAM to 10\u202fPM""}, {""day"": ""Sunday"", ""hours"": ""9\u202fAM to 10\u202fPM""}]","[""https://lh3.googleusercontent.com/gps-cs-s/AHVAweqsnlpXAIeoN5wV54HysX3z_A-04O7TFLyGIxvsq4eqggFPMkxGJRBnnAz8Tg_ITbg22s6ekI_pvs5R0RpjZ9XBA9V0y_db9Z3CXfagJ9gs9IZL_QQUv2pDH53g1wydAJSHFvI=w1920-h1080-k-no""]","[{""text"": ""Be prepare to wait if you don't have a rest"", ""rating"": 5, ""author"": ""Javier Mercado"", ""published"": ""a week ago""}, {""text"": ""One of the best servers I've ever encountered."", ""rating"": 5, ""author"": ""Krista Hanson"", ""published"": ""3 days ago""}, {""text"": ""Just amazing! But really amazing that line is worth it"", ""rating"": 5, ""author"": ""Harold Camilo"", ""published"": ""3 days ago""}]",,"{""standout_dishes"": [""Golden pancakes with honey butter"", ""Korean fried chicken"", ""Chicken katsu BLT""], ""vibe_and_service"": [""Cozy, cute little space that works well for brunch or lunch"", ""Warm, attentive staff, with one reviewer calling their server one of the best they've had""], ""wait_time_note"": ""The place is tiny, so walk-ins can wait 20 minutes to an hour or more, and reviewers recommend reserving ahead.""}"
r_bc147c,50.0,0.2137236684218951,0.02,0.88,4.31816733758813,4.142443699422881,0.0,4.31816733758813,Jongro BBQ,Chelsea,Korean,NYC,ChIJQ3Jl76hZwokRnS1-MQHYhZE,"22 W 32nd St 2nd floor, New York, NY 10001",4.5,5467.0,https://komriwzkkknrsirifgqg.supabase.co/storage/v1/object/public/restaurant-photos/r_bc147c.jpg,https://www.google.com/maps/search/?api=1&query=Jongro%20BBQ&query_place_id=ChIJQ3Jl76hZwokRnS1-MQHYhZE,75.0,40.7476718,-73.9869686,1.153,0.7234314980793854,10.0,0.0385952076092921,0.6848362904700933,5467.0,7665.0,1.0,1.0,10001.0,0.68,0.2058823529411764,0.2058823529411764,0.2941176470588235,0.1176470588235294,1.0,244.35294117647047,0.8078527507505399,(212) 473-2233,https://www.jongrobbqny.com/,"[{""day"": ""Monday"", ""hours"": ""11:30\u202fAM to 12\u202fAM""}, {""day"": ""Tuesday"", ""hours"": ""11:30\u202fAM to 12\u202fAM""}, {""day"": ""Wednesday"", ""hours"": ""11:30\u202fAM to 12\u202fAM""}, {""day"": ""Thursday"", ""hours"": ""11:30\u202fAM to 12\u202fAM""}, {""day"": ""Friday"", ""hours"": ""11:30\u202fAM to 1\u202fAM""}, {""day"": ""Saturday"", ""hours"": ""11:30\u202fAM to 1\u202fAM""}, {""day"": ""Sunday"", ""hours"": ""11:30\u202fAM to 12\u202fAM""}]","[""https://lh3.googleusercontent.com/gps-cs-s/AHVAwer2kauAT2e3T08joT2yOHCgQwlLdO0-0Fkvv9HVBVd4qDEkn4qGXzys2bTCFsW16sI62VCjNTaSIoGQtnU2dzT4TzOypJR6M5uYsj_J8gUsCmNGfMGWflhCz6VcEnjo8f0vhVG5=w1920-h1080-k-no""]","[{""text"": ""Good food. Perfect service. Music a bit loud"", ""rating"": 5, ""author"": ""Mehmet Karpuz"", ""published"": ""a month ago""}, {""text"": ""Took a group of 18 here, good was amazing and everyone had a blast."", ""rating"": 5, ""author"": ""Edward Eigerman"", ""published"": ""Edited 2 weeks ago""}, {""text"": ""Ribeye and pork belly, quick and great service, overall great vibe!"", ""rating"": 4, ""author"": ""Nate Powell"", ""published"": ""2 months ago""}]",,"{""standout_dishes"": [], ""vibe_and_service"": [""Fast, attentive service where the staff do all the cooking and cutting at the table"", ""Fun, lively atmosphere with servers in tracksuits, and it works well for groups (one review brought 18)"", ""High-quality, fresh meat that people feel lives up to the hype, though it's pricey""], ""wait_time_note"": ""Reviews are mixed: weekends can mean a wait (and one reviewer wasn't told when their table was ready), while others got in within about 10 minutes or didn't wait at all on a Saturday night, and one advises booking well ahead.""}"
r_c6e5fe,100.0,0.2107287526577765,0.01,0.89,4.4507713295573925,4.361104653119216,0.0,4.4507713295573925,Oxomoco,Greenpoint,Mexican,NYC,ChIJ__-z7kBZwokRezHqB39zBLI,"128 Greenpoint Ave, Brooklyn, NY 11222",4.5,2386.0,https://komriwzkkknrsirifgqg.supabase.co/storage/v1/object/public/restaurant-photos/r_c6e5fe.jpg,https://www.google.com/maps/search/?api=1&query=Oxomoco&query_place_id=ChIJ__-z7kBZwokRezHqB39zBLI,100.0,40.7298214,-73.955476,4.037,0.7678122380553227,10.0,0.027661357921207,0.7401508801341157,2386.0,4528.0,1.0,1.0,11222.0,0.68,0.1176470588235294,0.1470588235294117,0.5882352941176471,0.0588235294117647,0.8,331.5,0.7938178283080376,(646) 688-4180,https://www.oxomoconyc.com/,"[{""day"": ""Monday"", ""hours"": ""12 to 3\u202fPM, 5 to 10\u202fPM""}, {""day"": ""Tuesday"", ""hours"": ""12 to 3\u202fPM, 5 to 10\u202fPM""}, {""day"": ""Wednesday"", ""hours"": ""12 to 3\u202fPM, 5 to 10\u202fPM""}, {""day"": ""Thursday"", ""hours"": ""12 to 3\u202fPM, 5 to 10\u202fPM""}, {""day"": ""Friday"", ""hours"": ""12 to 3\u202fPM, 5 to 10\u202fPM""}, {""day"": ""Saturday"", ""hours"": ""11\u202fAM to 3\u202fPM, 5 to 10\u202fPM""}, {""day"": ""Sunday"", ""hours"": ""11\u202fAM to 3\u202fPM, 5 to 10\u202fPM""}]","[""https://lh3.googleusercontent.com/gps-cs-s/AHVAweqiReRhrNzH9MqaXU5S8Wg_yTQI1monLVLMtCbMDYw84axKtDuBJHz0lPdJDYRcdtAQyDtJHKzeP20UgP9fNtSz1dCkbuRYa4csT-jOmYIfz0u7bQJ0x8NCuUd10pxYPkVLnvmc1w=w1920-h1080-k-no""]","[{""text"": ""Insane dinner; all I can think about is returning. Red crispy rice? Yes, please!"", ""rating"": 5, ""author"": ""Jordan Bleckner"", ""published"": ""a week ago""}, {""text"": ""The food and wait staff embody a Michelin star establishment. The host not so much."", ""rating"": 5, ""author"": ""Bryan"", ""published"": ""a month ago""}, {""text"": ""What an amazing experience. Enjoyed my 10th year Anniversary here with my Wife and it was phenomenal."", ""rating"": 5, ""author"": ""Frank"", ""published"": ""a month ago""}]",,"{""standout_dishes"": [""Tuna tostada"", ""Flourless chocolate cake"", ""Beef cheek tacos"", ""Guacamole""], ""vibe_and_service"": [""Beautiful, welcoming space with creamy white decor and warm lighting"", ""Excellent service and a Michelin-starred meal that works well for date nights and anniversaries""], ""wait_time_note"": null}"
r_bcf94f,50.0,0.1866987905457259,0.0,0.94,4.06642941924872,4.206070894548487,0.1396414752997676,3.996608681598836,Thai Diner,SoHo,Thai,NYC,ChIJQyFr6-FZwokRr23JK7BC7_g,"186 Mott St, New York, NY 10012",4.4,2754.0,https://komriwzkkknrsirifgqg.supabase.co/storage/v1/object/public/restaurant-photos/r_bcf94f.jpg,https://www.google.com/maps/search/?api=1&query=Thai%20Diner&query_place_id=ChIJQyFr6-FZwokRr23JK7BC7_g,40.0,40.7207143,-73.99565,4.228,0.7530864197530864,10.0,0.0595497458242556,0.6935366739288308,2754.0,4996.0,1.0,1.0,10012.0,0.76,0.2631578947368421,0.2631578947368421,0.631578947368421,0.0789473684210526,1.0,303.10526315789474,0.7922395782665554,(646) 559-4140,http://www.thaidiner.com/,"[{""day"": ""Monday"", ""hours"": ""8:30\u202fAM to 10:30\u202fPM""}, {""day"": ""Tuesday"", ""hours"": ""8:30\u202fAM to 10:30\u202fPM""}, {""day"": ""Wednesday"", ""hours"": ""8:30\u202fAM to 10:30\u202fPM""}, {""day"": ""Thursday"", ""hours"": ""8:30\u202fAM to 11:30\u202fPM""}, {""day"": ""Friday"", ""hours"": ""8:30\u202fAM to 11:30\u202fPM""}, {""day"": ""Saturday"", ""hours"": ""10\u202fAM to 11:30\u202fPM""}, {""day"": ""Sunday"", ""hours"": ""10\u202fAM to 10:30\u202fPM""}]","[""https://lh3.googleusercontent.com/gps-cs-s/AHVAwepNiiWhnhSDnSomnatRfU2L5L8LNweJrOhrHSPvcBQVAiVD7dvkGAO1gZnL636ixHYBeSwXL5_1gY0YVn0KIksGN-GcSYvRDvajN0SvmU3GzxduwYj4e-0XyVdOvlJt8WHd-lAtJK6UHrNP=w1920-h1080-k-no""]","[{""text"": ""100% authentic thai food.\nBest lettuce wrap ever"", ""rating"": 5, ""author"": ""Chadwick Park"", ""published"": ""a week ago""}, {""text"": ""Always love going there the food is so tasty and the staff very friendly"", ""rating"": 5, ""author"": ""Isabelle Alix"", ""published"": ""4 days ago""}, {""text"": ""Surely one of the best restaurants in nyc and def in my top 2 thai spots"", ""rating"": 5, ""author"": ""Nish Sequeira"", ""published"": ""2 weeks ago""}]",,"{""standout_dishes"": [""Khao Soi"", ""Fresh oysters with green sauce"", ""Elephant Ear French toast""], ""vibe_and_service"": [""Lively but relaxed diner atmosphere with a fun Thai-American twist"", ""Friendly, welcoming servers and quick service even when packed"", ""Counter seating works well for solo diners""], ""wait_time_note"": ""Expect a wait, especially at peak times (one review said about 20 minutes, another mentioned much longer), so booking ahead is recommended.""}"
r_769966,50.0,0.2350249265040579,0.0,0.86,4.885847577113104,4.721335579960074,0.0,4.885847577113104,KJUN,Murray Hill,Korean,NYC,ChIJ7xJ4Rw9ZwokRhQQ-WKtoJFg,"154 E 39th St, New York, NY 10016",4.9,2038.0,https://komriwzkkknrsirifgqg.supabase.co/storage/v1/object/public/restaurant-photos/r_769966.jpg,https://www.google.com/maps/search/?api=1&query=KJUN&query_place_id=ChIJ7xJ4Rw9ZwokRhQQ-WKtoJFg,75.0,40.7490006,-73.9763719,1.265,0.930323846908734,10.0,0.0088321884200196,0.9214916584887144,2038.0,2860.0,1.0,2.0,10016.0,0.88,0.1363636363636363,0.0909090909090909,0.7272727272727273,0.0909090909090909,1.5,263.25,0.7801044955381926,(347) 675-8026,https://www.kjun-nyc.com/,"[{""day"": ""Monday"", ""hours"": ""Closed""}, {""day"": ""Tuesday"", ""hours"": ""11:30\u202fAM to 10\u202fPM""}, {""day"": ""Wednesday"", ""hours"": ""11:30\u202fAM to 3\u202fPM, 4 to 10\u202fPM""}, {""day"": ""Thursday"", ""hours"": ""11:30\u202fAM to 3\u202fPM, 4 to 10\u202fPM""}, {""day"": ""Friday"", ""hours"": ""11:30\u202fAM to 3\u202fPM, 4 to 10\u202fPM""}, {""day"": ""Saturday"", ""hours"": ""11:30\u202fAM to 10:30\u202fPM""}, {""day"": ""Sunday"", ""hours"": ""11:30\u202fAM to 8\u202fPM""}]","[""https://lh3.googleusercontent.com/gps-cs-s/AHVAwertAdtyqYuf0qcsve_muM8ZbUkWITpEDlXVrr2r08BStwgbZNFR8hAJCItwWADs7sybHNvqGzjBgV-GMuIVLvOWdh22FhDBrC7Ozfh6FHuUG-4KCy5XBezPErW0KQA43muMMuSgzZ1I3l8=w1920-h1080-k-no""]","[{""text"": ""Great Cajun-Korean fusion food and wonderful service from David!"", ""rating"": 5, ""author"": ""DF Chuang"", ""published"": ""2 weeks ago""}, {""text"": ""Food & atmosphere tremendous\u2014Ben was our server & he was wonderful & attentive. Thanks, Ben!"", ""rating"": 5, ""author"": ""Lan D. Ho"", ""published"": ""2 weeks ago""}, {""text"": ""Amazing food, highly recommend doing their sets. David is the best server! We will definitely be back to try the rest of their dishes"", ""rating"": 5, ""author"": ""Evelyn Chen"", ""published"": ""2 weeks ago""}]",Universally Loved,"{""standout_dishes"": [""Green tomato kimchi"", ""Galbi brisket and grits"", ""Fried chicken"", ""Cod beignets"", ""Honey butter chips""], ""vibe_and_service"": [""Warm, genuinely friendly servers who know the menu well, with Ben and David called out by name"", ""Cozy, intimate space with a feel-good atmosphere that works well for showing off a unique Korean-Cajun spot to visitors""], ""wait_time_note"": null}"
r_5c8ce9,50.0,0.2326261542573148,0.02,0.86,4.509855500754987,4.653389841749385,0.1435343409943978,4.438088330257788,Cho Dang Gol,Chelsea,Korean,NYC,ChIJU0c2Y6lZwokRKlyc_R8HN88,"55 W 35th St, New York, NY 10001",4.6,3048.0,https://komriwzkkknrsirifgqg.supabase.co/storage/v1/object/public/restaurant-photos/r_5c8ce9.jpg,https://www.google.com/maps/search/?api=1&query=Cho%20Dang%20Gol&query_place_id=ChIJU0c2Y6lZwokRKlyc_R8HN88,25.0,40.7501625,-73.9863713,0.873,0.7723097112860893,10.0,0.0334645669291338,0.7388451443569554,3048.0,5055.0,1.0,2.0,10001.0,0.64,0.28125,0.28125,0.375,0.1875,1.0,241.1875,0.7782068249418572,,https://chodanggolnyc.com/,"[{""day"": ""Monday"", ""hours"": ""12 to 2:30\u202fPM, 5 to 9:30\u202fPM""}, {""day"": ""Tuesday"", ""hours"": ""12 to 2:30\u202fPM, 5 to 9:30\u202fPM""}, {""day"": ""Wednesday"", ""hours"": ""12 to 2:30\u202fPM, 5 to 9:30\u202fPM""}, {""day"": ""Thursday"", ""hours"": ""12 to 2:30\u202fPM, 5 to 9:30\u202fPM""}, {""day"": ""Friday"", ""hours"": ""12 to 9:30\u202fPM""}, {""day"": ""Saturday"", ""hours"": ""12 to 9:30\u202fPM""}, {""day"": ""Sunday"", ""hours"": ""12 to 9:30\u202fPM""}]","[""https://lh3.googleusercontent.com/gps-cs-s/AHVAweoT-3KxGZvLhmjpQ_k2-5j-17Y0lcfH6D8EGetC7UW8NL1wtdDIzJzV6Dwcv5MvJ0jXPgnt02kl1ECeMFJGuCHsvbcpBXWaA200GioZ7MLWSk4EiBS8JX06gJeFUKU5dMiqTRSlLQ=w1920-h1080-k-no""]","[{""text"": ""Had an amazing meal here. Authentic service and the traditional ricewine was so tasty! Go early if you want to secure a spot! Gets crowded."", ""rating"": 5, ""author"": ""Lotte V.E."", ""published"": ""Edited 6 days ago""}, {""text"": ""I\u2019m not a fan of Korean food but foods here are really good. My personal favorite is sliced pork. The sauce is really special. Also recommended the oyster soup too if you don\u2019t like too spicy things"", ""rating"": 5, ""author"": ""M"", ""published"": ""2 weeks ago""}, {""text"": ""We waited about 45min -1 hr for the table but it was worth it!\nWe got the japchae, spicy tofu stew and the bibimbap. All we're delicious! Also tried the grape mocktail and it tasted like a green jolly rancher \ud83d\ude0a"", ""rating"": 5, ""author"": ""Jazmin Vazquez"", ""published"": ""a month ago""}]",,"{""standout_dishes"": [""Spicy seafood tofu stew"", ""Cod roe omelette"", ""Galbi jjim"", ""Oxtail soup""], ""vibe_and_service"": [""Attentive, fast service even when slammed, like fresh chopsticks arriving before you ask"", ""Lunch sets are generous and reasonably priced"", ""Good options for vegans and vegetarians""], ""wait_time_note"": ""Waits commonly run 90 minutes to 2 hours, even on weekdays, so grab a queue number or leave your phone number and explore the neighborhood, or show up right at opening to skip most of the line.""}"
r_6d9b6b,50.0,0.304934612108487,0.06,0.7,3.864722202704248,4.40463945917153,0.5399172564672821,3.5947635744706066,Oiji Mi,Chelsea,Korean,NYC,ChIJee0VTWZZwokRDYFpAoConlw,"17 W 19th St, New York, NY 10011",4.6,1224.0,https://komriwzkkknrsirifgqg.supabase.co/storage/v1/object/public/restaurant-photos/r_6d9b6b.jpg,https://www.google.com/maps/search/?api=1&query=Oiji%20Mi&query_place_id=ChIJee0VTWZZwokRDYFpAoConlw,100.0,40.7396687,-73.9924795,2.119,0.7883986928104575,10.0,0.0310457516339869,0.7573529411764706,1224.0,3558.0,0.0,1.0,10011.0,0.74,0.1621621621621621,0.081081081081081,0.4594594594594595,0.1081081081081081,2.0,388.1891891891892,0.7709554131041549,(212) 256-1259,http://www.oijimi.com/,"[{""day"": ""Monday"", ""hours"": ""5 to 10\u202fPM""}, {""day"": ""Tuesday"", ""hours"": ""5 to 10\u202fPM""}, {""day"": ""Wednesday"", ""hours"": ""5 to 10\u202fPM""}, {""day"": ""Thursday"", ""hours"": ""5 to 10\u202fPM""}, {""day"": ""Friday"", ""hours"": ""5 to 10\u202fPM""}, {""day"": ""Saturday"", ""hours"": ""5 to 10\u202fPM""}, {""day"": ""Sunday"", ""hours"": ""5 to 10\u202fPM""}]","[""https://lh3.googleusercontent.com/gps-cs-s/AHVAwer_-00SOZroBvmIsmg6KyG5Ssd5IEfLCJ0fgxft6aZ5Oim5SgsttL-GQVpxw1VffNte6CgI5enQP6s7A2wCF1F9cM-dCs-vAf7yuXARTk5Cs6O02t53vefY_jzOW62kmS3W-jnQeePkXUl5=w1920-h1080-k-no""]","[{""text"": ""My husband and I are obsessed w/ their Oiji Mi bowl \ud83d\udd25"", ""rating"": 5, ""author"": ""Khulan"", ""published"": ""Edited 3 weeks ago""}, {""text"": ""Amazing food and cocktails. We particularly enjoyed the lobster ramyun and melon vs. milk cocktail."", ""rating"": 5, ""author"": ""Nisha Modi"", ""published"": ""3 weeks ago""}, {""text"": ""the oiji bowl was really good - seaweed rice topped with salmon roe, uni, marinated cucumber, and shrimp!"", ""rating"": 5, ""author"": ""nicole"", ""published"": ""a month ago""}]",,"{""standout_dishes"": [""Oiji bowl with sea urchin and roe"", ""Chili lobster ramyun"", ""Goguma (sweet potato) dessert""], ""vibe_and_service"": [""Attentive, knowledgeable service that feels polished without being snobby"", ""Tasting menu lets couples pick different options per course so you can try more dishes"", ""Great for special occasions, and the bar seating works well with helpful bartender suggestions""], ""wait_time_note"": null}"
r_67dc9b,100.0,0.2104906053596262,0.0,0.9,4.635363258208105,4.59057182387158,0.0,4.635363258208105,Pine Restaurant,East Bronx,Italian,NYC,ChIJIcUqAKP0wokRJzfqJIeeYkA,"1913 Bronxdale Ave, Bronx, NY 10462",4.5,4748.0,https://komriwzkkknrsirifgqg.supabase.co/storage/v1/object/public/restaurant-photos/r_67dc9b.jpg,https://www.google.com/maps/search/?api=1&query=Pine%20Restaurant&query_place_id=ChIJIcUqAKP0wokRJzfqJIeeYkA,25.0,40.8487296,-73.8622597,14.531,0.7284600800505583,10.0,0.0381293448493785,0.6903307352011797,4747.0,3507.0,1.0,5.0,10462.0,0.6,0.1333333333333333,0.2,0.5333333333333333,0.3333333333333333,0.6666666666666666,234.86666666666667,0.7660196588153689,(718) 792-5956,http://fjpine.com/,"[{""day"": ""Monday"", ""hours"": ""11\u202fAM to 10\u202fPM""}, {""day"": ""Tuesday"", ""hours"": ""11\u202fAM to 10\u202fPM""}, {""day"": ""Wednesday"", ""hours"": ""11\u202fAM to 10\u202fPM""}, {""day"": ""Thursday"", ""hours"": ""11\u202fAM to 10\u202fPM""}, {""day"": ""Friday"", ""hours"": ""11\u202fAM to 11\u202fPM""}, {""day"": ""Saturday"", ""hours"": ""11\u202fAM to 11\u202fPM""}, {""day"": ""Sunday"", ""hours"": ""11\u202fAM to 10\u202fPM""}]","[""https://lh3.googleusercontent.com/gps-cs-s/AHVAweqAR2M1rKs1tyHlwxoKTKHDXSzxKV_7D55O30MPGio0uf-2uu9fXjQGzRkiaVIGdRc36hqHIA353XbvNnjKnu-Zn4QUutDDTSrH8xvptcn9Ba_I_VG4sdiWOXJSylynGGZSUd0Frw=w1920-h1080-k-no""]","[{""text"": ""Always delicious and outstanding service."", ""rating"": 5, ""author"": ""Corinne Phillips"", ""published"": ""a month ago""}, {""text"": ""Always get delicious food and a great portion to take home \ud83c\udfe1"", ""rating"": 5, ""author"": ""Benny Triscari"", ""published"": ""2 months ago""}, {""text"": ""Great for big groups, big portions of great food, exceptional service."", ""rating"": 5, ""author"": ""George Sferra"", ""published"": ""2 months ago""}]",Local Favorite,"{""standout_dishes"": [], ""vibe_and_service"": [""Great for big groups and family gatherings, with big portions and service that handles large parties with ease"", ""Attentive, friendly service and a beautiful, welcoming atmosphere that works for date night or a family dinner"", ""Valet parking is available, which helps since street parking is limited""], ""wait_time_note"": ""Make a reservation, since without one you should expect to wait at least 30 minutes, especially when it's busy.""}"
r_804f80,50.0,0.2146433343697303,0.04,0.9,4.533459596562927,4.694584355509896,0.1611247589469693,4.452897217089442,COTE Flatiron,Gramercy,Korean,NYC,ChIJQ1R3hKNZwokRQM4wbIrc00o,"16 W 22nd St, New York, NY 10010",4.6,3986.0,https://komriwzkkknrsirifgqg.supabase.co/storage/v1/object/public/restaurant-photos/r_804f80.jpg,https://www.google.com/maps/search/?api=1&query=COTE%20Flatiron&query_place_id=ChIJQ1R3hKNZwokRQM4wbIrc00o,100.0,40.7413041,-73.9912527,1.917,0.8043151028600101,10.0,0.0311088810837932,0.7732062217762168,3986.0,10651.0,1.0,5.0,10010.0,0.74,0.054054054054054,0.081081081081081,0.7567567567567568,0.1081081081081081,0.6666666666666666,465.2972972972973,0.7643742498287893,(212) 401-7886,https://www.cotekoreansteakhouse.com/,"[{""day"": ""Monday"", ""hours"": ""5 to 11\u202fPM""}, {""day"": ""Tuesday"", ""hours"": ""5 to 11\u202fPM""}, {""day"": ""Wednesday"", ""hours"": ""5 to 11\u202fPM""}, {""day"": ""Thursday"", ""hours"": ""5\u202fPM to 12\u202fAM""}, {""day"": ""Friday"", ""hours"": ""5\u202fPM to 12\u202fAM""}, {""day"": ""Saturday"", ""hours"": ""5\u202fPM to 12\u202fAM""}, {""day"": ""Sunday"", ""hours"": ""5 to 11\u202fPM""}]","[""https://lh3.googleusercontent.com/gps-cs-s/AHVAwepLGxXZ1qx4c9KLlpP0EfkUrFYqjOGfG19e7-Ks9dGNLCU4Ga-0fZtvKQ6q4w6OneVUgrwDLeacrk5iFc3dpMzBf8hs02d8a5wPXus17IFKszDEzsn1ABSqSWj4WZTeaYUR3AE=w1920-h1080-k-no""]","[{""text"": ""Great food and service, worth every buck"", ""rating"": 5, ""author"": ""Salil Maharjan"", ""published"": ""a month ago""}, {""text"": ""One of the best dinners of my life - set menu for 2 was amazing"", ""rating"": 5, ""author"": ""girl gone world"", ""published"": ""Edited 3 weeks ago""}, {""text"": ""Soy sauce salted caramel soft serve was an unexpected and incredible move!"", ""rating"": 5, ""author"": ""Christie Ray Harrison"", ""published"": ""a month ago""}]",,"{""standout_dishes"": [""Butcher's Feast steak set"", ""Soy sauce soft serve"", ""Okra side dish""], ""vibe_and_service"": [""Attentive, knowledgeable staff who explain the cuts while they grill at your table"", ""Upscale but lively atmosphere, good for special occasions, with tableside hoods that keep smoke off your clothes and hair""], ""wait_time_note"": ""Reservations are hard to get and fill up fast, and a couple of reviewers say the schedule is tight, with one waiting 20 minutes past their time and another asked to leave after about 80 minutes, so book well ahead and plan on roughly an hour and a half at the table.""}"
r_e5e3d3,50.0,0.2227535324444134,0.02,0.88,4.265773967929018,4.309808947179065,0.0440349792500471,4.243756478303995,Din Tai Fung 鼎泰豐,Midtown East,Chinese,NYC,ChIJzRA7agBZwokRbSxOyEGFG5U,"1633 Broadway, New York, NY 10022",4.3,2130.0,https://komriwzkkknrsirifgqg.supabase.co/storage/v1/object/public/restaurant-photos/r_e5e3d3.jpg,https://www.google.com/maps/search/?api=1&query=Din%20Tai%20Fung%20%E9%BC%8E%E6%B3%B0%E8%B1%90&query_place_id=ChIJzRA7agBZwokRbSxOyEGFG5U,75.0,40.7621135,-73.9840022,0.474,0.7276995305164319,9.839160839160838,0.0671361502347417,0.6605633802816901,2130.0,6067.0,1.0,3.0,10022.0,0.68,0.2941176470588235,0.1764705882352941,0.8823529411764706,0.2058823529411764,1.6666666666666667,429.0882352941176,0.762951197095424,(212) 287-9178,https://dtf.com/en/locations/new-york,"[{""day"": ""Monday"", ""hours"": ""11\u202fAM to 10:30\u202fPM""}, {""day"": ""Tuesday"", ""hours"": ""11\u202fAM to 10:30\u202fPM""}, {""day"": ""Wednesday"", ""hours"": ""11\u202fAM to 10:30\u202fPM""}, {""day"": ""Thursday"", ""hours"": ""11\u202fAM to 10:30\u202fPM""}, {""day"": ""Friday"", ""hours"": ""11\u202fAM to 12\u202fAM""}, {""day"": ""Saturday"", ""hours"": ""10\u202fAM to 12\u202fAM""}, {""day"": ""Sunday"", ""hours"": ""10\u202fAM to 10:30\u202fPM""}]","[""https://lh3.googleusercontent.com/gps-cs-s/AHVAweoDWT6t0uTI_W3leRCaR7P2sMhL2sWt5c9E6ka5_D7IGhuFdzgMXmCAaXNkyD3ox9foFa2xb3z7GWF4ibvAt3kKX3S-4B04kKpmlAlqby77Hq2uKpBIcf4tN6V61gsdZaJyA4w0iIWbHWc=w1920-h1080-k-no""]","[{""text"": ""Great dumplings yet a bit industrialized."", ""rating"": 4, ""author"": ""Brian Konczak"", ""published"": ""6 hours ago""}, {""text"": ""Incredible food! The spicy chicken wontons and the chocolate mochi XLB were my favorites."", ""rating"": 5, ""author"": ""Alex Karambelas"", ""published"": ""2 days ago""}, {""text"": ""Flawless every time - and on this occasion we try the desert black seseme dumpling - incredible \ud83e\udef6\ud83c\udffc"", ""rating"": 5, ""author"": ""Bridge F"", ""published"": ""4 days ago""}]",,"{""standout_dishes"": [""Chocolate xiao long bao"", ""Pork xiao long bao soup dumplings"", ""Spicy wontons"", ""Spicy sesame noodles""], ""vibe_and_service"": [""Attentive, friendly servers who explain the dishes and make the meal more fun"", ""Cool, inviting atmosphere, with a pleasant waiting area and a downstairs dining room"", ""Consistent quality and neatly made dumplings, with prices that feel reasonable for what you get""], ""wait_time_note"": ""Expect a wait, since the place is big and busy; one group put their name on the Yelp waitlist through Google Maps and was seated in about 40 minutes, though another reviewer felt the long wait wasn't worth it.""}"
r_2b1e79,50.0,0.2366969192678571,0.02,0.82,4.03414893472478,3.937006742328992,0.0,4.03414893472478,Bamonte's,Williamsburg,Italian,NYC,ChIJxRbhJZbmXIgRXq5i2VErjJ4,"32 Withers St, Brooklyn, NY 11211",4.5,1296.0,https://komriwzkkknrsirifgqg.supabase.co/storage/v1/object/public/restaurant-photos/r_2b1e79.jpg,https://www.google.com/maps/search/?api=1&query=Bamonte's&query_place_id=ChIJxRbhJZbmXIgRXq5i2VErjJ4,75.0,40.7166048,-73.9512389,5.44,0.7785493827160493,10.0,0.0362654320987654,0.7422839506172839,1296.0,1080.0,1.0,2.0,11211.0,0.74,0.3783783783783784,0.2702702702702703,0.3783783783783784,0.081081081081081,1.4,346.4864864864865,0.7589704051763901,(718) 384-8831,https://bamontes.shop/,"[{""day"": ""Monday"", ""hours"": ""Closed""}, {""day"": ""Tuesday"", ""hours"": ""Closed""}, {""day"": ""Wednesday"", ""hours"": ""12 to 10\u202fPM""}, {""day"": ""Thursday"", ""hours"": ""12 to 10\u202fPM""}, {""day"": ""Friday"", ""hours"": ""12 to 11\u202fPM""}, {""day"": ""Saturday"", ""hours"": ""12 to 11\u202fPM""}, {""day"": ""Sunday"", ""hours"": ""1 to 10\u202fPM""}]","[""https://lh3.googleusercontent.com/gps-cs-s/AHVAwepS6Oh7f1rafV918pqmEutffK3ePVIm_xBKt8lgKAbTPR_Q7snQSZFrOIEX6vV0VvZ3KZq3ECjFiJ-0uZy6dC0cZ38o8g0i8WJskJtJF3EPUhFAYBLnOi3T_0EdmX4OjYgBqLcQ=w1920-h1080-k-no""]","[{""text"": ""Love it old school  restaurant love the service"", ""rating"": 5, ""author"": ""Dominic Potato"", ""published"": ""Edited 3 months ago""}, {""text"": ""The food was not what I expected but I\u2019m not saying it was bad"", ""rating"": 4, ""author"": ""\uc0c8\ubbf8"", ""published"": ""2 weeks ago""}, {""text"": ""Loved it here, atmosphere is old school and super charming. And great Italian American tri state food"", ""rating"": 5, ""author"": ""Christopher Blair"", ""published"": ""2 months ago""}]",,"{""standout_dishes"": [""Chicken parmigiana"", ""Baked clams"", ""Eggplant""], ""vibe_and_service"": [""Old-school, time-capsule atmosphere with classic decor, dim lighting, and old-world charm"", ""Warm, attentive, family-run service with a manager who checks in on tables"", ""Valet parking makes getting there easy""], ""wait_time_note"": ""It's often crowded and one reviewer says there's almost always a wait, but they take and honor reservations (even on short notice), so call ahead.""}"
r_f36ec1,50.0,0.2131421207394007,0.0,0.9,4.4978221259735,4.754765443636511,0.2569433176630111,4.369350467141995,SAPPEISAN,Chelsea,Thai,NYC,ChIJh3cIsH1ZwokRpskBmPrszuU,"240 W 14th St, New York, NY 10011",4.9,5063.0,https://komriwzkkknrsirifgqg.supabase.co/storage/v1/object/public/restaurant-photos/r_f36ec1.jpg,https://www.google.com/maps/search/?api=1&query=SAPPEISAN&query_place_id=ChIJh3cIsH1ZwokRpskBmPrszuU,75.0,40.7391403,-74.0018035,2.511,0.9350187635789058,10.0,0.0100730792020541,0.9249456843768517,5063.0,4550.0,1.0,2.0,10011.0,0.8,0.125,0.05,0.525,0.025,2.5,197.9,0.7589064684733134,(212) 466-6361,http://sappeisan.com/,"[{""day"": ""Monday"", ""hours"": ""12 to 3:30\u202fPM, 5 to 10\u202fPM""}, {""day"": ""Tuesday"", ""hours"": ""12 to 3:30\u202fPM, 5 to 10\u202fPM""}, {""day"": ""Wednesday"", ""hours"": ""12 to 3:30\u202fPM, 5 to 10\u202fPM""}, {""day"": ""Thursday"", ""hours"": ""12 to 3:30\u202fPM, 5 to 10\u202fPM""}, {""day"": ""Friday"", ""hours"": ""12 to 3:30\u202fPM, 5 to 11\u202fPM""}, {""day"": ""Saturday"", ""hours"": ""12 to 3:30\u202fPM, 5 to 11\u202fPM""}, {""day"": ""Sunday"", ""hours"": ""12 to 3:30\u202fPM, 5 to 10\u202fPM""}]","[""https://lh3.googleusercontent.com/gps-cs-s/AHVAwepG_mze0D37t6TUeQ2rDvYmpLBr2HU4tesuE8jHlJfuNKIVqWjQguYStc9xlAAjQ3XdEuBeU6O_pX_CxU3-KNnIRsGXLvW4xnBy5gHhW9MLC1bbPBUP3IUE9P-mShEoEV9a2SIcrIwsfksu=w1920-h1080-k-no""]","[{""text"": ""Loved this place!  Great and unique food!"", ""rating"": 5, ""author"": ""B B"", ""published"": ""a week ago""}, {""text"": ""Pretty good Thai spot. Definitely not a 4.9."", ""rating"": 4, ""author"": ""Stefan"", ""published"": ""a week ago""}, {""text"": ""I will come again! Food was amazing, and Yoyo make us feel very welcome"", ""rating"": 5, ""author"": ""Carlos De Moya"", ""published"": ""a week ago""}]",,"{""standout_dishes"": [""Fried enoki mushrooms"", ""Steamed branzino with broth"", ""Beef noodle dish""], ""vibe_and_service"": [""Servers get repeated shout-outs by name (Yoyo, Jimmy, Oab) for friendly, helpful recommendations"", ""Lively, casual space with great decor, and lots of people come back for a second visit within days or weeks""], ""wait_time_note"": null}"
r_a86d77,50.0,0.2488994808461447,0.02,0.84,4.431394026440055,4.309713872972695,0.0,4.431394026440055,Astoria Seafood,Long Island City,Seafood,NYC,ChIJ-ecLnC5fwokRTsOuoOsTC6U,"37-10 33rd St, Long Island City, NY 11101",4.3,1684.0,https://komriwzkkknrsirifgqg.supabase.co/storage/v1/object/public/restaurant-photos/r_a86d77.jpg,https://www.google.com/maps/search/?api=1&query=Astoria%20Seafood&query_place_id=ChIJ-ecLnC5fwokRTsOuoOsTC6U,25.0,40.7540046,-73.9298607,4.75,0.7826603325415677,8.027397260273972,0.0866983372921615,0.6959619952494062,1684.0,2538.0,1.0,3.0,11101.0,0.66,0.696969696969697,0.0606060606060606,0.3939393939393939,0.0909090909090909,11.5,279.7878787878788,0.7587917850034116,(718) 392-2680,http://www.astoriaseafoodny.com/,"[{""day"": ""Monday"", ""hours"": ""Closed""}, {""day"": ""Tuesday"", ""hours"": ""12 to 10\u202fPM""}, {""day"": ""Wednesday"", ""hours"": ""12 to 10\u202fPM""}, {""day"": ""Thursday"", ""hours"": ""12 to 10\u202fPM""}, {""day"": ""Friday"", ""hours"": ""12 to 10\u202fPM""}, {""day"": ""Saturday"", ""hours"": ""12 to 10\u202fPM""}, {""day"": ""Sunday"", ""hours"": ""Closed""}]","[""https://lh3.googleusercontent.com/gps-cs-s/AHVAweo7MeltYAP7ih9BOihtmyLRAIlo1ZxeN9tjOl3yuuCfJLg81w0GCWMNVgnUouf6p3lZcjRQ5_9viO_ACIrZwgqly1K1oXcaGcS0vVSC1o-uKIiHG3hyH7oCOgYCmhZXJG9CqWcIlpC82-OY=w1920-h1080-k-no""]","[{""text"": ""Very good seafood here, always fresh and good price."", ""rating"": 5, ""author"": ""Cathy Guo"", ""published"": ""3 weeks ago""}, {""text"": ""Fresh and tasty seafood, homey atmosphere. An evening to enjoy :)"", ""rating"": 5, ""author"": ""bianca migliori"", ""published"": ""3 months ago""}, {""text"": ""Great option for local low key lunch, dinner or takeout! Never gets old!!"", ""rating"": 5, ""author"": ""Eugenia T"", ""published"": ""2 months ago""}]",,"{""standout_dishes"": [""Grilled scallops"", ""Lemon potatoes"", ""Fried shrimp"", ""Calamari""], ""vibe_and_service"": [""Super fresh seafood you pick yourself and they cook to order"", ""Cheap, fair prices for the quality"", ""Friendly, helpful staff behind the counter""], ""wait_time_note"": ""Lunch and dinner get packed and chaotic, so expect a wait for a table and a slow kitchen; if you order online, do it well ahead of time and assume it'll be later than quoted.""}"
r_e36e90,50.0,0.2137150174310457,0.0,0.88,4.099103716484566,4.430912525376009,0.3318088088914424,3.933199312038845,The Commerce Inn,West Village,Brunch,NYC,ChIJ-SBoguRZwokRmTRHDYXw0EI,"50 Commerce St, New York, NY 10014",4.4,438.0,https://komriwzkkknrsirifgqg.supabase.co/storage/v1/object/public/restaurant-photos/r_e36e90.jpg,https://www.google.com/maps/search/?api=1&query=The%20Commerce%20Inn&query_place_id=ChIJ-SBoguRZwokRmTRHDYXw0EI,25.0,40.7313538,-74.0057057,3.42,0.7397260273972602,10.0,0.0547945205479452,0.684931506849315,438.0,543.0,1.0,8.0,10014.0,0.68,0.2352941176470588,0.2058823529411764,0.4117647058823529,0.088235294117647,1.1428571428571428,285.05882352941177,0.7569587523722505,,https://www.thecommerceinn.com/,"[{""day"": ""Monday"", ""hours"": ""9\u202fAM to 3\u202fPM, 4 to 11\u202fPM""}, {""day"": ""Tuesday"", ""hours"": ""9\u202fAM to 3\u202fPM, 4 to 11\u202fPM""}, {""day"": ""Wednesday"", ""hours"": ""9\u202fAM to 3\u202fPM, 4 to 11\u202fPM""}, {""day"": ""Thursday"", ""hours"": ""9\u202fAM to 3\u202fPM, 4 to 11\u202fPM""}, {""day"": ""Friday"", ""hours"": ""9\u202fAM to 3\u202fPM, 4 to 11\u202fPM""}, {""day"": ""Saturday"", ""hours"": ""9\u202fAM to 3\u202fPM, 4 to 11\u202fPM""}, {""day"": ""Sunday"", ""hours"": ""9\u202fAM to 3\u202fPM, 4 to 11\u202fPM""}]","[""https://lh3.googleusercontent.com/gps-cs-s/AHVAwerYDpPz5qSn2xYgOV2KyCEPf3LQC-xq9EyrmfRREvVfnc0p7GoJFLepvQ7vlyJoHFN-FznoUHtlEY_NKm63zXQNQGfRwyg0MrOtF40gDIezGgVqqzsCbnUe2Fw14e2YpwAf-pZW=w1920-h1080-k-no""]","[{""text"": ""Amazing food in a unique location in NYC"", ""rating"": 5, ""author"": ""Stephen"", ""published"": ""2 months ago""}, {""text"": ""Super cozy and food was amazing!! Great service too."", ""rating"": 5, ""author"": ""fm"", ""published"": ""2 months ago""}, {""text"": ""The food was okay nothing special! Didn\u2019t get the hype"", ""rating"": 1, ""author"": ""Sandra Gad"", ""published"": ""a month ago""}]",,"{""standout_dishes"": [""Fluffy buttermilk pancakes with berries"", ""Fresh-squeezed orange juice"", ""Steak and eggs""], ""vibe_and_service"": [""Cozy, rustic cabin or English cottage feel with thoughtful decor"", ""Friendly, helpful staff who accommodate requests like smaller portions or swapped eggs"", ""Endless coffee and nice touches like a birthday candle on the pancakes""], ""wait_time_note"": ""Reservations help, and weekdays are calmer (one party walked in and sat right away), but on a Saturday morning walk-ins waited about 30 minutes, with a text sent when the table was ready.""}"
r_2ca329,50.0,0.2145938969474205,0.0,0.9,4.012378150384495,4.302192360804841,0.2898142104203458,3.867471045174322,Kiki's,Lower East Side,Greek,NYC,ChIJD-1a9ChawokRnTSi_Et62x4,"130 Division St, New York, NY 10002",4.4,2450.0,https://komriwzkkknrsirifgqg.supabase.co/storage/v1/object/public/restaurant-photos/r_2ca329.jpg,https://www.google.com/maps/search/?api=1&query=Kiki's&query_place_id=ChIJD-1a9ChawokRnTSi_Et62x4,25.0,40.7145497,-73.9918591,4.853,0.726938775510204,10.0,0.0522448979591836,0.6746938775510204,2450.0,1919.0,1.0,1.0,10002.0,0.66,0.3939393939393939,0.0909090909090909,0.5757575757575758,0.1818181818181818,4.333333333333333,330.030303030303,0.7550071662131148,(646) 882-7052,http://kikisnyc.com/,"[{""day"": ""Monday"", ""hours"": ""12 to 11\u202fPM""}, {""day"": ""Tuesday"", ""hours"": ""12\u202fPM to 12\u202fAM""}, {""day"": ""Wednesday"", ""hours"": ""12\u202fPM to 12\u202fAM""}, {""day"": ""Thursday"", ""hours"": ""12\u202fPM to 12\u202fAM""}, {""day"": ""Friday"", ""hours"": ""12\u202fPM to 12\u202fAM""}, {""day"": ""Saturday"", ""hours"": ""12\u202fPM to 12\u202fAM""}, {""day"": ""Sunday"", ""hours"": ""12 to 11\u202fPM""}]","[""https://lh3.googleusercontent.com/gps-cs-s/AHVAwepmQ1xk-f2tbLPCdkgRZXbCnhRrKwlcZmQ5mAGzRcIFJsKzTLTEWtcrmK0I4SIXEoHKQvPFd4jWYv0EPD7SD2obFzunzAHOVC4_UX5yq1Jt56vs3eKNFZjcY--1ATqHx4uJNN8D=w1920-h1080-k-no""]","[{""text"": ""Everything was amazing and very good service."", ""rating"": 5, ""author"": ""Patricia Poveda Ruiz"", ""published"": ""a month ago""}, {""text"": ""The best Greek restaurant in nyc so far for me"", ""rating"": 5, ""author"": ""tazo akhobadze"", ""published"": ""a month ago""}, {""text"": ""The best. Been consistently going for 10+ years and it's never missed the mark."", ""rating"": 5, ""author"": ""Alec Olander"", ""published"": ""5 days ago""}]",,"{""standout_dishes"": [""Grilled octopus"", ""Lemon potatoes"", ""Mixed grill / meat platter""], ""vibe_and_service"": [""Cozy, lively taverna feel with friendly, quick service even when packed"", ""Good value for the portion sizes and quality, with a mixed grill that's a great deal"", ""Welcoming touches like coat hooks and Greek decor, and a good pick for a date night or sharing with friends""], ""wait_time_note"": ""It's mostly walk-in only with no reservations for small groups, so expect a wait (one reviewer waited an hour on a Tuesday night); going early or at an odd time helps, and there are bars nearby to grab a drink while you wait.""}"
r_1a9001,50.0,0.229585933712103,0.02,0.88,4.327969934244699,4.343584999287923,0.0156150650432245,4.320162401723087,Osamil,Chelsea,Korean,NYC,ChIJjzU486hZwokRR1xdL_9PWPU,"5 W 31st St, New York, NY 10001",4.5,1553.0,https://komriwzkkknrsirifgqg.supabase.co/storage/v1/object/public/restaurant-photos/r_1a9001.jpg,https://www.google.com/maps/search/?api=1&query=Osamil&query_place_id=ChIJjzU486hZwokRR1xdL_9PWPU,35.0,40.746961,-73.9864309,1.228,0.7276239536381197,10.0,0.0264005151320025,0.7012234385061172,1553.0,3293.0,1.0,7.0,10001.0,0.62,0.2258064516129032,0.064516129032258,0.5161290322580645,0.1290322580645161,3.5,423.61290322580646,0.7505247808951623,(212) 300-4713,https://www.osamil.com/,"[{""day"": ""Monday"", ""hours"": ""5 to 11\u202fPM""}, {""day"": ""Tuesday"", ""hours"": ""5 to 11\u202fPM""}, {""day"": ""Wednesday"", ""hours"": ""5 to 11\u202fPM""}, {""day"": ""Thursday"", ""hours"": ""5 to 11\u202fPM""}, {""day"": ""Friday"", ""hours"": ""5\u202fPM to 1\u202fAM""}, {""day"": ""Saturday"", ""hours"": ""5\u202fPM to 1\u202fAM""}, {""day"": ""Sunday"", ""hours"": ""5 to 11\u202fPM""}]","[""https://lh3.googleusercontent.com/gps-cs-s/AHVAweoLvi90j49F9Tc5iEurF96eI16Vje0Iet6s3QrjWAAxMqgxZqSgu76jQfERJOyyL8L39UKZDYj9eRtHRLJgFrNRL0XHX_hp4vXmta2p84OBuIQtuqs3zFFi64ar877Wuj9rJx4s=w1920-h1080-k-no""]","[{""text"": ""10/10 incredible meal. The wings were extraordinary. A must!"", ""rating"": 5, ""author"": ""Alana de Haan"", ""published"": ""2 months ago""}, {""text"": ""Best thing is kimchi fried rice with steak\ud83d\ude0d\ud83d\ude0d and truffle fries"", ""rating"": 5, ""author"": ""Suling Zhou"", ""published"": ""a month ago""}, {""text"": ""The bar upstairs is a must!!! So beautiful and drinks were great."", ""rating"": 5, ""author"": ""C"", ""published"": ""3 months ago""}]",,"{""standout_dishes"": [""Tteokbokki (rose tteokbokki)"", ""Craft cocktails (carrot, negroni, old fashioned, espresso martini)""], ""vibe_and_service"": [""Beautiful, moody speakeasy-style bar upstairs with great decor"", ""Great atmosphere with creative signature cocktails and good music"", ""Friendly, attentive service in several reviews, though some find it pushy about time limits""], ""wait_time_note"": ""Reservations are hard to get so book ahead, and expect a roughly 2-hour table limit that some guests say was enforced strictly.""}"
r_687d2d,50.0,0.2145992141615757,0.0,0.86,4.120724121370947,4.068872732748419,0.0,4.120724121370947,Scarr's Pizza,Lower East Side,Pizza,NYC,ChIJOUqatilawokRguvFSj0wX7Y,"35 Orchard St, New York, NY 10002",4.4,4613.0,https://komriwzkkknrsirifgqg.supabase.co/storage/v1/object/public/restaurant-photos/r_687d2d.jpg,https://www.google.com/maps/search/?api=1&query=Scarr's%20Pizza&query_place_id=ChIJOUqatilawokRguvFSj0wX7Y,15.0,40.7157238,-73.9916115,4.721,0.7298937784522003,10.0,0.0487752005202688,0.6811185779319315,4613.0,3220.0,1.0,1.0,10002.0,0.76,0.1842105263157894,0.2105263157894736,0.3421052631578947,0.1052631578947368,0.875,247.76315789473685,0.7496839154819496,(212) 334-3481,http://www.scarrspizza.com/,"[{""day"": ""Monday"", ""hours"": ""11:30\u202fAM to 11\u202fPM""}, {""day"": ""Tuesday"", ""hours"": ""11:30\u202fAM to 11\u202fPM""}, {""day"": ""Wednesday"", ""hours"": ""11:30\u202fAM to 11\u202fPM""}, {""day"": ""Thursday"", ""hours"": ""11:30\u202fAM to 11\u202fPM""}, {""day"": ""Friday"", ""hours"": ""11:30\u202fAM to 1\u202fAM""}, {""day"": ""Saturday"", ""hours"": ""11:30\u202fAM to 1\u202fAM""}, {""day"": ""Sunday"", ""hours"": ""11:30\u202fAM to 11\u202fPM""}]","[""https://lh3.googleusercontent.com/gps-cs-s/AHVAweqRHyN46TuBWlJjm37BFtbnXa8n4ZxrsOD8IlbZf-JvTpz6lTkhT4jmvTYS9wM-0NfSssepFbOGWM92IdNqnU3GHCjyA0815CDaTa_Y2MTD3IVmQ3RHEwArL5uYu-i1fQ1z6fP7sUN-_b32=w1920-h1080-k-no""]","[{""text"": ""Absolute trash service and mediocre at best pizza."", ""rating"": 1, ""author"": ""Luke Cleary"", ""published"": ""a month ago""}, {""text"": ""Pretty good pizza, picked up a slice, service is alright."", ""rating"": 4, ""author"": ""Shravankumar Hiregoudar"", ""published"": ""19 hours ago""}, {""text"": ""Okay pizza; think L'Industry pizza in West village is the best."", ""rating"": 3, ""author"": ""Rajeevkumar Selvakumar"", ""published"": ""3 weeks ago""}]",,"{""standout_dishes"": [""Pepperoni pizza"", ""Pizza slices""], ""vibe_and_service"": [""Great music playing"", ""Free printed photos available at the entrance""], ""wait_time_note"": null}"
r_65ee6d,50.0,0.2528419796939241,0.0,0.82,4.9199388687009264,4.94678878632726,0.0268499176263334,4.90651390988776,Soothr LIC,Long Island City,Thai,NYC,ChIJ4RKaDwBZwokRKQRpjlpmObQ,"25-20 43rd Ave, Long Island City, NY 11101",4.9,4177.0,https://komriwzkkknrsirifgqg.supabase.co/storage/v1/object/public/restaurant-photos/r_65ee6d.jpg,https://www.google.com/maps/search/?api=1&query=Soothr%20LIC&query_place_id=ChIJ4RKaDwBZwokRKQRpjlpmObQ,75.0,40.7482943,-73.9418939,3.86,0.9509217141489108,10.0,0.0040699066315537,0.946851807517357,4177.0,2686.0,1.0,1.0,11101.0,0.76,0.0526315789473684,0.0,0.4210526315789473,0.0,2.0,106.63157894736842,0.7490143772665719,(929) 554-9955,http://soothrlic.com/,"[{""day"": ""Monday"", ""hours"": ""11:30\u202fAM to 3:30\u202fPM, 5 to 10\u202fPM""}, {""day"": ""Tuesday"", ""hours"": ""11:30\u202fAM to 3:30\u202fPM, 5 to 10\u202fPM""}, {""day"": ""Wednesday"", ""hours"": ""11:30\u202fAM to 3:30\u202fPM, 5 to 10\u202fPM""}, {""day"": ""Thursday"", ""hours"": ""11:30\u202fAM to 3:30\u202fPM, 5 to 10\u202fPM""}, {""day"": ""Friday"", ""hours"": ""11:30\u202fAM to 3:30\u202fPM, 5 to 10\u202fPM""}, {""day"": ""Saturday"", ""hours"": ""11:30\u202fAM to 3:30\u202fPM, 5 to 10\u202fPM""}, {""day"": ""Sunday"", ""hours"": ""11:30\u202fAM to 3:30\u202fPM, 5 to 10\u202fPM""}]","[""https://lh3.googleusercontent.com/gps-cs-s/AHVAweqJfujGYa2A4sswRyLJBATdYPJghu9LQjJoVD7vx0OxJIpW5K6hU9UHhSXduCNRL_uJkDL9bf-w5o0sY0JITKQ1xUZm6lH1teePmJPzC38MipFF4oOIAwk7Wciq8RoV3e0jfa9AIgC0zsXc=w1920-h1080-k-no""]","[{""text"": ""Bonita is the best! The curry is unbelievable, and the sorbet was perfect and not overly sweet. If you\u2019re looking for real Thai food - this is it!"", ""rating"": 5, ""author"": ""Michael Foley"", ""published"": ""2 days ago""}, {""text"": ""I had a lot of Thai food in my time, but I can easily say this is TOP DOG.\n\n(My photos don't do it justice).\n\nI got the shrimp curry and there was a lotta shrimp in it"", ""rating"": 5, ""author"": ""Kyriacos Yerou"", ""published"": ""8 hours ago""}, {""text"": ""Came here with a group of friends to celebrate our birthdays and we had such a great time! The food was incredible! Would definitely recommend the duck curry and the chicken kao soi. Our server Bonita was so kind and welcoming, and overall we had a wonderful evening!"", ""rating"": 5, ""author"": ""KellyAnne Tang"", ""published"": ""Edited 20 hours ago""}]",Universally Loved,"{""standout_dishes"": [""Crab fried rice"", ""Duck curry"", ""Chicken kao soi""], ""vibe_and_service"": [""Gorgeous interior with a lively, full dining room and great vibes"", ""Attentive, friendly servers (Bonita, Tae, Book, and others get named repeatedly)"", ""Works well for group dinners and birthday celebrations""], ""wait_time_note"": null}"
r_0319ff,50.0,0.1777754623849224,0.0,0.92,4.364663196091688,4.358991757356455,0.0,4.364663196091688,COQODAQ,Gramercy,Restaurant,NYC,ChIJp-hnIhNZwokRq1FijMduZrM,"12 E 22nd St, New York, NY 10010",4.3,1523.0,https://komriwzkkknrsirifgqg.supabase.co/storage/v1/object/public/restaurant-photos/r_0319ff.jpg,https://www.google.com/maps/search/?api=1&query=COQODAQ&query_place_id=ChIJp-hnIhNZwokRq1FijMduZrM,100.0,40.7400559,-73.9887467,2.011,0.7183191070256073,10.0,0.051871306631648,0.6664478003939593,1523.0,3605.0,1.0,2.0,10010.0,0.74,0.2162162162162162,0.4324324324324324,0.7567567567567568,0.2432432432432432,0.5,533.972972972973,0.7469774094492859,(646) 490-5099,https://coqodaq.com/,"[{""day"": ""Monday"", ""hours"": ""12 to 3\u202fPM, 5 to 11\u202fPM""}, {""day"": ""Tuesday"", ""hours"": ""12 to 3\u202fPM, 5 to 11\u202fPM""}, {""day"": ""Wednesday"", ""hours"": ""12 to 3\u202fPM, 5 to 11\u202fPM""}, {""day"": ""Thursday"", ""hours"": ""12 to 3\u202fPM, 5 to 11\u202fPM""}, {""day"": ""Friday"", ""hours"": ""12 to 3\u202fPM, 5 to 11\u202fPM""}, {""day"": ""Saturday"", ""hours"": ""11:30\u202fAM to 3\u202fPM, 5 to 11\u202fPM""}, {""day"": ""Sunday"", ""hours"": ""11:30\u202fAM to 3\u202fPM, 5 to 11\u202fPM""}]","[""https://lh3.googleusercontent.com/gps-cs-s/AHVAwepP5KxbKtXp7N8EBMu8VmOVCwMDD2twDJwxhBgeYuwHGrUtncNJiLkV9tFn6kPRc3lX3uadFn56XoGtkbM24hE_zkUcga2EZeeDIp6_rpkenKcdnjkwH51rc0NlIM4WLqswRuWL1g=w1920-h1080-k-no""]","[{""text"": ""Alina and Ashley made our experience amazing. Thank you"", ""rating"": 5, ""author"": ""Marlene Rodriguez"", ""published"": ""a week ago""}, {""text"": ""The people behind these restaurants (Cote and Coqodaq) really know what they are doing.\nI don\u2019t have anything else to say, just try it."", ""rating"": 5, ""author"": ""Franco Schatz"", ""published"": ""3 days ago""}, {""text"": ""Great atmosphere & decor. The vibe is pretty nice inside for sure, great potential date spot. The chicken was decent, although I think a bit overpriced for the quality."", ""rating"": 4, ""author"": ""August W"", ""published"": ""2 weeks ago""}]",,"{""standout_dishes"": [""Caviar chicken nuggets"", ""Crispy Korean fried chicken"", ""Salmon rillettes and tuna tartare""], ""vibe_and_service"": [""Sleek, lively space with fun music, great for date nights or group dinners"", ""Warm, attentive staff who go out of their way, from welcoming you at the door to handling reservation mix-ups"", ""Feels celebratory and polished without being stuffy""], ""wait_time_note"": ""Book ahead: reservations open two weeks out at 10am, walk-ins can face a long wait (one diner heard 1.5 hours on a Sunday evening), and solo diners may have trouble booking online since the website only takes parties of 2 or more.""}"
r_f82974,50.0,0.2051709925523686,0.0,0.92,4.020656763064222,4.019830468278716,0.0,4.020656763064222,Atoboy,Murray Hill,Korean,NYC,ChIJZ-xpvadZwokRGVsoX2gW38s,"43 E 28th St, New York, NY 10016",4.5,1359.0,https://komriwzkkknrsirifgqg.supabase.co/storage/v1/object/public/restaurant-photos/r_f82974.jpg,https://www.google.com/maps/search/?api=1&query=Atoboy&query_place_id=ChIJZ-xpvadZwokRGVsoX2gW38s,100.0,40.7436565,-73.9844859,1.594,0.7247976453274466,10.0,0.036055923473142,0.6887417218543046,1359.0,4990.0,1.0,1.0,10016.0,0.8,0.05,0.2,0.2,0.2,0.25,389.175,0.7421325174781876,(646) 476-7217,http://www.atoboynyc.com/,"[{""day"": ""Monday"", ""hours"": ""5 to 9\u202fPM""}, {""day"": ""Tuesday"", ""hours"": ""5 to 9\u202fPM""}, {""day"": ""Wednesday"", ""hours"": ""5 to 9\u202fPM""}, {""day"": ""Thursday"", ""hours"": ""5 to 9\u202fPM""}, {""day"": ""Friday"", ""hours"": ""5 to 10\u202fPM""}, {""day"": ""Saturday"", ""hours"": ""5 to 10\u202fPM""}, {""day"": ""Sunday"", ""hours"": ""5 to 9\u202fPM""}]","[""https://lh3.googleusercontent.com/gps-cs-s/AHVAwerfWA6vM7jag6wT3BpnnJ8e77uHW3s9M8iPcw3vmFSYjxva3hQdSAOtXMxKnvUdNe54CSVYnRewrfWcUxi_IMXsk9QUHQ6a-5hI-WwA4PZnmm_UcTbME8Uzyy8-5KSs-N59zAWm=w1920-h1080-k-no""]","[{""text"": ""The food was great, and the service was pretty good"", ""rating"": 5, ""author"": ""Lon Welsh"", ""published"": ""3 months ago""}, {""text"": ""The best Korean food I have tasted so far. Highly recommend"", ""rating"": 5, ""author"": ""Joseph OY"", ""published"": ""a month ago""}, {""text"": ""Amazing atmosphere and the food. Set menu is great and reasonable."", ""rating"": 5, ""author"": ""George Tetz"", ""published"": ""3 months ago""}]",,"{""standout_dishes"": [""Squash dish"", ""Fried chicken"", ""Sea urchin egg jjim"", ""Sweet potato (goguma) ice cream""], ""vibe_and_service"": [""Attentive, knowledgeable service without feeling pretentious, plus helpful wine pairing suggestions from your server"", ""Relaxed, welcoming industrial-minimalist space with beautifully plated, creative takes on Korean flavors"", ""Prix fixe format lets a group of two or three work through nearly the whole menu""], ""wait_time_note"": null}"
r_327a32,50.0,0.2018945506465133,0.0,0.92,4.183834877894013,4.45468269917013,0.2708478212761172,4.048410967255954,Bella Blu,Upper East Side,Pizza,NYC,ChIJ4Up-r-tYwokR95jJFUROzH0,"967 Lexington Ave, New York, NY 10021",4.4,493.0,https://komriwzkkknrsirifgqg.supabase.co/storage/v1/object/public/restaurant-photos/r_327a32.jpg,https://www.google.com/maps/search/?api=1&query=Bella%20Blu&query_place_id=ChIJ4Up-r-tYwokR95jJFUROzH0,75.0,40.7692221,-73.9628197,2.295,0.768762677484787,10.0,0.0669371196754563,0.7018255578093306,493.0,373.0,1.0,3.0,10021.0,0.72,0.3888888888888889,0.0833333333333333,0.5833333333333334,0.0833333333333333,4.666666666666667,277.3888888888889,0.741516046298435,(212) 988-4624,http://www.bellablunyc.com/,"[{""day"": ""Monday"", ""hours"": ""12 to 11\u202fPM""}, {""day"": ""Tuesday"", ""hours"": ""12 to 11\u202fPM""}, {""day"": ""Wednesday"", ""hours"": ""12 to 11\u202fPM""}, {""day"": ""Thursday"", ""hours"": ""12 to 11\u202fPM""}, {""day"": ""Friday"", ""hours"": ""12 to 11\u202fPM""}, {""day"": ""Saturday"", ""hours"": ""12 to 11\u202fPM""}, {""day"": ""Sunday"", ""hours"": ""12 to 11\u202fPM""}]","[""https://lh3.googleusercontent.com/gps-cs-s/AHVAwerYGP7iYiANEXiDHhk2ybj_2IjF2LVcOTMema9G7XUV77fh1N-J7I10Jd4EdCel5lWQ4V_BOlzdVKYcTqxJBcGblbWekuu5dbeqjTehqrC__5hS9c4IulTJaG-bYMkk4GzXT95l=w1920-h1080-k-no""]","[{""text"": ""Perfect for a sunny afternoon.  Direct sunshine outside"", ""rating"": 5, ""author"": ""Daniella Guimaraes"", ""published"": ""10 months ago""}, {""text"": ""Excellent place! Amazing food and service. Highly recommend"", ""rating"": 5, ""author"": ""Victoria Brik"", ""published"": ""4 months ago""}, {""text"": ""Very cool restaurant always fun, always great food and service"", ""rating"": 5, ""author"": ""Darlene Grace"", ""published"": ""Edited 5 months ago""}]",,"{""standout_dishes"": [""Pizza with fresh burrata special"", ""Branzino, so fresh and delicious"", ""Amatriciana pasta""], ""vibe_and_service"": [""Warm, relaxed atmosphere that works for a nice night out"", ""Friendly, attentive staff who go out of their way for special occasions like birthdays"", ""Good spot for sunny afternoons with direct sunshine outside""], ""wait_time_note"": null}"
r_b0d1fd,50.0,0.2097088555323041,0.0,0.92,4.444151943426886,4.641355287617319,0.1972033441904335,4.345550271331669,Nonnas of the World Community,Mid Island,Italian,NYC,ChIJ4aU3LC1OwokR44RNlSuxCjM,"27 Hyatt St, Staten Island, NY 10301",4.7,1583.0,https://komriwzkkknrsirifgqg.supabase.co/storage/v1/object/public/restaurant-photos/r_b0d1fd.jpg,https://www.google.com/maps/search/?api=1&query=Nonnas%20of%20the%20World%20Community&query_place_id=ChIJ4aU3LC1OwokR44RNlSuxCjM,75.0,40.6420631,-74.0773315,15.051,0.8945041061276058,10.0,0.0366392924826279,0.8578648136449779,1583.0,1567.0,0.0,1.0,10301.0,0.7,0.3714285714285714,0.0857142857142857,0.4571428571428571,0.1142857142857142,4.333333333333333,410.8571428571428,0.7402218837273253,(718) 447-2777,http://www.enotecamaria.com/,"[{""day"": ""Monday"", ""hours"": ""Closed""}, {""day"": ""Tuesday"", ""hours"": ""Closed""}, {""day"": ""Wednesday"", ""hours"": ""Closed""}, {""day"": ""Thursday"", ""hours"": ""Closed""}, {""day"": ""Friday"", ""hours"": ""12:30 to 7:30\u202fPM""}, {""day"": ""Saturday"", ""hours"": ""12:30 to 7:30\u202fPM""}, {""day"": ""Sunday"", ""hours"": ""12:30 to 7:30\u202fPM""}]","[""https://lh3.googleusercontent.com/gps-cs-s/AHVAweouOdn7Bnzqxft47RzNbF3GhT_yUkatXAD2OVvy6AQXHOXQqm1zHmjP_Dr-KCau_TuKcWcJmcnKeqaqrE2u1orZ5sJskoa4jAFoXCabg9ICKiiGMfFMT6G3nQvDvteFsSOodFDIC47dW6Ab=w1920-h1080-k-no""]","[{""text"": ""Saw the movie on Netflix we are coming \ud83d\ude0d"", ""rating"": 5, ""author"": ""Batol"", ""published"": ""3 weeks ago""}, {""text"": ""Our 2nd Visit in as many years. Always Fantastic. Great Food. Great Feeling. We'll see you guys again next year, Joe! Thank you!"", ""rating"": 5, ""author"": ""Erik Levin"", ""published"": ""2 months ago""}, {""text"": ""Got a last-minute reservation on the day after Christmas. The Nonna that night was  Bangladeshi and her chicken specialty was delicious!"", ""rating"": 5, ""author"": ""Thomas Derivera"", ""published"": ""2 months ago""}]",,"{""standout_dishes"": [""Lasagna"", ""Banana pudding"", ""Meatballs""], ""vibe_and_service"": [""The nonnas from different countries come out to say hi, which makes it feel like eating at a grandmother's house"", ""Warm, welcoming service that makes you feel like a lifelong regular, with owner Joe personally accommodating guests""], ""wait_time_note"": ""Reservations are tough to get (phone or in person, taken on a rolling monthly basis, with reports of unanswered WhatsApp/email), but a few walk-ins got in after waiting anywhere from a few minutes to about an hour.""}"
r_ed077e,50.0,0.2729148965781832,0.0,0.78,4.874036721572542,4.772209959857703,0.0,4.874036721572542,Uka Omakase,Midtown East,Japanese,NYC,ChIJldVrs9lZwokRfhzV-CTUW4w,"238 E 60th St, New York, NY 10022",4.8,595.0,https://komriwzkkknrsirifgqg.supabase.co/storage/v1/object/public/restaurant-photos/r_ed077e.jpg,https://www.google.com/maps/search/?api=1&query=Uka%20Omakase&query_place_id=ChIJldVrs9lZwokRfhzV-CTUW4w,55.0,40.7614232,-73.9647277,1.806,0.9378151260504202,10.0,0.0302521008403361,0.907563025210084,595.0,3012.0,1.0,1.0,10022.0,0.9,0.5111111111111111,0.0,0.3555555555555555,0.0,23.0,277.24444444444447,0.7399726706988649,(347) 496-7355,http://ukaomakase.com/,"[{""day"": ""Monday"", ""hours"": ""1 to 3:30\u202fPM, 5 to 10\u202fPM""}, {""day"": ""Tuesday"", ""hours"": ""1 to 3:30\u202fPM, 5 to 10\u202fPM""}, {""day"": ""Wednesday"", ""hours"": ""1 to 3:30\u202fPM, 5 to 10\u202fPM""}, {""day"": ""Thursday"", ""hours"": ""1 to 3:30\u202fPM, 5 to 10\u202fPM""}, {""day"": ""Friday"", ""hours"": ""1 to 3:30\u202fPM, 5 to 10\u202fPM""}, {""day"": ""Saturday"", ""hours"": ""1 to 3:30\u202fPM, 5 to 10\u202fPM""}, {""day"": ""Sunday"", ""hours"": ""1 to 3:30\u202fPM, 5 to 10\u202fPM""}]","[""https://lh3.googleusercontent.com/gps-cs-s/AHVAwerY_HGcZtfuYGciH2EBsYLlj_mbHY8t_td00Ot-dC-L_W7cnKMiU27gUCJj1UX7pdMXy9IL7HLOwSTZz0HsYceBe6QfMTL9j4v6m3ezFBkxwSgWhoHK6x6u4Oh3pGccl31RwnrfQGuORzIi=w1920-h1080-k-no""]","[{""text"": ""so damn good really fresh and service is good\uff01"", ""rating"": 5, ""author"": ""Qinya Liu"", ""published"": ""2 weeks ago""}, {""text"": ""Everything was great! Did the classic for $56, incredible value"", ""rating"": 5, ""author"": ""Mike Karich"", ""published"": ""2 weeks ago""}, {""text"": ""This is a great Omakase experience! Fish are really fresh and high quality! Recommend this place!"", ""rating"": 5, ""author"": ""Violet Yu"", ""published"": ""2 weeks ago""}]",Local Favorite,"{""standout_dishes"": [""Tuna courses, buttery with great texture"", ""Toro hand roll"", ""Eel"", ""Tuna with foie gras""], ""vibe_and_service"": [""Great value: a 15-16 course omakase for around $56"", ""Relaxed, cozy, intimate setting where you can watch the chefs work at the counter"", ""Friendly, attentive staff and chefs who explain pieces and ask how you like things""], ""wait_time_note"": null}"
r_f5c530,50.0,0.2052267293779667,0.0,0.94,4.246743024418114,4.087272356363415,0.0,4.246743024418114,Mario's Restaurant of Arthur Avenue,Belmont,Italian,NYC,ChIJSVkYXIf0wokReeN2qJg8Nwc,"2342 Arthur Ave, Bronx, NY 10458",4.4,1036.0,https://komriwzkkknrsirifgqg.supabase.co/storage/v1/object/public/restaurant-photos/r_f5c530.jpg,https://www.google.com/maps/search/?api=1&query=Mario's%20Restaurant%20of%20Arthur%20Avenue&query_place_id=ChIJSVkYXIf0wokReeN2qJg8Nwc,,40.8541565,-73.8884583,13.489,0.7374517374517374,10.0,0.053088803088803,0.6843629343629344,1036.0,999.0,1.0,2.0,10458.0,0.78,0.1794871794871795,0.282051282051282,0.5897435897435898,0.1282051282051282,0.6363636363636364,392.3333333333333,0.737968295648038,(718) 584-1188,https://mariosarthurave.org/?utm_source=google,"[{""day"": ""Monday"", ""hours"": ""Closed""}, {""day"": ""Tuesday"", ""hours"": ""11:30\u202fAM to 9\u202fPM""}, {""day"": ""Wednesday"", ""hours"": ""11:30\u202fAM to 9\u202fPM""}, {""day"": ""Thursday"", ""hours"": ""11:30\u202fAM to 9\u202fPM""}, {""day"": ""Friday"", ""hours"": ""11:30\u202fAM to 10\u202fPM""}, {""day"": ""Saturday"", ""hours"": ""11:30\u202fAM to 10\u202fPM""}, {""day"": ""Sunday"", ""hours"": ""11:30\u202fAM to 9\u202fPM""}]","[""https://lh3.googleusercontent.com/gps-cs-s/AHVAweq3tTDIgixLm7RlCEDLyPuvwnOH8zpIKIx2Cilafw-3G_zWulUr1HwF9Ps7S8tW7zpqgGcJr-WBYp2OEuw2NlAa9C1SDvohAIDZXlyiZ6eUmmmNKbpH-UAoNBlK0bzW7nT1Pr0=w1920-h1080-k-no""]","[{""text"": ""Great service.  Great food. Great atmosphere."", ""rating"": 5, ""author"": ""D M"", ""published"": ""8 months ago""}, {""text"": ""Best restaurant - great service - delish food!"", ""rating"": 5, ""author"": ""Olga Desalvo"", ""published"": ""2 months ago""}, {""text"": ""The owner stayed open for some out-of-towners. Regina is a Gem."", ""rating"": 5, ""author"": ""Brad Riffel"", ""published"": ""3 months ago""}]",,"{""standout_dishes"": [""Lasagna""], ""vibe_and_service"": [""Old-school Italian feel with attentive, welcoming servers who make you feel taken care of"", ""Lively room with a singer/entertainer on the mic, good for birthdays, dates, and family dinners"", ""Valet parking is worth using since street spots on Arthur Avenue are hard to find""], ""wait_time_note"": null}"
r_7326fa,50.0,0.2318978206205217,0.0,0.88,4.221032463280201,4.115535479342903,0.0,4.221032463280201,Copacabana seafood and brunch,Bedford-Stuyvesant,Restaurant,NYC,ChIJP6g9N45bwokRtVTfYn1HSo4,"1318 Fulton St, Brooklyn, NY 11216",4.3,246.0,https://komriwzkkknrsirifgqg.supabase.co/storage/v1/object/public/restaurant-photos/r_7326fa.jpg,https://www.google.com/maps/search/?api=1&query=Copacabana%20seafood%20and%20brunch&query_place_id=ChIJP6g9N45bwokRtVTfYn1HSo4,75.0,40.680045,-73.948078,9.219,0.8658536585365854,6.344827586206897,0.1178861788617886,0.7479674796747967,246.0,220.0,1.0,1.0,11216.0,0.9,0.0666666666666666,0.1111111111111111,0.4666666666666667,0.0888888888888888,0.6,228.1777777777777,0.7319453605852324,(347) 240-7557,http://www.copacabanaseafoodandbrunch.com/,"[{""day"": ""Monday"", ""hours"": ""2\u202fPM to 12\u202fAM""}, {""day"": ""Tuesday"", ""hours"": ""2\u202fPM to 12\u202fAM""}, {""day"": ""Wednesday"", ""hours"": ""2\u202fPM to 12\u202fAM""}, {""day"": ""Thursday"", ""hours"": ""11\u202fAM to 12\u202fAM""}, {""day"": ""Friday"", ""hours"": ""11\u202fAM to 1:30\u202fAM""}, {""day"": ""Saturday"", ""hours"": ""11\u202fAM to 1:30\u202fAM""}, {""day"": ""Sunday"", ""hours"": ""11\u202fAM to 1:30\u202fAM""}]","[""https://lh3.googleusercontent.com/gps-cs-s/AHVAwepAXvUvQwKvlhUYTrzKZ-pu5hL5C8aCTVLujOvFYanQAcbIFACCodivzEgjlCYXuY4diTZ-2-Id_xGmoyfirFjjTHg10_Acfkaycudp2JtzLv0b7WNeCBlUdcz3tsKK4S3BUwY=w1920-h1080-k-no""]","[{""text"": ""Very nice for a little late night hangout."", ""rating"": 5, ""author"": ""Looking at you"", ""published"": ""9 months ago""}, {""text"": ""Hidden gem. Need I say more. Thank me later.  One of Brooklyn's best kept secrets."", ""rating"": 5, ""author"": ""James McBride"", ""published"": ""11 months ago""}, {""text"": ""They were people friendly  Jasmine was the best and even tho it was a Wednesday  music  \ud83d\udd25"", ""rating"": 5, ""author"": ""a child of God holy"", ""published"": ""5 months ago""}]",,"{""standout_dishes"": [""Oxtail eggrolls"", ""Oxtail dishes (mac & cheese, Rasta pasta)"", ""Lemon pepper / chili wings""], ""vibe_and_service"": [""Great music and a good DJ make for a lively, Brooklyn-chic atmosphere"", ""Cozy neighborhood spot with friendly bartenders and welcoming staff"", ""Quiet and relaxed in the late afternoon, livelier in the evening""], ""wait_time_note"": null}"
r_58e662,50.0,0.2034330287703596,0.02,0.92,4.06883435783268,4.333929007490761,0.2650946496580815,3.936287033003639,The Stone House at Clove Lakes,Mid Island,Steakhouse,NYC,ChIJme4PuWNOwokR9h6JDoqmSFA,"1150 Clove Rd, Staten Island, NY 10301",4.4,1309.0,https://komriwzkkknrsirifgqg.supabase.co/storage/v1/object/public/restaurant-photos/r_58e662.jpg,https://www.google.com/maps/search/?api=1&query=The%20Stone%20House%20at%20Clove%20Lakes&query_place_id=ChIJme4PuWNOwokR9h6JDoqmSFA,75.0,40.6179128,-74.1082282,18.725,0.7173414820473644,10.0,0.0511841100076394,0.666157372039725,1309.0,1960.0,1.0,9.0,10301.0,0.7,0.0,0.1714285714285714,0.6,0.0571428571428571,0.0,314.54285714285714,0.7307949039470638,(718) 442-3600,http://www.thestonehousesi.com/,"[{""day"": ""Monday"", ""hours"": ""11:30\u202fAM to 9:30\u202fPM""}, {""day"": ""Tuesday"", ""hours"": ""11:30\u202fAM to 9:30\u202fPM""}, {""day"": ""Wednesday"", ""hours"": ""11:30\u202fAM to 9:30\u202fPM""}, {""day"": ""Thursday"", ""hours"": ""11:30\u202fAM to 9:30\u202fPM""}, {""day"": ""Friday"", ""hours"": ""11\u202fAM to 11\u202fPM""}, {""day"": ""Saturday"", ""hours"": ""11\u202fAM to 11\u202fPM""}, {""day"": ""Sunday"", ""hours"": ""11:30\u202fAM to 9:30\u202fPM""}]","[""https://lh3.googleusercontent.com/gps-cs-s/AHVAwepVC-gNxfKlkmlFNENU5h40jfeBB42TbViWzKpSwiiEmy-4ADJJ_4Yr9QmqR01aJxUCyrtcMFLPANBalej5Zgsy3kmekQolTB3ksu21p72YSBXLmb1m2iO02Md50SLiUJ7qn8MGPJjZYUAi=w1920-h1080-k-no""]","[{""text"": ""Love the place!! Great service and the atmosphere was superb!"", ""rating"": 5, ""author"": ""The Coury's Life"", ""published"": ""3 months ago""}, {""text"": ""Wide variety of selections on menu; friendly, efficient staff, very nice atmosphere & grounds, ample parking"", ""rating"": 5, ""author"": ""GARRY O'ROURKE"", ""published"": ""2 months ago""}, {""text"": ""The place has some great food awesome atmosphere. Just to inform you this place is expensive but the food is delicious and worth it."", ""rating"": 5, ""author"": ""Jermaine Pennie (JPenn)"", ""published"": ""2 months ago""}]",,"{""standout_dishes"": [], ""vibe_and_service"": [""Beautiful, cozy setting with a lake and park view that makes it feel special for birthdays, engagement parties, and other celebrations"", ""Attentive, accommodating staff who handle big groups well (one party of 25 even got its own long table)"", ""Food and service that reviewers say feel worth the higher prices""], ""wait_time_note"": null}"
r_55b16e,50.0,0.207295499134145,0.02,0.9,4.248663445263659,4.086353977961377,0.0,4.248663445263659,Ainslie,Williamsburg,Italian,NYC,ChIJ188_iMxZwokR1F1cQDYFTMg,"76 Ainslie St, Brooklyn, NY 11211",4.3,1597.0,https://komriwzkkknrsirifgqg.supabase.co/storage/v1/object/public/restaurant-photos/r_55b16e.jpg,https://www.google.com/maps/search/?api=1&query=Ainslie&query_place_id=ChIJ188_iMxZwokR1F1cQDYFTMg,40.0,40.7124253,-73.9520425,5.803,0.7182216656230432,10.0,0.0594865372573575,0.6587351283656857,1597.0,1932.0,1.0,6.0,11211.0,0.7,0.0857142857142857,0.1714285714285714,0.3428571428571428,0.1714285714285714,0.5,326.3142857142857,0.7291172582402915,(347) 725-3400,http://www.ainsliebk.com/?utm_source=local&utm_medium=organic&utm_campaign=gbp-ainsliebk,"[{""day"": ""Monday"", ""hours"": ""5 to 11\u202fPM""}, {""day"": ""Tuesday"", ""hours"": ""5 to 11\u202fPM""}, {""day"": ""Wednesday"", ""hours"": ""5 to 11\u202fPM""}, {""day"": ""Thursday"", ""hours"": ""5 to 11\u202fPM""}, {""day"": ""Friday"", ""hours"": ""4\u202fPM to 12\u202fAM""}, {""day"": ""Saturday"", ""hours"": ""11\u202fAM to 12\u202fAM""}, {""day"": ""Sunday"", ""hours"": ""11\u202fAM to 11\u202fPM""}]","[""https://lh3.googleusercontent.com/gps-cs-s/AHVAweo-fzYmVj9ZWBG2SBex3N7hAiQr-L43Drg6ogxkUDLQmOIiKiQ0cLLo6e2Om0vNmR-OuB8Ev70rvcCjdO1VPt-z-DYEWddCOZ4jNk7xjRrg6x3QKAud0nEb9M7nl352OrPB0VQB2diMpA8v=w1920-h1080-k-no""]","[{""text"": ""Good for drinks, bad for food, great decor"", ""rating"": 3, ""author"": ""Murat Ogulcan Sahin"", ""published"": ""2 weeks ago""}, {""text"": ""Atmosphere\u2019s great and the waiters are kind."", ""rating"": 5, ""author"": ""Lamar Shambley"", ""published"": ""2 months ago""}, {""text"": ""It was good I wouldn't order steak stick to pasta"", ""rating"": 3, ""author"": ""Xavier Tirado"", ""published"": ""a month ago""}]",,"{""standout_dishes"": [], ""vibe_and_service"": [""Cozy, beautiful atmosphere with warm lighting and an industrial-with-foliage feel that many reviewers rave about"", ""Friendly, attentive staff and polite servers, with good service even for a big group"", ""Works well for groups, couples, and private parties, including a family-style brunch for 23 and an open-bar birthday party""], ""wait_time_note"": null}"
r_58b7f9,50.0,0.2151288430323796,0.02,0.92,4.4167511058137725,4.293481057023123,0.0,4.4167511058137725,DubuHaus,Murray Hill,Korean,NYC,ChIJLTAznpRZwokR9ILaBL9mjOc,"6 E 32nd St, New York, NY 10016",4.2,440.0,https://komriwzkkknrsirifgqg.supabase.co/storage/v1/object/public/restaurant-photos/r_58b7f9.jpg,https://www.google.com/maps/search/?api=1&query=DubuHaus&query_place_id=ChIJLTAznpRZwokR9ILaBL9mjOc,35.0,40.7466347,-73.9849148,1.263,0.7727272727272727,6.555555555555555,0.1022727272727272,0.6704545454545454,440.0,924.0,1.0,1.0,10016.0,0.64,0.4375,0.125,0.53125,0.09375,3.5,391.21875,0.7256390498108264,(917) 509-5967,https://dubuhaus.com/,"[{""day"": ""Monday"", ""hours"": ""11:30\u202fAM to 10:30\u202fPM""}, {""day"": ""Tuesday"", ""hours"": ""11:30\u202fAM to 10:30\u202fPM""}, {""day"": ""Wednesday"", ""hours"": ""11:30\u202fAM to 10:30\u202fPM""}, {""day"": ""Thursday"", ""hours"": ""11:30\u202fAM to 11\u202fPM""}, {""day"": ""Friday"", ""hours"": ""11:30\u202fAM to 12\u202fAM""}, {""day"": ""Saturday"", ""hours"": ""10\u202fAM to 12\u202fAM""}, {""day"": ""Sunday"", ""hours"": ""10\u202fAM to 10:30\u202fPM""}]","[""https://lh3.googleusercontent.com/gps-cs-s/AHVAwerQiFEz85R87I3Qsind51Q71LLlFyZ8MKm1Fq-csVR04_-tb1QzMOaGUrJFqCiWYkhQZthk7i1PxBqxtfsvL7NGxp--vOf9LlO-ASu3GrF-wtr_z9QdDki0irISyhHocVlY4nAWjzGmXao=w1920-h1080-k-no""]","[{""text"": ""We got the bossam and perilla oil noodle and loved both."", ""rating"": 5, ""author"": ""Evie Nguyen"", ""published"": ""6 days ago""}, {""text"": ""Amazing upscale experience with unique dishes at a surprisingly affordable price!"", ""rating"": 5, ""author"": ""Tom Tran"", ""published"": ""4 days ago""}, {""text"": ""1st visit, dubu soup is ok but Perilla buckwheat noodles with Bosam was not harmonized between noodles and Bosam. I do not recommend."", ""rating"": 4, ""author"": ""DH Kwon"", ""published"": ""a month ago""}]",,"{""standout_dishes"": [""Bossam"", ""Soondubu (short rib or veggie)"", ""Perilla oil noodles"", ""Complimentary soy milk and soft serve""], ""vibe_and_service"": [""Upscale, spa-like atmosphere and decor at an affordable price"", ""Warm, friendly servers, with Ryan called out by name"", ""Comforting, well-balanced food that isn't overly salty""], ""wait_time_note"": null}"
r_f23e7e,50.0,0.3255042488867121,0.0,0.64,5.0,5.0,0.0,5.0,Shuka,SoHo,Mediterranean,NYC,ChIJ3dbcl41ZwokRouIrXtQ5erk,"38 MacDougal St, New York, NY 10012",4.6,3924.0,https://komriwzkkknrsirifgqg.supabase.co/storage/v1/object/public/restaurant-photos/r_f23e7e.jpg,https://www.google.com/maps/search/?api=1&query=Shuka&query_place_id=ChIJ3dbcl41ZwokRouIrXtQ5erk,40.0,40.7270639,-74.0027877,3.735,0.7790519877675841,10.0,0.0188583078491335,0.7601936799184505,3924.0,3632.0,1.0,1.0,10012.0,0.3,0.3333333333333333,0.0,0.8666666666666667,0.0,5.0,189.2,0.7253430471214724,(212) 475-7500,http://www.shukanewyork.com/,"[{""day"": ""Monday"", ""hours"": ""12 to 4\u202fPM, 5 to 10\u202fPM""}, {""day"": ""Tuesday"", ""hours"": ""12 to 4\u202fPM, 5 to 11\u202fPM""}, {""day"": ""Wednesday"", ""hours"": ""12 to 4\u202fPM, 5 to 11\u202fPM""}, {""day"": ""Thursday"", ""hours"": ""12 to 4\u202fPM, 5 to 11\u202fPM""}, {""day"": ""Friday"", ""hours"": ""12 to 4\u202fPM, 5 to 11\u202fPM""}, {""day"": ""Saturday"", ""hours"": ""10:30\u202fAM to 3:30\u202fPM, 5 to 11\u202fPM""}, {""day"": ""Sunday"", ""hours"": ""10:30\u202fAM to 3:30\u202fPM, 5 to 10\u202fPM""}]","[""https://lh3.googleusercontent.com/gps-cs-s/AHVAwerZ2MYuXMNp3At0BXYMm4HWd-fO9vKXq79UXjF2UUrBsSPn8fQvjjkufiDgPBnVLu1dnOQnQ6tlM63l-Fuhar80cX6hgZbP3fGNhPtZysZxj2_3Mkh16ZC-qCLYQe1vsY3mEztrzw=w1920-h1080-k-no""]","[{""text"": ""Absolutely delicious!! The atmosphere is vibrant, staff friendly, and the culinary experience exquisite!"", ""rating"": 5, ""author"": ""Holly Collins"", ""published"": ""3 days ago""}, {""text"": ""Really great Mediterranean spot. Everything we got was full of flavor. The star of the show was the sweet potatoes!"", ""rating"": 5, ""author"": ""Hannah Hunter"", ""published"": ""5 days ago""}, {""text"": ""Loved my lunch here, delicious Mediterranean food and cocktails.  Will definitely come back to try more menu items, pleased with the herbaceous chicory salad, za\u2019atar fries and Tunis cocktail"", ""rating"": 5, ""author"": ""Lynette Kamimura"", ""published"": ""a day ago""}]",Universally Loved,"{""standout_dishes"": [""Hummus with fresh pita"", ""Labne dip"", ""Sweet potatoes"", ""Kebabs (lamb, chicken, shrimp)""], ""vibe_and_service"": [""Beautiful, elegant-but-cozy room with a lively, energetic feel"", ""Attentive, friendly servers who give good menu recommendations"", ""Great for sharing plates and a social meal""], ""wait_time_note"": ""The place fills up fast and one group without a reservation was offered a table only if they'd finish within about an hour and a quarter, while another was quoted 45 minutes for two but got seated right away at the bar, so book ahead or try the bar.""}"
r_d15d7b,50.0,0.2373607415230637,0.02,0.84,4.290818076098777,4.460206056674563,0.1693879805757863,4.206124085810884,ARIARI,East Village,Korean,NYC,ChIJhUDJFUVZwokRkNERZsyOxWo,"119 1st Ave, New York, NY 10003",4.6,534.0,https://komriwzkkknrsirifgqg.supabase.co/storage/v1/object/public/restaurant-photos/r_d15d7b.jpg,https://www.google.com/maps/search/?api=1&query=ARIARI&query_place_id=ChIJhUDJFUVZwokRkNERZsyOxWo,75.0,40.7272708,-73.9858313,3.411,0.8052434456928839,10.0,0.0393258426966292,0.7659176029962547,534.0,1630.0,1.0,1.0,10003.0,0.8,0.15,0.05,0.525,0.275,3.0,264.625,0.721935465107472,(646) 422-7466,https://ariarinyc.com/,"[{""day"": ""Monday"", ""hours"": ""5:30 to 11\u202fPM""}, {""day"": ""Tuesday"", ""hours"": ""5:30 to 11\u202fPM""}, {""day"": ""Wednesday"", ""hours"": ""5:30 to 11\u202fPM""}, {""day"": ""Thursday"", ""hours"": ""5:30 to 11\u202fPM""}, {""day"": ""Friday"", ""hours"": ""5\u202fPM to 12\u202fAM""}, {""day"": ""Saturday"", ""hours"": ""5\u202fPM to 12\u202fAM""}, {""day"": ""Sunday"", ""hours"": ""5 to 10:30\u202fPM""}]","[""https://lh3.googleusercontent.com/gps-cs-s/AHVAwerRk7E3f6taaM6nP2bvclfvl3jYm6i4xO28ol2EyhyTu2FdamI5coB5Z-oQ7uhzCvovDG40lHV-NUbxCSPySozatzTVYT0fhtUALQllQJYXjLs8D4wvpv0ZyiV1d-sZr7VkosGo7A=w1920-h1080-k-no""]","[{""text"": ""Phenomenal food. Flavor was out of this world."", ""rating"": 5, ""author"": ""Brooke Webster"", ""published"": ""a day ago""}, {""text"": ""Delicious food and cozy spot for Korean Seafood"", ""rating"": 5, ""author"": ""Topong Boonpan"", ""published"": ""2 months ago""}, {""text"": ""I had my bday party here and it was the best restaurant ever."", ""rating"": 5, ""author"": ""Tejas Kashyap"", ""published"": ""5 months ago""}]",,"{""standout_dishes"": [""Scallop gimbap/roll"", ""Dolsot (stone pot rice) and kimchi""], ""vibe_and_service"": [""Friendly, attentive staff who are calm and polite, with Nampu singled out by name"", ""Cozy, lively, energetic atmosphere that works well for hanging out with friends""], ""wait_time_note"": null}"
r_0bb759,50.0,0.3410524643677632,0.0,0.64,4.919074034397715,4.859776393409917,0.0,4.919074034397715,Boucherie West Village,West Village,French,NYC,ChIJq58thpNZwokRcsvqjnNzYcc,"99 7th Ave S, New York, NY 10014",4.8,9190.0,https://komriwzkkknrsirifgqg.supabase.co/storage/v1/object/public/restaurant-photos/r_0bb759.jpg,https://www.google.com/maps/search/?api=1&query=Boucherie%20West%20Village&query_place_id=ChIJq58thpNZwokRcsvqjnNzYcc,75.0,40.733047,-74.0028772,3.139,0.8799782372143634,10.0,0.0155603917301414,0.864417845484222,9190.0,5733.0,1.0,1.0,10014.0,0.92,0.1739130434782608,0.0,0.5652173913043478,0.0,8.0,150.30434782608697,0.7188094035914054,(212) 837-1616,https://www.boucherieus.com/west-village-menus/,"[{""day"": ""Monday"", ""hours"": ""11\u202fAM to 12\u202fAM""}, {""day"": ""Tuesday"", ""hours"": ""11\u202fAM to 12\u202fAM""}, {""day"": ""Wednesday"", ""hours"": ""11\u202fAM to 12\u202fAM""}, {""day"": ""Thursday"", ""hours"": ""11\u202fAM to 12\u202fAM""}, {""day"": ""Friday"", ""hours"": ""11\u202fAM to 12\u202fAM""}, {""day"": ""Saturday"", ""hours"": ""10\u202fAM to 12\u202fAM""}, {""day"": ""Sunday"", ""hours"": ""10\u202fAM to 12\u202fAM""}]","[""https://lh3.googleusercontent.com/gps-cs-s/AHVAwerBqWaYXB5rGfsFgJgFNjwLpMQ0oPwfD9F4eYkcXpOuhgS35C_VzJ0yZJKfaRJA5waDgxWvaS5AU5SVOwGlG2sR7_miwlaQOIZAr5j4STe7AIA9v-rrcDHdCdkBzYzMjx41aXaG=w1920-h1080-k-no""]","[{""text"": ""Everything is good, and I love this place"", ""rating"": 5, ""author"": ""Adnan Qaiser"", ""published"": ""a week ago""}, {""text"": ""The duck confit and boeuf bourguignon were amazing and Bojan was a great host!"", ""rating"": 5, ""author"": ""Zachary Knox"", ""published"": ""3 days ago""}, {""text"": ""I come to The Boucherie with my boyfriend and every time the service is exceptional. On the other Yamam was excellent with his hospitality."", ""rating"": 5, ""author"": ""sara sofia monroy vargas"", ""published"": ""a day ago""}]",Universally Loved,"{""standout_dishes"": [], ""vibe_and_service"": [""Beautiful, plant-filled interior with lots of natural light and a lively, Paris-in-the-West-Village feel, good for a date or a long brunch"", ""Servers get a lot of love by name, especially Yaman, who several reviewers call attentive, professional and welcoming"", ""Indoor and outdoor seating that works for different party sizes, and the staff is accommodating""], ""wait_time_note"": null}"
r_7ab176,50.0,0.2030481516554133,0.0,0.94,4.370247163562193,4.332293598833004,0.0,4.370247163562193,Somtum Der,East Village,Thai,NYC,ChIJY_1BtoJZwokR-sB-pdEPW44,"85 Avenue A, New York, NY 10009",4.5,1337.0,https://komriwzkkknrsirifgqg.supabase.co/storage/v1/object/public/restaurant-photos/r_7ab176.jpg,https://www.google.com/maps/search/?api=1&query=Somtum%20Der&query_place_id=ChIJY_1BtoJZwokR-sB-pdEPW44,25.0,40.7252385,-73.984342,3.638,0.7120418848167539,10.0,0.0239341810022438,0.6881077038145101,1337.0,1830.0,1.0,2.0,10009.0,0.8,0.475,0.1,0.4,0.15,4.75,271.425,0.7177271173081468,(212) 260-8570,http://www.somtumdernewyork.com/,"[{""day"": ""Monday"", ""hours"": ""12 to 3:30\u202fPM, 5:30 to 10\u202fPM""}, {""day"": ""Tuesday"", ""hours"": ""12 to 3:30\u202fPM, 5:30 to 10\u202fPM""}, {""day"": ""Wednesday"", ""hours"": ""12 to 3:30\u202fPM, 5:30 to 10\u202fPM""}, {""day"": ""Thursday"", ""hours"": ""12 to 3:30\u202fPM, 5:30 to 10\u202fPM""}, {""day"": ""Friday"", ""hours"": ""12 to 3:30\u202fPM, 5:30 to 10:30\u202fPM""}, {""day"": ""Saturday"", ""hours"": ""12 to 10:30\u202fPM""}, {""day"": ""Sunday"", ""hours"": ""12 to 10\u202fPM""}]","[""https://lh3.googleusercontent.com/gps-cs-s/AHVAwertnkbhBFjtTvaksO80NBrTVjtZqhgPkzgEGFcgaz-XM5-0RiNuKEmr45bzIKNvk7wBF53YpsfgD3kZ42PWLsN7H1nPaRq84yFysrEZZ078OlArPRlcW4akcqwGonc0P3-suLBT=w1920-h1080-k-no""]","[{""text"": ""Great lunch specials! Highly recommend!!"", ""rating"": 5, ""author"": ""Henry Seton"", ""published"": ""4 months ago""}, {""text"": ""Solid Thai food. Very solid. Would recommend and return."", ""rating"": 5, ""author"": ""jesse m"", ""published"": ""5 months ago""}, {""text"": ""BEWARE: PRE-COMPUTED TIPS ON RECEIPT ARE INACCURATE AND INCREASED."", ""rating"": 1, ""author"": ""John"", ""published"": ""7 months ago""}]",,"{""standout_dishes"": [""Duck larb"", ""Pad krapow (basil fried rice)"", ""Papaya salad (som tum)"", ""Pad Thai""], ""vibe_and_service"": [""Feels like a cozy, home-like spot with decor and music that tie the authentic Thai experience together"", ""Servers are attentive, friendly, and helpful with menu choices"", ""Lunch specials and reasonable pricing get a shout-out""], ""wait_time_note"": null}"
r_12854e,50.0,0.1998219885485318,0.0,0.94,4.415999754212389,4.171054565257673,0.0,4.415999754212389,Bar Primi Penn District,Chelsea,Pizza,NYC,ChIJ3RWZH4dZwokR7glpy1CBkdo,"349 W 33rd St, New York, NY 10001",4.3,471.0,https://komriwzkkknrsirifgqg.supabase.co/storage/v1/object/public/restaurant-photos/r_12854e.jpg,https://www.google.com/maps/search/?api=1&query=Bar%20Primi%20Penn%20District&query_place_id=ChIJ3RWZH4dZwokR7glpy1CBkdo,75.0,40.7524624,-73.9958877,1.076,0.7685774946921444,7.619047619047619,0.0891719745222929,0.6794055201698513,471.0,976.0,1.0,3.0,10001.0,0.82,0.1463414634146341,0.1463414634146341,0.5121951219512195,0.1707317073170731,1.0,256.9268292682927,0.7157021224250539,(212) 233-6100,https://www.barprimi.com/penn-district,"[{""day"": ""Monday"", ""hours"": ""11:30\u202fAM to 3\u202fPM, 5 to 9:30\u202fPM""}, {""day"": ""Tuesday"", ""hours"": ""11:30\u202fAM to 3\u202fPM, 5 to 10\u202fPM""}, {""day"": ""Wednesday"", ""hours"": ""11:30\u202fAM to 3\u202fPM, 5 to 10\u202fPM""}, {""day"": ""Thursday"", ""hours"": ""11:30\u202fAM to 3\u202fPM, 5 to 10\u202fPM""}, {""day"": ""Friday"", ""hours"": ""11:30\u202fAM to 3\u202fPM, 5 to 11\u202fPM""}, {""day"": ""Saturday"", ""hours"": ""11:30\u202fAM to 11\u202fPM""}, {""day"": ""Sunday"", ""hours"": ""11:30\u202fAM to 9:30\u202fPM""}]","[""https://lh3.googleusercontent.com/gps-cs-s/AHVAweq9MyI8eAdI-dZHQzJ8YQquvkeLIcH0Bg36dfGQskT1YB-qFL06mSxwiRzEaLUv2Bt-jpmawIsdeOK5qLyKEKXTi2rNbvNn6wyZdvGhOdIHsmr9B68VhgANH7Bj_PSL2JMiFia0ig=w1920-h1080-k-no""]","[{""text"": ""Drinks were great! There is NO happy hour."", ""rating"": 5, ""author"": ""Thomas Carpenito"", ""published"": ""a month ago""}, {""text"": ""Delicious food, service a little slow, beautiful space"", ""rating"": 5, ""author"": ""dec661"", ""published"": ""3 days ago""}, {""text"": ""Huge space for a great Italian brunch! They have so many dishes and plenty of appetizers for sharing. Def worth a visit!"", ""rating"": 5, ""author"": ""Ash N. Smith"", ""published"": ""2 months ago""}]",,"{""standout_dishes"": [""Pistachio gelato"", ""Salami pizza (hot girl salami)"", ""Pasta""], ""vibe_and_service"": [""Beautiful, stylish space with a bar, tables, booths, and a photobooth downstairs, which works well for big groups"", ""Friendly, attentive staff who go out of their way, including with dietary restrictions and large parties"", ""Good for brunch and date nights, with a lovely summer patio""], ""wait_time_note"": ""Service can run slow when it's busy, with one table of two waiting over 50 minutes for an entree, so come when you're not in a rush.""}"
r_5c7e81,50.0,0.2360655042357332,0.0,0.84,4.156637101239634,3.977777392721121,0.0,4.156637101239634,The Monkey King,Bushwick,Restaurant,NYC,ChIJ_yWCPIddwokR8opzBfz82aY,"1329 Willoughby Ave, Brooklyn, NY 11237",4.6,811.0,https://komriwzkkknrsirifgqg.supabase.co/storage/v1/object/public/restaurant-photos/r_5c7e81.jpg,https://www.google.com/maps/search/?api=1&query=The%20Monkey%20King&query_place_id=ChIJ_yWCPIddwokR8opzBfz82aY,75.0,40.7061601,-73.9210678,7.944,0.8668310727496917,10.0,0.0493218249075215,0.8175092478421702,811.0,1037.0,0.0,1.0,11237.0,0.8,0.225,0.275,0.575,0.2,0.8181818181818182,541.25,0.7109227078596487,(929) 489-3800,https://www.themonkeykingnyc.com/,"[{""day"": ""Monday"", ""hours"": ""Closed""}, {""day"": ""Tuesday"", ""hours"": ""6 to 11\u202fPM""}, {""day"": ""Wednesday"", ""hours"": ""6 to 11\u202fPM""}, {""day"": ""Thursday"", ""hours"": ""6 to 11\u202fPM""}, {""day"": ""Friday"", ""hours"": ""6\u202fPM to 12\u202fAM""}, {""day"": ""Saturday"", ""hours"": ""5\u202fPM to 12\u202fAM""}, {""day"": ""Sunday"", ""hours"": ""5 to 10\u202fPM""}]","[""https://lh3.googleusercontent.com/gps-cs-s/AHVAweqCgU5D4CRiDHNMIVuBEMEKw5wrjlP7w6LFVrjS2FyuGD0H41Dv_BbQw1qeXAXISAkuRKWAJSU7gXPfDYmDpcd0FApReVL--YKrpGouwYpBq2TDd1GzeboI7QGQS6sjK3HZqP9tew=w1920-h1080-k-no""]","[{""text"": ""The best espresso martini in the city, and the Peking duck is a must-have."", ""rating"": 5, ""author"": ""Atun Atun"", ""published"": ""4 months ago""}, {""text"": ""Great cute place with good food and prices well. Great for small groups and dates."", ""rating"": 5, ""author"": ""Laura Pinto"", ""published"": ""3 months ago""}, {""text"": ""have had dine in and take out. It is pricey but it is very good - tasty drinks too."", ""rating"": 5, ""author"": ""Evan"", ""published"": ""2 weeks ago""}]",,"{""standout_dishes"": [""Cumin lamb ribs"", ""Scallion pancakes"", ""Fried chicken dumplings"", ""Crab fried rice""], ""vibe_and_service"": [""Dark, cozy, retro-modern space with groovy music that feels stylish and a bit sexy"", ""Friendly, attentive staff, with hostess Nana called out by name in multiple reviews"", ""Works well for groups and pre-show dinners, since the kitchen got people out on time""], ""wait_time_note"": null}"
r_f30606,50.0,0.1937770399280819,0.0,0.96,4.5065901626595695,4.448801976305495,0.0,4.5065901626595695,CHADA NYC,West Village,Thai,NYC,ChIJ4xQ2BABZwokRcqlgHVMH9jk,"260 6th Ave, New York, NY 10014",4.8,1010.0,https://komriwzkkknrsirifgqg.supabase.co/storage/v1/object/public/restaurant-photos/r_f30606.jpg,https://www.google.com/maps/search/?api=1&query=CHADA%20NYC&query_place_id=ChIJ4xQ2BABZwokRcqlgHVMH9jk,75.0,40.728903,-74.002161,3.527,0.9188118811881189,10.0,0.0217821782178217,0.897029702970297,1010.0,1526.0,1.0,2.0,10014.0,0.84,0.3095238095238095,0.0714285714285714,0.7857142857142857,0.0714285714285714,4.333333333333333,351.0,0.7107577082630661,(646) 370-6366,https://www.chadanewyork.com/,"[{""day"": ""Monday"", ""hours"": ""11:30\u202fAM to 3:15\u202fPM, 4:30 to 10\u202fPM""}, {""day"": ""Tuesday"", ""hours"": ""11:30\u202fAM to 3:15\u202fPM, 4:30 to 10\u202fPM""}, {""day"": ""Wednesday"", ""hours"": ""11:30\u202fAM to 3:15\u202fPM, 4:30 to 10\u202fPM""}, {""day"": ""Thursday"", ""hours"": ""11:30\u202fAM to 3:15\u202fPM, 4:30 to 10\u202fPM""}, {""day"": ""Friday"", ""hours"": ""11:30\u202fAM to 3:15\u202fPM, 4:30 to 10:30\u202fPM""}, {""day"": ""Saturday"", ""hours"": ""11:30\u202fAM to 3:15\u202fPM, 4:30 to 10:30\u202fPM""}, {""day"": ""Sunday"", ""hours"": ""11:30\u202fAM to 3:15\u202fPM, 4:30 to 10\u202fPM""}]","[""https://lh3.googleusercontent.com/gps-cs-s/AHVAweritZFxcUENXX39suZLAwnMJO5JVSGcR24g2_FYg66NhnIpEHE6njudDmqmlhUTcWe3T3CM6V36Hf9LmKjAtM1j1wo9GTuB5eiMYpr5ipM8J78SnfG3k3K-pIOMyL8cPoVmbZVdNQediU5p=w1920-h1080-k-no""]","[{""text"": ""a must go thai restaurant! it was so good"", ""rating"": 5, ""author"": ""Gilad Levy"", ""published"": ""a month ago""}, {""text"": ""Beef tallow rib eye FUEGO waitress Bok was amazing"", ""rating"": 5, ""author"": ""Jessica Diaz"", ""published"": ""a week ago""}, {""text"": ""Everything from the food to the service was great!"", ""rating"": 5, ""author"": ""Stephanie Veras"", ""published"": ""a month ago""}]",,"{""standout_dishes"": [""Folded dumplings"", ""Beef tallow fried rice"", ""Wonton tom yum soup"", ""Khao soy""], ""vibe_and_service"": [""Warm, cozy, romantic atmosphere with green curtains and booths, good for a date night"", ""Attentive, courteous, and welcoming staff"", ""Good value, especially the lunch special, and cheaper than some comparable spots""], ""wait_time_note"": null}"
r_d03e75,50.0,0.432390909090909,0.0,0.42,4.921367449488049,4.918958309976456,0.0,4.921367449488049,OLIO E PIÙ,West Village,Restaurant,NYC,ChIJ_RUJvZZZwokRNUEv3K4nSik,"3 Greenwich Ave, New York, NY 10014",4.7,10566.0,https://komriwzkkknrsirifgqg.supabase.co/storage/v1/object/public/restaurant-photos/r_d03e75.jpg,https://www.google.com/maps/search/?api=1&query=OLIO%20E%20PI%C3%99&query_place_id=ChIJ_RUJvZZZwokRNUEv3K4nSik,75.0,40.7338208,-73.9997931,2.946,0.8436494416051485,10.0,0.0189286390308536,0.8247208025742949,10566.0,7587.0,1.0,1.0,10014.0,0.92,0.1304347826086956,0.0,0.5217391304347826,0.0217391304347826,6.0,129.45652173913044,0.7093509654804901,(212) 243-6546,https://www.olioepiu.com/,"[{""day"": ""Monday"", ""hours"": ""11\u202fAM to 12\u202fAM""}, {""day"": ""Tuesday"", ""hours"": ""11\u202fAM to 12\u202fAM""}, {""day"": ""Wednesday"", ""hours"": ""11\u202fAM to 12\u202fAM""}, {""day"": ""Thursday"", ""hours"": ""11\u202fAM to 12\u202fAM""}, {""day"": ""Friday"", ""hours"": ""11\u202fAM to 12\u202fAM""}, {""day"": ""Saturday"", ""hours"": ""10\u202fAM to 12\u202fAM""}, {""day"": ""Sunday"", ""hours"": ""10\u202fAM to 12\u202fAM""}]","[""https://lh3.googleusercontent.com/gps-cs-s/AHVAwepwG3wmmriqeZrAYyudouhq3hbehm6NZLaFih-jeMGQ2JDyq_GKmzRXPh-fMbSsOXTQMDuvDenXi1j2r271QHHJynvvj2X-dXG7uF1rEvIQ6qVaO7RDr9ViQD_kOY4B-8wSYKdAF64SjwJg=w1920-h1080-k-no""]","[{""text"": ""This restaurant was super nice! Delishes food, drinks and a good vibe. Turgut was really accommodating and accompanied us through the evening. Thank you!"", ""rating"": 5, ""author"": ""S"", ""published"": ""a day ago""}, {""text"": ""An absolutely amazing lunch from start to finish. Lorena provided superb service. She was gracious, attentive, and spot-on with every detail. Ean, the manager, elevated the entire experience with his personal touch. This place is a true gastronomic masterpiece. Don\u2019t miss it!"", ""rating"": 5, ""author"": ""Richard Maggio"", ""published"": ""2 days ago""}, {""text"": ""one of our favourite pasta spots in nyc!"", ""rating"": 5, ""author"": ""evani gangar"", ""published"": ""a day ago""}]",Universally Loved,"{""standout_dishes"": [""Pasta (praised as best ever)"", ""Carbonara"", ""Pizza""], ""vibe_and_service"": [""Standout, attentive service with servers named repeatedly, especially Turgut and Cesar"", ""Great atmosphere that looks as good as it feels"", ""Staff go the extra mile, from free treats to birthday celebrations""], ""wait_time_note"": null}"
r_320843,50.0,0.1987133055186213,0.02,0.92,4.048266794789227,4.237628737594206,0.1893619428049788,3.953585823386738,San Babila NYC,Upper East Side,Cafe,NYC,ChIJdSd3Vs9ZwokRXI_0i4WFPz8,"1355 2nd Ave, New York, NY 10021",4.4,113.0,https://komriwzkkknrsirifgqg.supabase.co/storage/v1/object/public/restaurant-photos/r_320843.jpg,https://www.google.com/maps/search/?api=1&query=San%20Babila%20NYC&query_place_id=ChIJdSd3Vs9ZwokRXI_0i4WFPz8,85.0,40.7684461,-73.9586992,2.556,0.8230088495575221,10.0,0.0707964601769911,0.7522123893805309,113.0,255.0,1.0,4.0,10021.0,0.82,0.3658536585365853,0.0975609756097561,0.8292682926829268,0.048780487804878,3.75,225.26829268292684,0.7087055137350289,(646) 448-4120,http://sanbabilanyc.com/,"[{""day"": ""Monday"", ""hours"": ""7\u202fAM to 10\u202fPM""}, {""day"": ""Tuesday"", ""hours"": ""7\u202fAM to 10\u202fPM""}, {""day"": ""Wednesday"", ""hours"": ""7\u202fAM to 10\u202fPM""}, {""day"": ""Thursday"", ""hours"": ""7\u202fAM to 10\u202fPM""}, {""day"": ""Friday"", ""hours"": ""7\u202fAM to 11\u202fPM""}, {""day"": ""Saturday"", ""hours"": ""8\u202fAM to 11\u202fPM""}, {""day"": ""Sunday"", ""hours"": ""8\u202fAM to 10\u202fPM""}]","[""https://lh3.googleusercontent.com/gps-cs-s/AHVAwepSW_RhrTjsutj9hLE4oxPFU_KfF3_Mp7QJFYNfM6pInKtO5hPPpPC8T2y8t789dlFvwZr8rFPCCWPwLJx_GFB1j8xdYI6EDNkKB6p3x6iRSX9aJKhLF4tIc4Bakli9EewzqBkF1zbAbusb=w1920-h1080-k-no""]","[{""text"": ""Amazing food, favorite restaurant in ues"", ""rating"": 5, ""author"": ""Joe Pelt"", ""published"": ""2 weeks ago""}, {""text"": ""This place is good but honestly not worth the price tag"", ""rating"": 3, ""author"": ""Michael Fernandes"", ""published"": ""a month ago""}, {""text"": ""It used to be a better place, but now the service is unfortunately disappointing."", ""rating"": 1, ""author"": ""Bert"", ""published"": ""2 months ago""}]",,"{""standout_dishes"": [], ""vibe_and_service"": [""Cozy, welcoming cafe that's great for coffee on a cold day, then turns into a nice Italian dinner spot at night"", ""Several diners praise the service and ambience, and one calls out Francesco as an amazing chef""], ""wait_time_note"": null}"
r_3332f9,50.0,0.2024944893288119,0.0,0.9,4.270379191471173,4.207208228014416,0.0,4.270379191471173,Campagnola,Upper East Side,Italian,NYC,ChIJHZRr3cBYwokRAOvPS6LgVVI,"1382 1st Ave, New York, NY 10021",4.5,476.0,https://komriwzkkknrsirifgqg.supabase.co/storage/v1/object/public/restaurant-photos/r_3332f9.jpg,https://www.google.com/maps/search/?api=1&query=Campagnola&query_place_id=ChIJHZRr3cBYwokRAOvPS6LgVVI,100.0,40.7688172,-73.954826,2.87,0.8130252100840336,10.0,0.0441176470588235,0.7689075630252101,476.0,444.0,1.0,2.0,10021.0,0.7,0.2857142857142857,0.2285714285714285,0.3714285714285714,0.0285714285714285,1.25,393.6285714285714,0.7058867763849404,(212) 861-1102,http://www.campagnola-nyc.com/,"[{""day"": ""Monday"", ""hours"": ""5 to 10:45\u202fPM""}, {""day"": ""Tuesday"", ""hours"": ""5 to 10:45\u202fPM""}, {""day"": ""Wednesday"", ""hours"": ""5 to 10:45\u202fPM""}, {""day"": ""Thursday"", ""hours"": ""5 to 10:45\u202fPM""}, {""day"": ""Friday"", ""hours"": ""5 to 10:45\u202fPM""}, {""day"": ""Saturday"", ""hours"": ""5 to 10:45\u202fPM""}, {""day"": ""Sunday"", ""hours"": ""5 to 10\u202fPM""}]","[""https://lh3.googleusercontent.com/gps-cs-s/AHVAwerI1c7lP-GRH6J22cDRkwoEQQpJ-e2NfDG_lq75uO0eItOOc3mlywrciFIyTkYUyc7S0PSFbmz5h9an45qsaJvlsTCH9nH8xq3eLbLReZVLy5gM-Anci66V1ByWN89t_ieispQHeA=w1920-h1080-k-no""]","[{""text"": ""Great food ... incredible staff ... best ownership in NYC"", ""rating"": 5, ""author"": ""George O'krepkie"", ""published"": ""2 weeks ago""}, {""text"": ""Frankie,  Desiree are TOP NOTCH, THE BEST!! As is the whole staff. The BEST!"", ""rating"": 5, ""author"": ""David Diaz"", ""published"": ""4 months ago""}, {""text"": ""Beautiful ambiance, nice staff, more than nice I should say! And the food incredible\nComing back soon"", ""rating"": 5, ""author"": ""Ma Paula Rodriguez"", ""published"": ""5 months ago""}]",,"{""standout_dishes"": [""Pasta, including the ravioli and pasta tasting""], ""vibe_and_service"": [""Old-school, classic Italian dining room with a piano, wood floors, and a place-to-be-seen feel"", ""Professional, attentive staff who know the menu and make first-timers feel like they've been coming for years"", ""Accommodating kitchen, including prepping dishes without onion on request""], ""wait_time_note"": ""The dining room is small and fills up, so book ahead; even with a reservation you may have to wait a bit.""}"
r_816a30,50.0,0.2126484949298246,0.02,0.9,4.796060573414725,4.6740558870756,0.0,4.796060573414725,Beets and Carrots,Fort Hamilton,American,NYC,ChIJmyJUp4hPwokRTWnEAlPjb7w,"9905 3rd Ave, Brooklyn, NY 11209",4.7,413.0,https://komriwzkkknrsirifgqg.supabase.co/storage/v1/object/public/restaurant-photos/r_816a30.jpg,https://www.google.com/maps/search/?api=1&query=Beets%20and%20Carrots&query_place_id=ChIJmyJUp4hPwokRTWnEAlPjb7w,40.0,40.6140863,-74.0349163,16.517,0.8837772397094431,10.0,0.0217917675544794,0.8619854721549637,413.0,864.0,1.0,1.0,11209.0,0.72,0.6666666666666666,0.1111111111111111,0.75,0.0,6.0,342.97222222222223,0.705007178860059,(718) 333-5011,http://www.beetsandcarrots.com/,"[{""day"": ""Monday"", ""hours"": ""1 to 10\u202fPM""}, {""day"": ""Tuesday"", ""hours"": ""1 to 10\u202fPM""}, {""day"": ""Wednesday"", ""hours"": ""Closed""}, {""day"": ""Thursday"", ""hours"": ""1 to 10\u202fPM""}, {""day"": ""Friday"", ""hours"": ""11\u202fAM to 10\u202fPM""}, {""day"": ""Saturday"", ""hours"": ""11\u202fAM to 10\u202fPM""}, {""day"": ""Sunday"", ""hours"": ""1 to 10\u202fPM""}]","[""https://lh3.googleusercontent.com/gps-cs-s/AHVAweof_atqHdLrdSLVtqrBK53hK8JagaeXpla8DgKMf1KG3wIvyYzVT3IhsRMTBY6seSZda9NWB8bba39fXuY800Zx2FmF5FgBlI3ZLBF9O04NVVecr_O_hGO5AZ-lAp86xBNDfw9R6g=w1920-h1080-k-no""]","[{""text"": ""Amazing food in the cutest hidden jem of Bay Ridge."", ""rating"": 5, ""author"": ""Basar Kazi"", ""published"": ""Edited 4 months ago""}, {""text"": ""Good home-made food. . Very healthy options as well.."", ""rating"": 5, ""author"": ""Milton Skorput"", ""published"": ""8 months ago""}, {""text"": ""Absolutely love this place! So tasty food, so cozy atmosphere, so friendly and professional staff!"", ""rating"": 5, ""author"": ""Ora Nava"", ""published"": ""5 months ago""}]",Local Favorite,"{""standout_dishes"": [""Beet and carrot dishes (salad, hummus)""], ""vibe_and_service"": [""Cozy, artsy atmosphere with thoughtful decor"", ""Friendly, professional service where you don't feel rushed"", ""Hidden-gem feel with fresh, from-scratch farm-to-table cooking""], ""wait_time_note"": ""Food takes a while to come out since everything is made from scratch, so plan for a relaxed meal rather than a quick bite.""}"
r_446463,50.0,0.2581236225090256,0.0,0.82,4.127333798713833,4.494869697630475,0.3675358989166417,3.943565849255512,Osteria Carlina West Village,West Village,Italian,NYC,ChIJeQnaz8ZZwokRxDVle36PJcI,"455 Hudson St, New York, NY 10014",4.7,901.0,https://komriwzkkknrsirifgqg.supabase.co/storage/v1/object/public/restaurant-photos/r_446463.jpg,https://www.google.com/maps/search/?api=1&query=Osteria%20Carlina%20West%20Village&query_place_id=ChIJeQnaz8ZZwokRxDVle36PJcI,75.0,40.7313554,-74.0068444,3.47,0.8967813540510544,10.0,0.027746947835738,0.8690344062153164,901.0,647.0,0.0,1.0,10014.0,0.78,0.358974358974359,0.1538461538461538,0.5897435897435898,0.0769230769230769,2.333333333333333,278.5897435897436,0.7047396058590162,(646) 559-5137,http://www.osteriacarlina.com/,"[{""day"": ""Monday"", ""hours"": ""4:30 to 10:30\u202fPM""}, {""day"": ""Tuesday"", ""hours"": ""4:30 to 10:30\u202fPM""}, {""day"": ""Wednesday"", ""hours"": ""4:30 to 10:30\u202fPM""}, {""day"": ""Thursday"", ""hours"": ""4:30 to 10:30\u202fPM""}, {""day"": ""Friday"", ""hours"": ""4:30 to 10:30\u202fPM""}, {""day"": ""Saturday"", ""hours"": ""4:30 to 10:30\u202fPM""}, {""day"": ""Sunday"", ""hours"": ""4:30 to 10:30\u202fPM""}]","[""https://lh3.googleusercontent.com/gps-cs-s/AHVAweq7g8ZLCpzP72kernZwFCQgG4AMdtp4_20uoCIIioDhIeG_K6FqGCY3XvOuvbZ_CjHJVE2jKpcIa80kD8X-PmYfoQQxJwPH-hMZ-jIoZay1d-Zl2j9ZmkzNkwrfzKeVv6OfES6e=w1920-h1080-k-no""]","[{""text"": ""I love this place. Everything is good, looking fabulous"", ""rating"": 5, ""author"": ""Adnan Qaiser"", ""published"": ""a week ago""}, {""text"": ""Some of the best food, and especially their appetizers that I\u2019ve had in the city"", ""rating"": 5, ""author"": ""Daniel Bejarano"", ""published"": ""Edited 5 months ago""}, {""text"": ""Delicious Italian food. Welcoming staff, nice ambiance! Will definitely come back :)"", ""rating"": 5, ""author"": ""Daphne YIAKOUMIS"", ""published"": ""5 months ago""}]",,"{""standout_dishes"": [], ""vibe_and_service"": [""Warm, cozy, romantic atmosphere that works well for a date night"", ""Friendly, attentive staff who make personalized recommendations (Korra and Rodrigo get shout-outs)"", ""Authentic Northern Italian cooking served with a light but attentive touch""], ""wait_time_note"": ""Two reviews mention waits even with a reservation, ranging from 10 to 30 minutes, so build in a little buffer.""}"
r_faaa39,50.0,0.1743381081543482,0.02,0.96,3.994359317556209,4.243420930396435,0.2490616128402258,3.869828511136096,Mermaid Oyster Bar Times Square,Midtown,Seafood,NYC,ChIJqVqIovlZwokRXJegKVQWhZQ,"127 W 43rd St, New York, NY 10036",4.5,531.0,https://komriwzkkknrsirifgqg.supabase.co/storage/v1/object/public/restaurant-photos/r_faaa39.jpg,https://www.google.com/maps/search/?api=1&query=Mermaid%20Oyster%20Bar%20Times%20Square&query_place_id=ChIJqVqIovlZwokRXJegKVQWhZQ,75.0,40.7562524,-73.9851331,0.196,0.751412429378531,10.0,0.0263653483992467,0.7250470809792844,531.0,788.0,1.0,2.0,10036.0,0.8,0.275,0.35,0.425,0.175,0.7857142857142857,336.55,0.7018586603249539,(212) 675-9794,https://www.themermaidnyc.com/mermaid-oyster-bar-times-square/,"[{""day"": ""Monday"", ""hours"": ""11:30\u202fAM to 9\u202fPM""}, {""day"": ""Tuesday"", ""hours"": ""11:30\u202fAM to 9\u202fPM""}, {""day"": ""Wednesday"", ""hours"": ""11:30\u202fAM to 9\u202fPM""}, {""day"": ""Thursday"", ""hours"": ""11:30\u202fAM to 9\u202fPM""}, {""day"": ""Friday"", ""hours"": ""11:30\u202fAM to 9\u202fPM""}, {""day"": ""Saturday"", ""hours"": ""11:30\u202fAM to 9\u202fPM""}, {""day"": ""Sunday"", ""hours"": ""11:30\u202fAM to 9\u202fPM""}]","[""https://lh3.googleusercontent.com/gps-cs-s/AHVAweoYJAj2NH_OZZwK4ILkCCS8z4-FPRZAXjBsfHFfxhLmudZQSNfdkuwFGQQah55B-oTHdR5-mBGBxGsGAoWs7d_0Yo8dwFwK2CF1eumrIbhD3AFw9Q8VZSP3IhmNrWi6GIiN_r-CiLIleVs=w1920-h1080-k-no""]","[{""text"": ""Food was okay, nothing spectacular.  Service not good."", ""rating"": 3, ""author"": ""Mark 314Jr"", ""published"": ""a month ago""}, {""text"": ""not the best but not the worst oysters. salmon tartare is over sauced"", ""rating"": 3, ""author"": ""Roy"", ""published"": ""2 weeks ago""}, {""text"": ""Nice spot near times square. Popped in for some oysters and happy hour."", ""rating"": 5, ""author"": ""Maham Ahmed"", ""published"": ""a month ago""}]",,"{""standout_dishes"": [""Oysters"", ""Salmon tartare"", ""Clam chowder""], ""vibe_and_service"": [""Great pre-show spot near Times Square that gets you to your curtain on time"", ""Friendly, quick, top-notch staff who handled a table of 8 with ease"", ""Happy hour (offered even on weekends) keeps prices reasonable""], ""wait_time_note"": null}"
r_4b9f73,50.0,0.2210080038784035,0.02,0.86,4.069832343736329,4.2626041013555565,0.1927717576192273,3.9734464649267154,Parksanbal,Flushing,Korean,NYC,ChIJL1_grS9gwokRG5DeN535P9o,"41-10 162nd St, Flushing, NY 11358",4.3,520.0,https://komriwzkkknrsirifgqg.supabase.co/storage/v1/object/public/restaurant-photos/r_4b9f73.jpg,https://www.google.com/maps/search/?api=1&query=Parksanbal&query_place_id=ChIJL1_grS9gwokRG5DeN535P9o,15.0,40.7610935,-73.8040319,15.429,0.7538461538461538,7.340425531914893,0.0903846153846153,0.6634615384615384,520.0,411.0,1.0,1.0,11358.0,0.66,0.3636363636363636,0.0606060606060606,0.2424242424242424,0.0606060606060606,6.0,266.2121212121212,0.6992045961281421,(718) 840-8467,,"[{""day"": ""Monday"", ""hours"": ""10\u202fAM to 8\u202fPM""}, {""day"": ""Tuesday"", ""hours"": ""10\u202fAM to 8\u202fPM""}, {""day"": ""Wednesday"", ""hours"": ""10\u202fAM to 8\u202fPM""}, {""day"": ""Thursday"", ""hours"": ""10\u202fAM to 8\u202fPM""}, {""day"": ""Friday"", ""hours"": ""10\u202fAM to 8\u202fPM""}, {""day"": ""Saturday"", ""hours"": ""10\u202fAM to 8\u202fPM""}, {""day"": ""Sunday"", ""hours"": ""Closed""}]","[""https://lh3.googleusercontent.com/gps-cs-s/AHVAweoqX7qCwQoxLyxasFK77L-pukMCAfpRM4rkWakMmAWeQvt7M9upAQNOrfssK9399Pvo9NUCnIavXH7xtNBmgB8Hh_aFY5XAHXNx8qIzWEnsfbsNGJ1pWehOqgPQFZfOlR_tEUGd=w1920-h1080-k-no""]","[{""text"": ""One menu, one result = a bowl of goodness."", ""rating"": 5, ""author"": ""Mo Rusydan"", ""published"": ""2 months ago""}, {""text"": ""Good beef soup, got egg, rice seaweed as a side! Self serve tea"", ""rating"": 5, ""author"": ""Sharon Li"", ""published"": ""4 months ago""}, {""text"": ""Nice food. Local neighborhood place. They are short of staff though."", ""rating"": 4, ""author"": ""JS"", ""published"": ""2 months ago""}]",,"{""standout_dishes"": [""Korean beef bone soup (spicy or not)"", ""Kkakdugi radish kimchi"", ""Rolled Korean omelette"", ""Roasted seaweed side""], ""vibe_and_service"": [""Simple, no-frills hole-in-the-wall spot where the one-dish focus shows in the quality"", ""Good value at $20 per person, with free refills on rice, sides, and self-serve water or tea"", ""Friendly, attentive staff who keep the side dishes coming, and kids eat free""], ""wait_time_note"": ""It's a tiny spot with only a handful of tables, so expect a wait, though reviewers report anywhere from about 5 to 20 minutes.""}"
r_47e2a9,100.0,0.2605528509793611,0.02,0.78,4.811051960263045,4.620298692162869,0.0,4.811051960263045,Tanoshi Sushi Sake Bar,Upper East Side,Japanese,NYC,ChIJd35w0MZYwokR7LgKqfX4tXM,"1372 York Ave, New York, NY 10021",4.7,649.0,https://komriwzkkknrsirifgqg.supabase.co/storage/v1/object/public/restaurant-photos/r_47e2a9.jpg,https://www.google.com/maps/search/?api=1&query=Tanoshi%20Sushi%20Sake%20Bar&query_place_id=ChIJd35w0MZYwokR7LgKqfX4tXM,100.0,40.767601,-73.9529735,2.963,0.847457627118644,10.0,0.0231124807395993,0.8243451463790447,649.0,2040.0,1.0,1.0,10021.0,0.64,0.375,0.09375,0.40625,0.0625,4.0,319.8125,0.6982758825444122,(917) 265-8254,http://tanoshisushinyc.com/?y_source=1_MjIzNzEyNzYtNzE1LWxvY2F0aW9uLndlYnNpdGU%3D,"[{""day"": ""Monday"", ""hours"": ""11:30\u202fAM to 1:45\u202fPM, 6 to 10\u202fPM""}, {""day"": ""Tuesday"", ""hours"": ""11:30\u202fAM to 1:45\u202fPM, 6 to 10\u202fPM""}, {""day"": ""Wednesday"", ""hours"": ""11:30\u202fAM to 1:45\u202fPM, 6 to 10\u202fPM""}, {""day"": ""Thursday"", ""hours"": ""11:30\u202fAM to 1:45\u202fPM, 6 to 10\u202fPM""}, {""day"": ""Friday"", ""hours"": ""11:30\u202fAM to 1:45\u202fPM, 6 to 10\u202fPM""}, {""day"": ""Saturday"", ""hours"": ""11:30\u202fAM to 1:45\u202fPM, 6 to 10\u202fPM""}, {""day"": ""Sunday"", ""hours"": ""6 to 10\u202fPM""}]","[""https://lh3.googleusercontent.com/gps-cs-s/AHVAwerGUykA9HYwY0f434XY9v1mt3An3xnMciETDqSH_7VJaKev-hpd_z_PYI-pTZpQ4ypcvQwS2I_KIgmUArBYbuB9CmGNwHRHq_OxsFw94l9-ckiH_bQSq9BcuRHrtF36OtVdSYLE2g=w1920-h1080-k-no""]","[{""text"": ""Great sushi and place! Definitely recommend"", ""rating"": 5, ""author"": ""Sadie Neumann"", ""published"": ""7 months ago""}, {""text"": ""Had an amazing experience but remember to get your own saki"", ""rating"": 4, ""author"": ""Vignesh Shanmugam"", ""published"": ""10 months ago""}, {""text"": ""I appreciate the humble decor with the emphasis on the sushi."", ""rating"": 5, ""author"": ""Ryan Mortier"", ""published"": ""11 months ago""}]",Local Favorite,"{""standout_dishes"": [], ""vibe_and_service"": [""Tiny, minimalist spot where the focus is entirely on the food, and you can bring your own sake with no corkage fee"", ""Friendly, happy staff and chefs working right in front of you in an intimate counter setup"", ""Seen as good value compared to fancier omakase places, with lunch called out as an especially good deal""], ""wait_time_note"": ""Reservations can be hard to get at this small counter, so book ahead, and expect a brisk meal of roughly an hour and a half since there are multiple seatings per night.""}"
r_9a81b9,50.0,0.1892721812242363,0.0,0.94,4.198129264737554,4.299113507989593,0.1009842432520384,4.147637143111535,Hanoi House,East Village,Vietnamese,NYC,ChIJBWyKZp1ZwokRHhnug4zTch4,"119 St Marks Pl, New York, NY 10009",4.5,1335.0,https://komriwzkkknrsirifgqg.supabase.co/storage/v1/object/public/restaurant-photos/r_9a81b9.jpg,https://www.google.com/maps/search/?api=1&query=Hanoi%20House&query_place_id=ChIJBWyKZp1ZwokRHhnug4zTch4,25.0,40.7270085,-73.9835497,3.444,0.7228464419475655,10.0,0.0179775280898876,0.7048689138576779,1335.0,1472.0,1.0,1.0,10009.0,0.76,0.2631578947368421,0.1842105263157894,0.5263157894736842,0.4210526315789473,1.4285714285714286,406.7631578947368,0.6975302809817737,(212) 995-5010,http://www.hanoihousenyc.com/,"[{""day"": ""Monday"", ""hours"": ""5:30 to 9:30\u202fPM""}, {""day"": ""Tuesday"", ""hours"": ""5:30 to 9:30\u202fPM""}, {""day"": ""Wednesday"", ""hours"": ""5:30 to 9:30\u202fPM""}, {""day"": ""Thursday"", ""hours"": ""5:30 to 9:30\u202fPM""}, {""day"": ""Friday"", ""hours"": ""5:30 to 10:30\u202fPM""}, {""day"": ""Saturday"", ""hours"": ""11:30\u202fAM to 3:30\u202fPM, 5:30 to 10:30\u202fPM""}, {""day"": ""Sunday"", ""hours"": ""11:30\u202fAM to 3:30\u202fPM, 5:30 to 9\u202fPM""}]","[""https://lh3.googleusercontent.com/gps-cs-s/AHVAweodVx6VgMKJaIJglRCOxfr6djcHZpHwgU5_KniN_V8AJ-sY47OKAbtkITYiw610vIQoI0i3ljQOdEguP0o99Hyhp75phzaGLwY5u-0zCntyxIFw5u01PrcNVBDKdle63NwFo2Xl=w1920-h1080-k-no""]","[{""text"": ""Love the food, but space was very limited."", ""rating"": 5, ""author"": ""Charlene Auriel Lim"", ""published"": ""Edited 4 months ago""}, {""text"": ""Cute and lovely place, I love the noodles there, is healthy."", ""rating"": 5, ""author"": ""Co"", ""published"": ""4 months ago""}, {""text"": ""Such a rude hostess. I called to ask for some information and she hung up on me."", ""rating"": 1, ""author"": ""Fati A"", ""published"": ""3 weeks ago""}]",,"{""standout_dishes"": [""Pho (Northern-style, chicken or beef)"", ""Spicy garlic cauliflower"", ""Clams"", ""Summer and spring rolls""], ""vibe_and_service"": [""Cozy, stylish townhouse feel that's casual but intimate, with a nice brick nook in the back"", ""Warm, friendly service and fair pricing""], ""wait_time_note"": null}"
r_f460ec,50.0,0.2136734187090124,0.04,0.92,4.665539130271826,4.582190643992468,0.0,4.665539130271826,Quique Crudo,West Village,Mexican,NYC,ChIJ7Z6ZegBZwokR3bVVa97pjRw,"27 Bedford St, New York, NY 10014",4.6,206.0,https://komriwzkkknrsirifgqg.supabase.co/storage/v1/object/public/restaurant-photos/r_f460ec.jpg,https://www.google.com/maps/search/?api=1&query=Quique%20Crudo&query_place_id=ChIJ7Z6ZegBZwokR3bVVa97pjRw,100.0,40.7291547,-74.0037431,3.558,0.8689320388349514,10.0,0.0485436893203883,0.8203883495145631,206.0,418.0,0.0,1.0,10014.0,0.76,0.3421052631578947,0.0789473684210526,0.6578947368421053,0.1052631578947368,4.333333333333333,303.2631578947368,0.6959108669757349,(646) 590-0960,https://www.quiquecrudonyc.com/,"[{""day"": ""Monday"", ""hours"": ""5 to 10\u202fPM""}, {""day"": ""Tuesday"", ""hours"": ""5 to 10\u202fPM""}, {""day"": ""Wednesday"", ""hours"": ""5 to 10\u202fPM""}, {""day"": ""Thursday"", ""hours"": ""5 to 10\u202fPM""}, {""day"": ""Friday"", ""hours"": ""5 to 11\u202fPM""}, {""day"": ""Saturday"", ""hours"": ""5 to 11\u202fPM""}, {""day"": ""Sunday"", ""hours"": ""Closed""}]","[""https://lh3.googleusercontent.com/gps-cs-s/AHVAweqZcBW5Gs_8zIe30Ll9AJPgJS1Bjg0IsThFbNWLrzd4J0GPxCHFuIoHRNtEDK4kWHnK21PycSXYpaXwYPHp7HnDOTqko0eXTup1b9tOSpxVb4jKCm9CsUE_ZmpmG69WY7Ddp_ivLFYVvMRJ=w1920-h1080-k-no""]","[{""text"": ""Amazing place , excelente wines and food"", ""rating"": 5, ""author"": ""Daniel Chavez Bello"", ""published"": ""5 months ago""}, {""text"": ""Great NY gem! Chef is doing serious work here!"", ""rating"": 5, ""author"": ""Anselmo Berr"", ""published"": ""4 months ago""}, {""text"": ""Truly sensational. Best mole outside of Oaxaca."", ""rating"": 5, ""author"": ""Sean Leighton"", ""published"": ""5 months ago""}]",Local Favorite,"{""standout_dishes"": [""Lobster ceviche"", ""Razor clams"", ""Cheese ice cream dessert""], ""vibe_and_service"": [""Staff are friendly, attentive, and explain dishes well with good recommendations"", ""Cozy, intimate counter-seating space that works well for date nights or a small group of 2-3""], ""wait_time_note"": ""It's a tiny spot with mostly counter seating, so expect to be in and out in about an hour, and a walk-in wait on a weeknight evening was quoted at 1.5 hours but only took about 50 minutes.""}"
r_163902,44.0,0.215894735442241,0.0,0.9090909090909092,4.936837905711638,4.9304360562147,0.0,4.936837905711638,Neo Restaurant,Hollis Hills,Restaurant,NYC,ChIJUcyZGx1hwokRq-vRtk2GdCU,"212-04 Union Tpke, Hollis Hills, NY 11364",4.9,44.0,https://komriwzkkknrsirifgqg.supabase.co/storage/v1/object/public/restaurant-photos/r_163902.jpg,https://www.google.com/maps/search/?api=1&query=Neo%20Restaurant&query_place_id=ChIJUcyZGx1hwokRq-vRtk2GdCU,75.0,40.733506,-73.7586226,19.475,0.9772727272727272,10.0,0.0,0.9772727272727272,44.0,93.0,0.0,1.0,11364.0,0.8181818181818182,0.3611111111111111,0.0277777777777777,0.8888888888888888,0.0277777777777777,13.0,431.3611111111111,0.695733864404252,(718) 470-2224,http://www.neo-ny.com/,"[{""day"": ""Monday"", ""hours"": ""Closed""}, {""day"": ""Tuesday"", ""hours"": ""Closed""}, {""day"": ""Wednesday"", ""hours"": ""4 to 9\u202fPM""}, {""day"": ""Thursday"", ""hours"": ""4 to 10\u202fPM""}, {""day"": ""Friday"", ""hours"": ""4 to 10\u202fPM""}, {""day"": ""Saturday"", ""hours"": ""4 to 10\u202fPM""}, {""day"": ""Sunday"", ""hours"": ""4 to 9\u202fPM""}]","[""https://lh3.googleusercontent.com/gps-cs-s/AHVAwerUgoR5d9_CJBiOXorJBllgrhCc9rABnjjHnvQ13r2CQRtRvF8bb7UDBhf-yLt0RIhR8n1bAC1EEP8LUtFY9csaoDNSCFg5PFKfnUVO0B88V6SIYZNUU1CSSXI41s_UYKMO_WvorY_7jx1m=w1920-h1080-k-no""]","[{""text"": ""Great food great service. Mike and Gus are amazing."", ""rating"": 5, ""author"": ""John S"", ""published"": ""8 months ago""}, {""text"": ""love! casey's recommendations can't be wrong! he's the best!"", ""rating"": 5, ""author"": ""Mel J"", ""published"": ""3 months ago""}, {""text"": ""Outstanding restaurant, outstanding food, and impeccable service."", ""rating"": 5, ""author"": ""Stephen Barbosa"", ""published"": ""10 months ago""}]",Hidden Gem,"{""standout_dishes"": [""Branzino"", ""Lobster pasta"", ""Escargot""], ""vibe_and_service"": [""Upscale, romantic atmosphere that feels like Manhattan dining close to home in Queens"", ""Attentive, warm staff, with bartender Stephanie and server Casey called out by name"", ""Creative, well-balanced cocktails and beautiful food presentation""], ""wait_time_note"": null}"
r_a35788,50.0,0.2288859492580148,0.0,0.82,4.838481868856193,4.840450619318392,0.0019687504621987,4.837497493625094,Ahgassi Korean Barbecue,Murray Hill,Korean,NYC,ChIJjc7gVtxZwokRN3Fzss0eS4g,"1 E 32nd St, New York, NY 10016",4.8,2781.0,https://komriwzkkknrsirifgqg.supabase.co/storage/v1/object/public/restaurant-photos/r_a35788.jpg,https://www.google.com/maps/search/?api=1&query=Ahgassi%20Korean%20Barbecue&query_place_id=ChIJjc7gVtxZwokRN3Fzss0eS4g,55.0,40.7470799,-73.9850233,1.213,0.9057892844300612,10.0,0.0165408126573175,0.8892484717727436,2781.0,1599.0,1.0,5.0,10016.0,0.86,0.1162790697674418,0.0697674418604651,0.5813953488372093,0.0,1.6666666666666667,253.88372093023256,0.6954003297679499,(212) 966-9839,https://ahgassigopchangnyc.com/,"[{""day"": ""Monday"", ""hours"": ""11:30\u202fAM to 11\u202fPM""}, {""day"": ""Tuesday"", ""hours"": ""11:30\u202fAM to 11\u202fPM""}, {""day"": ""Wednesday"", ""hours"": ""11:30\u202fAM to 11\u202fPM""}, {""day"": ""Thursday"", ""hours"": ""11:30\u202fAM to 12\u202fAM""}, {""day"": ""Friday"", ""hours"": ""11:30\u202fAM to 12\u202fAM""}, {""day"": ""Saturday"", ""hours"": ""11:30\u202fAM to 12\u202fAM""}, {""day"": ""Sunday"", ""hours"": ""11:30\u202fAM to 11\u202fPM""}]","[""https://lh3.googleusercontent.com/gps-cs-s/AHVAwepz2EPDr1f2P6J1XVB4Df2I2ooRrhMbyliKY0-gs09zJ3SF1CQIi361iJlV0h8sIBvoYrMcDuG4WCK_Rmpx277E2RQgix5rS6__YZxd4TUHHWwDAhK6pcGdbiEyQ3mLzc-z_2Pbyg=w1920-h1080-k-no""]","[{""text"": ""Great experience. definitely will come again \ud83d\ude0b"", ""rating"": 4, ""author"": ""Saba Dahboor"", ""published"": ""a month ago""}, {""text"": ""The best KBBQ experience ever. The food was fantastic and the service was incredible. We will go back here every time we\u2019re at NYC!"", ""rating"": 5, ""author"": ""Brian Mojica"", ""published"": ""a month ago""}, {""text"": ""The best Korean Barbecue in Ktown! The beef quality is premium and the veggies are very fresh. Our waitress Shun is very sweet and caring. When we get seated, all the small plates have been put on the table which is a nice detail I like. We will definitely come back."", ""rating"": 5, ""author"": ""Hanako"", ""published"": ""a month ago""}]",Universally Loved,"{""standout_dishes"": [], ""vibe_and_service"": [""Attentive, friendly servers who cook the meat at your table and refill banchan and sides quickly"", ""Servers get named shoutouts (Shun, Ming, Yo Yo, Scott, Abraham), and a few visitors came back for a second visit"", ""Premium meat quality that people feel is worth the price""], ""wait_time_note"": null}"
r_99c569,50.0,0.28892307134458,0.02,0.74,4.411384370146712,4.507879738071297,0.096495367924585,4.36313668618442,Lilya's Restaurant & Grill Cafe Gourmand,Midland Beach,Restaurant,NYC,ChIJK8bBozRJwokRNy88hNFUgFA,"548 Lincoln Ave, Staten Island, NY 10306",4.6,396.0,https://komriwzkkknrsirifgqg.supabase.co/storage/v1/object/public/restaurant-photos/r_99c569.jpg,https://www.google.com/maps/search/?api=1&query=Lilya's%20Restaurant%20%26%20Grill%20Cafe%20Gourmand&query_place_id=ChIJK8bBozRJwokRNy88hNFUgFA,75.0,40.5720373,-74.0951607,22.649,0.8207070707070707,10.0,0.0404040404040404,0.7803030303030303,396.0,606.0,1.0,1.0,10306.0,0.64,0.21875,0.0625,0.90625,0.09375,3.5,242.8125,0.6950702364289271,(718) 351-7575,https://gourmandny.com/,"[{""day"": ""Monday"", ""hours"": ""11\u202fAM to 9\u202fPM""}, {""day"": ""Tuesday"", ""hours"": ""11\u202fAM to 9\u202fPM""}, {""day"": ""Wednesday"", ""hours"": ""11\u202fAM to 9\u202fPM""}, {""day"": ""Thursday"", ""hours"": ""11\u202fAM to 9\u202fPM""}, {""day"": ""Friday"", ""hours"": ""11\u202fAM to 11:30\u202fPM""}, {""day"": ""Saturday"", ""hours"": ""11\u202fAM to 11:30\u202fPM""}, {""day"": ""Sunday"", ""hours"": ""11\u202fAM to 10\u202fPM""}]","[""https://lh3.googleusercontent.com/gps-cs-s/AHVAwer64lf8OvOY9C5jMKmUNRvq_5ayVBlyhC1Geerfg2nzmjAoaQRkZOgXInhMhGF-fma5Cz-viSHm9GkOVUyCykkAJrVT13DLMzJdyaMkLBPC5AMWHgA28WMN8Edr0AioRTriUBui=w1920-h1080-k-no""]","[{""text"": ""Delicious shish kabob and homemade soup.\nGreat service."", ""rating"": 5, ""author"": ""Emil Yao"", ""published"": ""9 months ago""}, {""text"": ""This is one of the best taste in NYC if I ever taste,  a special soups. THANK YOU \ud83d\ude4f"", ""rating"": 5, ""author"": ""Alex Shir"", ""published"": ""5 months ago""}, {""text"": ""Don't recommend.  Mediocre food. Assorted  appetizers plate out of the can, not homemade , shish kebab - children portion. Overpriced."", ""rating"": 2, ""author"": ""Yelena Monaenko"", ""published"": ""a week ago""}]",,"{""standout_dishes"": [""Shish kabob"", ""Homemade soups""], ""vibe_and_service"": [""Service gets praised across the board, with servers like Sveta/Svetlana singled out as warm and attentive"", ""Great for birthdays, weddings, and group celebrations, with live music and a kid-friendly feel"", ""Cozy, nicely decorated dining room that people drive in from Brooklyn and Bergen County to visit""], ""wait_time_note"": null}"
r_d7a324,50.0,0.2098531011033546,0.0,0.9,4.32266555250478,4.369915560759388,0.0472500082546076,4.2990405483774765,DOLORES,Bedford-Stuyvesant,Restaurant,NYC,ChIJwYDDibRbwokR7p0WTQvV1Y8,"397 Tompkins Ave, Brooklyn, NY 11216",4.5,90.0,https://komriwzkkknrsirifgqg.supabase.co/storage/v1/object/public/restaurant-photos/r_d7a324.jpg,https://www.google.com/maps/search/?api=1&query=DOLORES&query_place_id=ChIJwYDDibRbwokR7p0WTQvV1Y8,35.0,40.6838554,-73.9438622,8.959,0.8444444444444444,10.0,0.0444444444444444,0.8,90.0,71.0,1.0,1.0,11216.0,0.68,0.4705882352941176,0.088235294117647,0.4705882352941176,0.1470588235294117,5.333333333333333,373.6764705882353,0.692806982309376,,http://www.doloresbk.com/,"[{""day"": ""Monday"", ""hours"": ""4\u202fPM to 12\u202fAM""}, {""day"": ""Tuesday"", ""hours"": ""4\u202fPM to 12\u202fAM""}, {""day"": ""Wednesday"", ""hours"": ""4\u202fPM to 12\u202fAM""}, {""day"": ""Thursday"", ""hours"": ""4\u202fPM to 12\u202fAM""}, {""day"": ""Friday"", ""hours"": ""4\u202fPM to 12\u202fAM""}, {""day"": ""Saturday"", ""hours"": ""11\u202fAM to 12\u202fAM""}, {""day"": ""Sunday"", ""hours"": ""11\u202fAM to 12\u202fAM""}]","[""https://lh3.googleusercontent.com/gps-cs-s/AHVAwer_9DxWPa-gLyDX3wCiKwSfP9usZKqLlDCsBlThT-mqaY6tqXILZ32l4HA_uxmJJIyDWFl5ALfnq67JCjnTVX75jF4e3egRGP2od7T2HSF7AU5jqUhAC8R_IrYlHYiVRLnczPbTcDOf62uT=w1920-h1080-k-no""]","[{""text"": ""Hands down the best Mexican I\u2019ve ever had."", ""rating"": 5, ""author"": ""Alfredo M. Pontes"", ""published"": ""Edited 5 months ago""}, {""text"": ""Nicest staff, incredible food. Highly recommend!"", ""rating"": 5, ""author"": ""Jennifer Rodstrom"", ""published"": ""3 weeks ago""}, {""text"": ""Buzzy neighbourhood spot with delicious food and great value."", ""rating"": 5, ""author"": ""Cody Reid-Dodick"", ""published"": ""6 months ago""}]",,"{""standout_dishes"": [""Guac and chips"", ""Aguachile""], ""vibe_and_service"": [""Cozy, welcoming space with beautiful decor and a chill, buzzy neighborhood feel"", ""Friendly, attentive staff, with bartenders like Beto and server Jeff getting shout-outs"", ""Cocktails are a draw, from the house marg to the strawberry michelada""], ""wait_time_note"": ""The spot doesn't take reservations, so expect a long wait at peak times, but walking in late on a weekday evening or showing up right around 5pm can get you a seat.""}"
r_4fa52a,50.0,0.1772939454055594,0.0,0.94,3.7577251989072,3.9306603563650304,0.1729351574578301,3.671257620178285,Fat Fowl,Downtown Brooklyn,Caribbean,NYC,ChIJzbXRDpFbwokRpcfjIz0OtJg,"445 Albee Square W, Brooklyn, NY 11201",4.3,523.0,https://komriwzkkknrsirifgqg.supabase.co/storage/v1/object/public/restaurant-photos/r_4fa52a.jpg,https://www.google.com/maps/search/?api=1&query=Fat%20Fowl&query_place_id=ChIJzbXRDpFbwokRpcfjIz0OtJg,25.0,40.6910061,-73.9829552,7.439,0.751434034416826,10.0,0.0630975143403441,0.6883365200764818,523.0,566.0,0.0,1.0,11201.0,0.86,0.1395348837209302,0.0930232558139534,0.5116279069767442,0.1395348837209302,1.5,388.7441860465116,0.6898393443626217,(929) 475-0310,http://www.thefatfowl.com/,"[{""day"": ""Monday"", ""hours"": ""11\u202fAM to 10\u202fPM""}, {""day"": ""Tuesday"", ""hours"": ""11\u202fAM to 10\u202fPM""}, {""day"": ""Wednesday"", ""hours"": ""11\u202fAM to 10\u202fPM""}, {""day"": ""Thursday"", ""hours"": ""11\u202fAM to 10\u202fPM""}, {""day"": ""Friday"", ""hours"": ""11\u202fAM to 10\u202fPM""}, {""day"": ""Saturday"", ""hours"": ""11\u202fAM to 10\u202fPM""}, {""day"": ""Sunday"", ""hours"": ""11\u202fAM to 10\u202fPM""}]","[""https://lh3.googleusercontent.com/gps-cs-s/AHVAwep1DrMSCMhAJP0jxD5wJ047ipBWkgQF7REVuR8xiWclrWhBQXvHatTRSlvMdtnpQ9rFfS50N7c1FKxvnVPX2Rc4xljqgPv8dOdX-FnuFYQrLKzZUkvMx19f6FP_GGw0zCJuIMscjQ=w1920-h1080-k-no""]","[{""text"": ""Reasonably priced an chicken nice and tender"", ""rating"": 4, ""author"": ""Kingsley"", ""published"": ""3 months ago""}, {""text"": ""Tried everything on the menu , & it was divine."", ""rating"": 5, ""author"": ""Foodie Girl"", ""published"": ""a month ago""}, {""text"": ""Found a piece of hair in my food I was very disgusted \ud83e\udd22"", ""rating"": 1, ""author"": ""sharonda gorden"", ""published"": ""a month ago""}]",,"{""standout_dishes"": [""Oxtail mac and cheese"", ""Oxtail grilled cheese with sweet plantain"", ""Rotisserie chicken""], ""vibe_and_service"": [""Friendly, welcoming staff at the register and a casual food court setting"", ""Quick service and comfortable seating""], ""wait_time_note"": null}"
r_4ef153,50.0,0.2137011588532067,0.0,0.9,4.714520794648315,4.696053522552204,0.0,4.714520794648315,Don Cheech,Rosebank,Italian,NYC,ChIJ51mKm6xPwokRMnqlSGSflz8,"1271 Bay St, Staten Island, NY 10305",4.7,449.0,https://komriwzkkknrsirifgqg.supabase.co/storage/v1/object/public/restaurant-photos/r_4ef153.jpg,https://www.google.com/maps/search/?api=1&query=Don%20Cheech&query_place_id=ChIJ51mKm6xPwokRMnqlSGSflz8,75.0,40.6124938,-74.0647797,17.501,0.8953229398663697,10.0,0.0267260579064587,0.8685968819599109,449.0,331.0,1.0,2.0,10305.0,0.86,0.2790697674418604,0.0697674418604651,0.8837209302325582,0.0697674418604651,4.0,287.5581395348837,0.6891099764586225,(929) 392-2652,http://www.doncheechnyc.com/,"[{""day"": ""Monday"", ""hours"": ""Closed""}, {""day"": ""Tuesday"", ""hours"": ""12 to 9:30\u202fPM""}, {""day"": ""Wednesday"", ""hours"": ""12 to 9:30\u202fPM""}, {""day"": ""Thursday"", ""hours"": ""12 to 9:30\u202fPM""}, {""day"": ""Friday"", ""hours"": ""12 to 10:30\u202fPM""}, {""day"": ""Saturday"", ""hours"": ""12 to 10:30\u202fPM""}, {""day"": ""Sunday"", ""hours"": ""12 to 9\u202fPM""}]","[""https://lh3.googleusercontent.com/gps-cs-s/AHVAweqXsn9PKIp9rycZ2sbNtsLDXWk7A1ScuN-2LgZjkdPv0w9o22Wa2w9Hj9cUvm6D3YiXhhrtoBW3Y5OfcotkOpnohDOZIl4ck3n3ZaJpuU8CQt8uurcmYNmIBhF1W9_KxT6GSvQQ=w1920-h1080-k-no""]","[{""text"": ""Great food and great service.  We will definitely be back soon."", ""rating"": 5, ""author"": ""Joe Fermaint"", ""published"": ""a month ago""}, {""text"": ""Overrated and unseasoned. Saying that Olive Garden has better taste is insane"", ""rating"": 1, ""author"": ""Israel \u201cjockeq\u201d Garcia"", ""published"": ""a month ago""}, {""text"": ""Delicious food. Excellent service. Lovely place. Grazie mille Chef Massimo! \ud83d\udc68\u200d\ud83c\udf73"", ""rating"": 5, ""author"": ""Tony's Lists"", ""published"": ""4 months ago""}]",Local Favorite,"{""standout_dishes"": [""Chicken parm with spicy vodka sauce pasta"", ""Burrata appetizer"", ""Veal meatballs with truffle sauce""], ""vibe_and_service"": [""Service gets praised constantly, with servers like Freddy and Miguel called out by name"", ""Elegant, warm dining room with a chandelier that still feels relaxed"", ""Big portions and a deal-friendly prix fixe: $39 gets appetizer, salad, main, and dessert""], ""wait_time_note"": null}"
r_d99e9e,50.0,0.2357201289472487,0.0,0.46,4.449621081568066,4.442847859716114,0.0,4.449621081568066,Hareubang Dol Gui,Flushing,Korean,NYC,ChIJCXMxpdFhwokRIbl2zm1EfJk,"41-10 149th Pl, Flushing, NY 11355",4.4,51.0,https://komriwzkkknrsirifgqg.supabase.co/storage/v1/object/public/restaurant-photos/r_d99e9e.jpg,https://www.google.com/maps/search/?api=1&query=Hareubang%20Dol%20Gui&query_place_id=ChIJCXMxpdFhwokRIbl2zm1EfJk,75.0,40.7619824,-73.8147233,14.523,0.7450980392156863,10.0,0.0588235294117647,0.6862745098039216,51.0,88.0,1.0,3.0,11355.0,0.56,0.4285714285714285,0.0,0.2142857142857142,0.0357142857142857,12.0,146.82142857142858,0.6876259676415184,(646) 720-0214,,"[{""day"": ""Monday"", ""hours"": ""Closed""}, {""day"": ""Tuesday"", ""hours"": ""2\u202fPM to 2\u202fAM""}, {""day"": ""Wednesday"", ""hours"": ""2\u202fPM to 2\u202fAM""}, {""day"": ""Thursday"", ""hours"": ""2\u202fPM to 2\u202fAM""}, {""day"": ""Friday"", ""hours"": ""2\u202fPM to 2\u202fAM""}, {""day"": ""Saturday"", ""hours"": ""2\u202fPM to 2\u202fAM""}, {""day"": ""Sunday"", ""hours"": ""2\u202fPM to 2\u202fAM""}]","[""https://lh3.googleusercontent.com/gps-cs-s/AHVAweogpYdzvWSyMsfmrD3wrerzMaCQr4Uzbwpo3zia4JaPXSC2Aj508zznjBWhCDnbSUz9uPS-zObqXeALJcaIxW9K-4QUJTiG5ZJHZ1kB5k5dYrmyQ0puq694IO0JGTvY4FGdgwg1=w1920-h1080-k-no""]","[{""text"": ""The food is amazing. Services are great too."", ""rating"": 5, ""author"": ""L F"", ""published"": ""Edited 2 years ago""}, {""text"": ""Eel and beef tripe are the best. And the 80s and 90s music is really good."", ""rating"": 5, ""author"": ""jae cheol heo"", ""published"": ""6 months ago""}, {""text"": ""Fresh live Grilled Eel BBQ\n\nThis is best recovery energies nutrition sea food ever with Great taste! Wow yem yem !"", ""rating"": 5, ""author"": ""tae yoon"", ""published"": ""4 years ago""}]",,"{""standout_dishes"": [""Fresh grilled eel (\uc7a5\uc5b4)"", ""Stir-fried squid"", ""Eel wrapped in perilla leaf with spicy chives""], ""vibe_and_service"": [""Feels like a real Korean spot, with a tank of live eels you can see and an owner couple who explain the Jeju stone grill and the meal"", ""The owner grills everything for you and teaches you how to wrap the eel in perilla leaf with chives"", ""Affordable prices and a healthier, fish-focused take on Korean BBQ that's different from the usual KBBQ""], ""wait_time_note"": null}"
r_80c1d9,50.0,0.2174170726185066,0.02,0.9,4.442954088527649,4.49029208962142,0.0473380010937711,4.419285087980763,WOKUNI,Murray Hill,Japanese,NYC,ChIJQWyoqwZZwokRbsy5pIm3LRg,"327 Lexington Ave, New York, NY 10016",4.5,1256.0,https://komriwzkkknrsirifgqg.supabase.co/storage/v1/object/public/restaurant-photos/r_80c1d9.jpg,https://www.google.com/maps/search/?api=1&query=WOKUNI&query_place_id=ChIJQWyoqwZZwokRbsy5pIm3LRg,25.0,40.749296,-73.977447,1.184,0.7555732484076433,10.0,0.035828025477707,0.7197452229299363,1256.0,2403.0,1.0,3.0,10016.0,0.64,0.53125,0.0625,0.4375,0.15625,8.5,315.875,0.6874666935334488,(212) 447-1212,http://www.wokuninyc.com/,"[{""day"": ""Monday"", ""hours"": ""11:30\u202fAM to 2:45\u202fPM, 5 to 9:30\u202fPM""}, {""day"": ""Tuesday"", ""hours"": ""11:30\u202fAM to 2:45\u202fPM, 5 to 9:30\u202fPM""}, {""day"": ""Wednesday"", ""hours"": ""11:30\u202fAM to 2:45\u202fPM, 5 to 9:30\u202fPM""}, {""day"": ""Thursday"", ""hours"": ""11:30\u202fAM to 2:45\u202fPM, 5 to 9:30\u202fPM""}, {""day"": ""Friday"", ""hours"": ""11:30\u202fAM to 2:45\u202fPM, 5 to 10:30\u202fPM""}, {""day"": ""Saturday"", ""hours"": ""11:30\u202fAM to 2:45\u202fPM, 5 to 10:30\u202fPM""}, {""day"": ""Sunday"", ""hours"": ""11:30\u202fAM to 2:45\u202fPM, 5 to 9:30\u202fPM""}]","[""https://lh3.googleusercontent.com/gps-cs-s/AHVAwepXYNy-CJFK_Uw3cY3dQr7ajBn8FC-7AD3v21X5cQU78ZcXlwWLfjtqgLJrmrHZ5x9182SxNVJ77hsrEuGDrk12ajmM0XVGiiWUOyyD35ZSMBN9qeSdlqiNYy9lKrwWMkC1pmCb=w1920-h1080-k-no""]","[{""text"": ""Food was super delicious. Nice and attentive personal"", ""rating"": 5, ""author"": ""Kristina H"", ""published"": ""2 months ago""}, {""text"": ""Amazing sushi and saki the food was wonderful and wonderful staff"", ""rating"": 5, ""author"": ""Sarah Bell"", ""published"": ""a month ago""}, {""text"": ""Solid chirashi. Good rice, good fish, and good price. What\u2019s more to ask for."", ""rating"": 5, ""author"": ""Navi Ivan"", ""published"": ""a week ago""}]",,"{""standout_dishes"": [""Wokuni-Don with sashimi and tempura"", ""Sushi omakase and sushi platters"", ""Fresh sashimi sets (Osashimi Teishoku)""], ""vibe_and_service"": [""Elegant, modern space with high ceilings that works for dates, client meetings, or special occasions"", ""Friendly, attentive service, including a named server (Manisha) who helped guests land the limited specials"", ""Weekday lunch specials are a good value, and dinner turns more intimate""], ""wait_time_note"": ""For weekday lunch, reserve ahead or show up right at the 11:30am opening, since the limited daily specials (Wokuni-Don, Osashimi Teishoku) sell out within the first hour.""}"
r_810555,50.0,0.3213308857534892,0.0,0.7,4.771771125799496,4.724957258581199,0.0,4.771771125799496,Haidilao Hotpot,Flushing,Chinese,NYC,ChIJtdeAXXFhwokRoxVFjtD6ctU,"138-23 39th Ave, Flushing, NY 11354",4.8,8408.0,https://komriwzkkknrsirifgqg.supabase.co/storage/v1/object/public/restaurant-photos/r_810555.jpg,https://www.google.com/maps/search/?api=1&query=Haidilao%20Hotpot&query_place_id=ChIJtdeAXXFhwokRoxVFjtD6ctU,75.0,40.7613242,-73.8280583,13.388,0.941722169362512,10.0,0.0172454804947668,0.924476688867745,8408.0,4667.0,1.0,4.0,11354.0,0.9,0.2666666666666666,0.0444444444444444,0.2222222222222222,0.0,6.0,243.95555555555555,0.6872302764050146,(917) 231-8888,https://www.superhiinternational.com/serve/storeSearch,"[{""day"": ""Monday"", ""hours"": ""12 to 4\u202fAM, 11:30\u202fAM to 12\u202fAM""}, {""day"": ""Tuesday"", ""hours"": ""12 to 4\u202fAM, 11:30\u202fAM to 12\u202fAM""}, {""day"": ""Wednesday"", ""hours"": ""12 to 4\u202fAM, 11:30\u202fAM to 12\u202fAM""}, {""day"": ""Thursday"", ""hours"": ""12 to 4\u202fAM, 11:30\u202fAM to 12\u202fAM""}, {""day"": ""Friday"", ""hours"": ""12 to 6\u202fAM, 11:30\u202fAM to 12\u202fAM""}, {""day"": ""Saturday"", ""hours"": ""12 to 6\u202fAM, 11\u202fAM to 12\u202fAM""}, {""day"": ""Sunday"", ""hours"": ""12 to 6\u202fAM, 11\u202fAM to 12\u202fAM""}]","[""https://lh3.googleusercontent.com/gps-cs-s/AHVAweow-jiQaTvU77GmOrpdJa7CGSHuuEA2skkRoAmbnnJo6IgWc9knRTpHaXwIIpMT3_elMsnb5NP4DtfQ2aFJwDx03SeYr-cddNUNLW1Oi3w_bVZF4jHID_W26Zz60cr2xOJSv7lE=w1920-h1080-k-no""]","[{""text"": ""Great service from Iris  and good food. Great place for a quick lunch dinner."", ""rating"": 5, ""author"": ""Sam Wong"", ""published"": ""a week ago""}, {""text"": ""My first Chinese hotpot experience, really enjoyed my time here. Great broth and meats, cute serving carts, polite and attentive staff. 10/10 highly recommend!"", ""rating"": 5, ""author"": ""Soumyadeep Datta"", ""published"": ""6 days ago""}, {""text"": ""They had such a friendly atmosphere and the staffs were really nice. The fresh food was delivered pretty fast and everything felt perfect. Even the bathroom had toilets that warm up and the sink was clean. They even had mouth wash and hair ties that they provide for you. It\u2019s just a bit expensive but worth the experience. Weekends and holidays will have long waits so be prepared for that too! :) \u2764\ufe0f\u2764\ufe0f\u2764\ufe0f"", ""rating"": 5, ""author"": ""Bianca Lin"", ""published"": ""a day ago""}]",Local Favorite,"{""standout_dishes"": [], ""vibe_and_service"": [""Standout, attentive service \ria number of reviewers name specific staff like Celine, Karson, Leo and Tracy as the reason they'd come back"", ""Unlimited, well-stocked sauce bar plus complimentary sides, with a lunch special around $20 per person that reviewers call great value"", ""Spotless, comfortable space with extras like warm toilet seats, mouthwash and hair ties, and it stays open late with good service even at 2am""], ""wait_time_note"": ""Weekends and holidays can mean long waits (one reviewer waited over two hours), so reserve a table a day ahead if you can.""}"
r_9bcd66,50.0,0.2179025697698928,0.0,0.9,4.297320300270192,4.377463383864479,0.0801430835942875,4.2572487584730485,Izakaya MEW,Chelsea,Japanese,NYC,ChIJh_4leqlZwokRJxjh98xRrd4,"53 W 35th St, New York, NY 10001",4.5,3453.0,https://komriwzkkknrsirifgqg.supabase.co/storage/v1/object/public/restaurant-photos/r_9bcd66.jpg,https://www.google.com/maps/search/?api=1&query=Izakaya%20MEW&query_place_id=ChIJh_4leqlZwokRJxjh98xRrd4,25.0,40.7501561,-73.9862542,0.873,0.7335650159281784,10.0,0.0419924703156675,0.6915725456125109,3453.0,5893.0,1.0,2.0,10001.0,0.74,0.2702702702702703,0.1891891891891892,0.3243243243243243,0.1351351351351351,1.4285714285714286,359.02702702702703,0.6865994585473716,(646) 368-9459,http://mewnyc.com/,"[{""day"": ""Monday"", ""hours"": ""12 to 2:15\u202fPM, 5 to 9:30\u202fPM""}, {""day"": ""Tuesday"", ""hours"": ""12 to 2:15\u202fPM, 5 to 9:30\u202fPM""}, {""day"": ""Wednesday"", ""hours"": ""12 to 2:15\u202fPM, 5 to 9:30\u202fPM""}, {""day"": ""Thursday"", ""hours"": ""12 to 2:15\u202fPM, 5 to 9:30\u202fPM""}, {""day"": ""Friday"", ""hours"": ""12 to 2:15\u202fPM, 5 to 10:30\u202fPM""}, {""day"": ""Saturday"", ""hours"": ""12 to 2:15\u202fPM, 4:30 to 10:30\u202fPM""}, {""day"": ""Sunday"", ""hours"": ""12 to 2:15\u202fPM, 4:30 to 9:30\u202fPM""}]","[""https://lh3.googleusercontent.com/gps-cs-s/AHVAwepuxptVGpAbA2W7U49mNqCCY8k6CBxyNhi0G0ZOMY19o1-lZRhRGz_E9pkkNi_iZ_9nBBosbFhgKdU9FMRF2Ll0IPjr5FXta5_q9aB7FgoEJR0Wj8IVAzuVd33o7913uKXibUhyTw=w1920-h1080-k-no""]","[{""text"": ""highly recommend the salmon & tuna tartare roll!! and the cocktails are deliciousss"", ""rating"": 5, ""author"": ""Nhi P"", ""published"": ""2 weeks ago""}, {""text"": ""Great food brought out quickly, it does get pretty loud when busy but a beautiful place"", ""rating"": 5, ""author"": ""JD"", ""published"": ""a month ago""}, {""text"": ""the matcha martini was good for real. also the popular beer i forget the name was refreshing"", ""rating"": 5, ""author"": ""Will Nelson"", ""published"": ""a month ago""}]",,"{""standout_dishes"": [""Tuna tartare roll or dome"", ""Homemade tiramisu""], ""vibe_and_service"": [""Lively, energetic atmosphere that's great for groups and sharing food with friends"", ""Friendly, fast service with food coming out quickly, even when packed"", ""Staff are accommodating, including with allergies""], ""wait_time_note"": ""It gets busy and waits can run from about 15 minutes to much longer, so a reservation is a good idea, and you can grab drinks and appetizers at the bar while you wait.""}"
r_9d49d5,50.0,0.2033514597324852,0.0,0.92,3.974804570545984,4.182167568284664,0.2073629977386804,3.871123071676644,Tomo21 Sushi,SoHo,Japanese,NYC,ChIJ4WXDA45ZwokRiYUKlIucxxU,"172 Thompson St, New York, NY 10012",4.5,1192.0,https://komriwzkkknrsirifgqg.supabase.co/storage/v1/object/public/restaurant-photos/r_9d49d5.jpg,https://www.google.com/maps/search/?api=1&query=Tomo21%20Sushi&query_place_id=ChIJ4WXDA45ZwokRiYUKlIucxxU,25.0,40.7276662,-74.0001319,3.589,0.7558724832214765,10.0,0.0377516778523489,0.7181208053691275,1192.0,1411.0,0.0,3.0,10012.0,0.68,0.6764705882352942,0.1764705882352941,0.2352941176470588,0.0588235294117647,3.8333333333333335,218.3235294117647,0.6853168197684916,(646) 799-9006,https://order.mealkeyway.com/merchant/65544c45446839717849786b32324243744b4f4437513d3d/main,"[{""day"": ""Monday"", ""hours"": ""Closed""}, {""day"": ""Tuesday"", ""hours"": ""12:30 to 3\u202fPM, 5 to 10\u202fPM""}, {""day"": ""Wednesday"", ""hours"": ""12:30 to 3\u202fPM, 5 to 10\u202fPM""}, {""day"": ""Thursday"", ""hours"": ""12:30 to 3\u202fPM, 5 to 10\u202fPM""}, {""day"": ""Friday"", ""hours"": ""12:30 to 3\u202fPM, 5 to 10:45\u202fPM""}, {""day"": ""Saturday"", ""hours"": ""12:30 to 3\u202fPM, 5 to 10:45\u202fPM""}, {""day"": ""Sunday"", ""hours"": ""12:30 to 3\u202fPM, 5 to 9:30\u202fPM""}]","[""https://lh3.googleusercontent.com/gps-cs-s/AHVAweqPrgtFmacWw7tHfj4kcJFHC2nJfqHAROMXLPW8qB4wL6pQ8uPBUWPxDWnUOEy87mU7h7ppJMnbLEPi0u332gcrUT45tvOhwg0sO55JHCIdUse9H4NSyV9N4mTJqPbGPMS6FOc=w1920-h1080-k-no""]","[{""text"": ""One of the best sushi restaurants in NYC!!!"", ""rating"": 5, ""author"": ""Stacey Hope The Mayor"", ""published"": ""2 months ago""}, {""text"": ""Maybe the most overhyped, confusing restaurant in NYC."", ""rating"": 2, ""author"": ""Adam Zimmerman"", ""published"": ""3 months ago""}, {""text"": ""Delicious! Excellent quality fish without the exorbitant prices."", ""rating"": 5, ""author"": ""Michael Magazinnik"", ""published"": ""Edited 4 days ago""}]",,"{""standout_dishes"": [], ""vibe_and_service"": [""Small, cozy, casual spot where the food still feels a step up"", ""Prices are reasonable for the area, with several reviewers calling it one of the last affordable options"", ""Friendly, quick service""], ""wait_time_note"": ""Expect a line here, so go early or late to avoid it, or you may be able to walk in if you time it right.""}"
r_e62967,50.0,0.1949300507260172,0.0,0.92,3.6229913745739815,3.8428587607379368,0.2198673861639553,3.513057681492004,Wayan,SoHo,Restaurant,NYC,ChIJm7ryTglZwokRsgnJB6CDMCo,"20 Spring St, New York, NY 10012",4.3,1375.0,https://komriwzkkknrsirifgqg.supabase.co/storage/v1/object/public/restaurant-photos/r_e62967.jpg,https://www.google.com/maps/search/?api=1&query=Wayan&query_place_id=ChIJm7ryTglZwokRsgnJB6CDMCo,100.0,40.7213692,-73.9950855,4.147,0.7141818181818181,10.0,0.0501818181818181,0.664,1375.0,3853.0,1.0,1.0,10012.0,0.72,0.1388888888888889,0.1388888888888889,0.25,0.2777777777777778,1.0,271.25,0.6845468525049475,(917) 261-4388,http://www.wayan-nyc.com/,"[{""day"": ""Monday"", ""hours"": ""12 to 3:30\u202fPM, 5:30 to 11\u202fPM""}, {""day"": ""Tuesday"", ""hours"": ""12 to 3:30\u202fPM, 5:30 to 11\u202fPM""}, {""day"": ""Wednesday"", ""hours"": ""12 to 3:30\u202fPM, 5:30 to 11\u202fPM""}, {""day"": ""Thursday"", ""hours"": ""12 to 3:30\u202fPM, 5:30\u202fPM to 12\u202fAM""}, {""day"": ""Friday"", ""hours"": ""12 to 3:30\u202fPM, 5:30\u202fPM to 12\u202fAM""}, {""day"": ""Saturday"", ""hours"": ""11:30\u202fAM to 4\u202fPM, 5\u202fPM to 12\u202fAM""}, {""day"": ""Sunday"", ""hours"": ""11:30\u202fAM to 4\u202fPM, 5 to 11\u202fPM""}]","[""https://lh3.googleusercontent.com/gps-cs-s/AHVAwepMX5e-fMkLDKFT0gnib5N1o0K66ainG88uqpV7CNkoYYQcF6NHiwsi64u1T49K2ye-WF6eTdP7nwfie5RtKEskdA4NoB2BSTIiVZa-dRLCwmcHbQz1fsOq9c7L9_-oxJNGFFWFqm0kAvei=w1920-h1080-k-no""]","[{""text"": ""After so many delicious years, still my favorite restaurant in NYC."", ""rating"": 5, ""author"": ""Richard Geist"", ""published"": ""2 weeks ago""}, {""text"": ""Portions were kinda weak and the food felt uninspired for the price"", ""rating"": 3, ""author"": ""Josh Ma"", ""published"": ""2 months ago""}, {""text"": ""Great food beautifully presented..interesting flavor profiles\u2026 friendly responsive staff"", ""rating"": 5, ""author"": ""Cynthia Sheehan"", ""published"": ""2 months ago""}]",,"{""standout_dishes"": [], ""vibe_and_service"": [""Warm, stylish, beautifully designed space that's lively without being too loud to talk"", ""Great for a group night out or a chat over drinks and light bites"", ""Several reviewers found the service attentive and welcoming""], ""wait_time_note"": null}"
r_6578f9,50.0,0.2122967636701291,0.0,0.88,4.218703422951521,4.245739717924367,0.0270362949728459,4.205185275465098,NUBIANI - Koreatown,Murray Hill,Korean,NYC,ChIJW-3UoWxZwokRrli2mpfYZdo,"315 5th Ave #3FL, New York, NY 10016",4.5,949.0,https://komriwzkkknrsirifgqg.supabase.co/storage/v1/object/public/restaurant-photos/r_6578f9.jpg,https://www.google.com/maps/search/?api=1&query=NUBIANI%20-%20Koreatown&query_place_id=ChIJW-3UoWxZwokRrli2mpfYZdo,75.0,40.7469941,-73.9854149,1.222,0.8282402528977871,10.0,0.0621707060063224,0.7660695468914647,949.0,2156.0,1.0,2.0,10016.0,0.72,0.1666666666666666,0.1111111111111111,0.5555555555555556,0.1666666666666666,1.5,330.3611111111111,0.6839355678803907,(917) 623-0807,https://www.nubianinyc.com/,"[{""day"": ""Monday"", ""hours"": ""12 to 11\u202fPM""}, {""day"": ""Tuesday"", ""hours"": ""12 to 11\u202fPM""}, {""day"": ""Wednesday"", ""hours"": ""12 to 11\u202fPM""}, {""day"": ""Thursday"", ""hours"": ""12\u202fPM to 12\u202fAM""}, {""day"": ""Friday"", ""hours"": ""12\u202fPM to 1\u202fAM""}, {""day"": ""Saturday"", ""hours"": ""12\u202fPM to 1\u202fAM""}, {""day"": ""Sunday"", ""hours"": ""12 to 11\u202fPM""}]","[""https://lh3.googleusercontent.com/gps-cs-s/AHVAwephubhuXj51x9vzwEfxTSeJpsU6k76Lt6mIDiFIIYCXofNDqIak0_VxJHd1zphv5VRpfAaxGBp8V41WhG9JuQKbM9x0YdZsMIcVJIli9Akf4aY2Yeof6E7TPNC_Qo3gFaOWz1bzCvme6Chh=w1920-h1080-k-no""]","[{""text"": ""Service so good that they refill our side dishes even when I\u2019m full"", ""rating"": 5, ""author"": ""Sean Lee"", ""published"": ""a month ago""}, {""text"": ""It was my excellent experience with Korean bbq here. The service was over expectation and the meat and side dishes were delicious \ud83d\ude0b"", ""rating"": 5, ""author"": ""Anny s"", ""published"": ""15 hours ago""}, {""text"": ""It\u2019s always pleasure dining at NUBIANI.\nI\u2019d give 5/5 for excellent service, especially for the person who do their best job on the grill. Outstanding lunch menu as well."", ""rating"": 5, ""author"": ""Mandoo Mul"", ""published"": ""Edited 3 weeks ago""}]",,"{""standout_dishes"": [""Egg souffl\u00e9 side dish"", ""Dry-aged and premium beef cuts"", ""Soybean/kimchi stew""], ""vibe_and_service"": [""Staff cook the meat at your table and keep banchan and rice refilled without asking"", ""Great ventilation, so you don't leave smelling like smoke"", ""Upscale, polished space that suits special occasions""], ""wait_time_note"": ""Reservations are strongly recommended, since it's described as reservation-only and one solo diner was turned away as fully booked; there's also a strict 90-minute time limit.""}"
r_553ba4,50.0,0.2311737050175119,0.0,0.86,4.670226993011629,4.760979621327965,0.090752628316336,4.624850678853461,Oda House UES,Upper East Side,Restaurant,NYC,ChIJZzj3W8JZwokRi8KiRaRr7SU,"406 E 73rd St, New York, NY 10021",4.6,1779.0,https://komriwzkkknrsirifgqg.supabase.co/storage/v1/object/public/restaurant-photos/r_553ba4.jpg,https://www.google.com/maps/search/?api=1&query=Oda%20House%20UES&query_place_id=ChIJZzj3W8JZwokRi8KiRaRr7SU,40.0,40.7680776,-73.9549865,2.825,0.821247892074199,10.0,0.0236087689713322,0.7976391231028668,1779.0,1825.0,1.0,3.0,10021.0,0.72,0.4444444444444444,0.1111111111111111,0.8888888888888888,0.0,4.0,266.8333333333333,0.6823357611188539,(646) 998-5152,https://odahouse.com/?utm_source=gmb_manhattan&utm_medium=organic,"[{""day"": ""Monday"", ""hours"": ""4 to 10\u202fPM""}, {""day"": ""Tuesday"", ""hours"": ""4 to 10\u202fPM""}, {""day"": ""Wednesday"", ""hours"": ""4 to 10\u202fPM""}, {""day"": ""Thursday"", ""hours"": ""4 to 10\u202fPM""}, {""day"": ""Friday"", ""hours"": ""12 to 11\u202fPM""}, {""day"": ""Saturday"", ""hours"": ""12 to 11\u202fPM""}, {""day"": ""Sunday"", ""hours"": ""12 to 10\u202fPM""}]","[""https://lh3.googleusercontent.com/gps-cs-s/AHVAweoaJqRg6eomuWK9Uk1oPDCRoFqhxgwEWYuF7gBCMnB68pGaiaGSVI5H4-eTwzqwbn6yLnlDyL4HamrB1tzTbT_eW1GQkUQ6Pp80EroIrVEFxiJfHLNKRcGerAxJX_GSsueMv91oyP-3wfMv=w1920-h1080-k-no""]","[{""text"": ""Try the Borscht and Cha Cha, this place is delicious!"", ""rating"": 5, ""author"": ""Ally F"", ""published"": ""2 months ago""}, {""text"": ""The food and staff were both off the charts excellent. Thank you!!"", ""rating"": 5, ""author"": ""Jeff London"", ""published"": ""2 months ago""}, {""text"": ""As a Georgian myself, I can say that this place is absolutely incredible! Food was just like home"", ""rating"": 5, ""author"": ""zura a"", ""published"": ""Edited a month ago""}]",Local Favorite,"{""standout_dishes"": [""Homemade cheese bread (khachapuri)"", ""Pork and beef dumplings"", ""Borscht""], ""vibe_and_service"": [""Cozy, warm, homey atmosphere with tasteful music and decor"", ""Friendly, attentive staff who give helpful menu recommendations and genuine Georgian hospitality"", ""Prices well below the usual NYC average""], ""wait_time_note"": null}"
r_4f08f1,50.0,0.2088901648890236,0.0,0.9,4.1906009941709605,4.227762718781446,0.0371617246104856,4.172020131865718,Taku Sando,Greenpoint,Japanese,NYC,ChIJ8ZshVyFZwokRqQFLjNmfWmE,"29 Greenpoint Ave, Brooklyn, NY 11222",4.4,405.0,https://komriwzkkknrsirifgqg.supabase.co/storage/v1/object/public/restaurant-photos/r_4f08f1.jpg,https://www.google.com/maps/search/?api=1&query=Taku%20Sando&query_place_id=ChIJ8ZshVyFZwokRqQFLjNmfWmE,15.0,40.72988,-73.9596357,3.818,0.7061728395061728,10.0,0.0419753086419753,0.6641975308641975,405.0,711.0,1.0,2.0,11222.0,0.74,0.1621621621621621,0.1621621621621621,0.4324324324324324,0.081081081081081,1.0,328.1351351351352,0.6820832611839959,(347) 294-0461,https://www.takusando.com/,"[{""day"": ""Monday"", ""hours"": ""11:30\u202fAM to 8\u202fPM""}, {""day"": ""Tuesday"", ""hours"": ""11:30\u202fAM to 8\u202fPM""}, {""day"": ""Wednesday"", ""hours"": ""11:30\u202fAM to 8\u202fPM""}, {""day"": ""Thursday"", ""hours"": ""11:30\u202fAM to 8\u202fPM""}, {""day"": ""Friday"", ""hours"": ""11:30\u202fAM to 8\u202fPM""}, {""day"": ""Saturday"", ""hours"": ""11:30\u202fAM to 8\u202fPM""}, {""day"": ""Sunday"", ""hours"": ""11:30\u202fAM to 8\u202fPM""}]","[""https://lh3.googleusercontent.com/gps-cs-s/AHVAweq3CQ5JW7gZ2jZBAU1Ks_4cvDwucG5jGSqJfClySXuq9mtAm_ksMtjoPE-5wdLAdZ97jtVWFIP4S_lqt-qOk4NUEA_5HW4zC5F5aC5045vmdBf3YKS32nJD6xPGNp6XmQlsz5vy=w1920-h1080-k-no""]","[{""text"": ""So cute, delicious, and such nice staff ^^"", ""rating"": 5, ""author"": ""\u30df\u30c3\u30b7\u30a7\u30ebMichelle"", ""published"": ""a month ago""}, {""text"": ""Chips are soooo good\nLove the fish sandwich"", ""rating"": 5, ""author"": ""JL"", ""published"": ""a month ago""}, {""text"": ""Great flavor but a little heavy on the sauce."", ""rating"": 5, ""author"": ""Mark Lumerman"", ""published"": ""a month ago""}]",,"{""standout_dishes"": [""Fish katsu sando with cod"", ""Tonkatsu sando"", ""Egg sando (ajitama)"", ""Fries""], ""vibe_and_service"": [""Friendly, welcoming staff"", ""Cozy, nicely designed space with lots of seating in back"", ""Fun extras like the heated Japanese toilet""], ""wait_time_note"": ""Lines can get long, especially at busy times like Saturday evening, so ordering online ahead is the way to go.""}"
r_22c5a8,50.0,0.2166753017590738,0.0,0.86,3.783308516792379,3.9322780098642425,0.1489694930718634,3.7088237702564473,Wonder Pig K-BBQ,Long Island City,Korean,NYC,ChIJ2T9heqpfwokRETQz9bUazL0,"37-08 Queens Blvd, Long Island City, NY 11101",4.2,719.0,https://komriwzkkknrsirifgqg.supabase.co/storage/v1/object/public/restaurant-photos/r_22c5a8.jpg,https://www.google.com/maps/search/?api=1&query=Wonder%20Pig%20K-BBQ&query_place_id=ChIJ2T9heqpfwokRETQz9bUazL0,55.0,40.7439314,-73.9276554,5.159,0.7260083449235049,6.791044776119403,0.0931849791376912,0.6328233657858137,719.0,667.0,1.0,1.0,11101.0,0.84,0.1666666666666666,0.1428571428571428,0.2619047619047619,0.0714285714285714,1.1666666666666667,265.92857142857144,0.6793447463595754,(845) 592-5554,http://www.wonderpigkbbq.com/,"[{""day"": ""Monday"", ""hours"": ""12 to 11\u202fPM""}, {""day"": ""Tuesday"", ""hours"": ""12 to 11\u202fPM""}, {""day"": ""Wednesday"", ""hours"": ""12 to 11\u202fPM""}, {""day"": ""Thursday"", ""hours"": ""12 to 11\u202fPM""}, {""day"": ""Friday"", ""hours"": ""12\u202fPM to 12\u202fAM""}, {""day"": ""Saturday"", ""hours"": ""12\u202fPM to 12\u202fAM""}, {""day"": ""Sunday"", ""hours"": ""12 to 11\u202fPM""}]","[""https://lh3.googleusercontent.com/gps-cs-s/AHVAwepMrt1HyEXEjx0aHL-rRGnIN2xPpcLRnZRAo-ThGntvVqwBkSAju6cbNM9UI8iXFkglnESLTg66xDSfOgUsQfUcEoUseOCnhGHV2gYjNlzJ04hy-ygbP6eWuNUejAthF6nz0Sgk=w1920-h1080-k-no""]","[{""text"": ""Great food and service that lead to a great dining experience"", ""rating"": 5, ""author"": ""Joseph Ruperto"", ""published"": ""2 months ago""}, {""text"": ""There are not enough good things to say. Service is phenomenal, food exceptional, and vibes immaculate!"", ""rating"": 5, ""author"": ""John Martin"", ""published"": ""4 months ago""}, {""text"": ""Beef is super fatty. Chicken was best. Black bean noodles were good. Wayyy overpriced. Kitchen is really dirty."", ""rating"": 3, ""author"": ""Denise Postony"", ""published"": ""2 months ago""}]",,"{""standout_dishes"": [""Beef brisket"", ""Pork belly"", ""Ribeye""], ""vibe_and_service"": [""Friendly, attentive servers who cook the meat for you at the table"", ""Good value for all-you-can-eat Korean BBQ with lots of meat choices"", ""Works well for groups""], ""wait_time_note"": null}"
r_978be3,50.0,0.3706987666767382,0.0,0.56,4.981179057023232,4.979305459831937,0.0,4.981179057023232,The Rooftop at The Rockaway Hotel,Seaside,Seafood,NYC,ChIJDZG9uwVpwokRaU32c9b0YHQ,"108-10 Rockaway Beach Dr, Queens, NY 11694",4.8,242.0,https://komriwzkkknrsirifgqg.supabase.co/storage/v1/object/public/restaurant-photos/r_978be3.jpg,https://www.google.com/maps/search/?api=1&query=The%20Rooftop%20at%20The%20Rockaway%20Hotel&query_place_id=ChIJDZG9uwVpwokRaU32c9b0YHQ,75.0,40.581506,-73.830094,23.628,0.8884297520661157,10.0,0.0206611570247933,0.8677685950413223,242.0,161.0,0.0,4.0,11694.0,0.66,0.1212121212121212,0.0,0.6363636363636364,0.0,4.0,141.66666666666666,0.6791497738094919,(718) 489-8914,https://www.therockawayhotel.com/dining/the-rooftop,"[{""day"": ""Monday"", ""hours"": ""Closed""}, {""day"": ""Tuesday"", ""hours"": ""Closed""}, {""day"": ""Wednesday"", ""hours"": ""Closed""}, {""day"": ""Thursday"", ""hours"": ""Closed""}, {""day"": ""Friday"", ""hours"": ""6 to 11\u202fPM""}, {""day"": ""Saturday"", ""hours"": ""6 to 11\u202fPM""}, {""day"": ""Sunday"", ""hours"": ""Closed""}]","[""https://lh3.googleusercontent.com/gps-cs-s/AHVAweoLNkSpWEybk1fx9pVDDfivjQ5ApCIvYBM6aJrIdSfaAAKT8dId-QQ90L2N9-tXi21e2wACLuOtyVmTbIjDcILfaSFdvro0gQyOYBtj-higZPLqK3xLsXHSMU9D0mKZEaAozyR3=w1920-h1080-k-no""]","[{""text"": ""An excellent place to watch the sunset and enjoy some cocktails."", ""rating"": 5, ""author"": ""Christopher Adams"", ""published"": ""6 months ago""}, {""text"": ""Nothing beats sunset with a cocktail and a tasty bite at The Rooftop, but especially in autumn.  Beautiful views to the north and south, consistently good service and a fun vibe. Try one of the signature cocktails!"", ""rating"": 5, ""author"": ""Mary Beth Dawson"", ""published"": ""4 months ago""}, {""text"": ""Couldn\u2019t recommend this place more! Such a fun vibe and unbeatable sunset views. Cocktails are 10/10 and the food is so fresh and delicious. Manager Tara was beyond hospitable and helped make this experience wonderful. Can\u2019t wait to come back!"", ""rating"": 5, ""author"": ""Daniella"", ""published"": ""5 months ago""}]",Hidden Gem,"{""standout_dishes"": [""Signature cocktails""], ""vibe_and_service"": [""Sunset views over both the beach and the bay, which reviewers call unbeatable"", ""Friendly, attentive staff, with specific shoutouts to manager Tara, bartenders, and server Alexa"", ""Fun, laid-back rooftop atmosphere that feels like a city night out without leaving the beach, with good music and great for date nights""], ""wait_time_note"": null}"
r_0c903b,50.0,0.2232219139739091,0.0,0.9,4.572122553974412,4.479274216370833,0.0,4.572122553974412,Piattini Café Bar Osteria,Belmont,Restaurant,NYC,ChIJZ9ARhUP1wokR2hKIuOCz6wc,"2363 Arthur Ave, Bronx, NY 10458",4.8,131.0,https://komriwzkkknrsirifgqg.supabase.co/storage/v1/object/public/restaurant-photos/r_0c903b.jpg,https://www.google.com/maps/search/?api=1&query=Piattini%20Caf%C3%A9%20Bar%20Osteria&query_place_id=ChIJZ9ARhUP1wokR2hKIuOCz6wc,25.0,40.854854,-73.88835,13.556,0.9389312977099236,10.0,0.0305343511450381,0.9083969465648856,131.0,81.0,0.0,1.0,10458.0,0.76,0.5263157894736842,0.0789473684210526,0.5,0.0263157894736842,6.666666666666667,343.55263157894734,0.6791397390046511,,,"[{""day"": ""Monday"", ""hours"": ""Closed""}, {""day"": ""Tuesday"", ""hours"": ""12\u202fPM to 2\u202fAM""}, {""day"": ""Wednesday"", ""hours"": ""12 to 9\u202fPM""}, {""day"": ""Thursday"", ""hours"": ""12 to 9\u202fPM""}, {""day"": ""Friday"", ""hours"": ""12 to 10\u202fPM""}, {""day"": ""Saturday"", ""hours"": ""12 to 10\u202fPM""}, {""day"": ""Sunday"", ""hours"": ""12 to 9\u202fPM""}]","[""https://lh3.googleusercontent.com/gps-cs-s/AHVAwergUVNPSbn1IXSDcQ5iCPPoXC8Rkqa1C0iU-YtKugH_Sih4rwkX1T_fo0H3_-LmXLPxNGqTU_HOJWLr_x4cgPg7HJFeCp7Sli1jNCdiKC0sd24X88BIMFe1XSW1iNnKayWppOUHckxtdE4=w1920-h1080-k-no""]","[{""text"": ""Delicious food, great atmosphere, and service."", ""rating"": 5, ""author"": ""Kimberly M"", ""published"": ""a year ago""}, {""text"": ""Really good food! Some American Italian but the classics are still delicious!"", ""rating"": 5, ""author"": ""Jhoshua Continanza"", ""published"": ""2 months ago""}, {""text"": ""Delicious food. My go-to spot in Bronx Little Italy. Their vodka sauce is to die for."", ""rating"": 5, ""author"": ""Noel Brizuela"", ""published"": ""a year ago""}]",,"{""standout_dishes"": [], ""vibe_and_service"": [""Staff and owner make you feel like family, with friendly, attentive service"", ""Small, cozy spot with a warm atmosphere and a full bar with great cocktails"", ""Handles groups well, even seating a party of 10 without fuss""], ""wait_time_note"": ""Several reviewers were seated right away, including on a quiet weekday afternoon, and one group of 10 was accommodated quickly.""}"
r_80a471,50.0,0.1983294464410033,0.0,0.94,4.283114749281234,4.279229425980525,0.0,4.283114749281234,Chi Restaurant & Bar,Midtown,Chinese,NYC,ChIJYYpwNA5ZwokRYImQw6JRNfI,"492 9th Ave, New York, NY 10018",4.7,2555.0,https://komriwzkkknrsirifgqg.supabase.co/storage/v1/object/public/restaurant-photos/r_80a471.jpg,https://www.google.com/maps/search/?api=1&query=Chi%20Restaurant%20%26%20Bar&query_place_id=ChIJYYpwNA5ZwokRYImQw6JRNfI,40.0,40.7554594,-73.9944725,0.813,0.8892367906066536,10.0,0.0277886497064579,0.8614481409001957,2555.0,3141.0,1.0,4.0,10018.0,0.8,0.125,0.125,0.45,0.125,1.0,207.375,0.6785420506818552,(212) 918-1470,https://chirestaurantnyc.com/,"[{""day"": ""Monday"", ""hours"": ""11:30\u202fAM to 10:15\u202fPM""}, {""day"": ""Tuesday"", ""hours"": ""11:30\u202fAM to 10:15\u202fPM""}, {""day"": ""Wednesday"", ""hours"": ""11:30\u202fAM to 10:15\u202fPM""}, {""day"": ""Thursday"", ""hours"": ""11:30\u202fAM to 10:15\u202fPM""}, {""day"": ""Friday"", ""hours"": ""11:30\u202fAM to 10:45\u202fPM""}, {""day"": ""Saturday"", ""hours"": ""11:30\u202fAM to 10:45\u202fPM""}, {""day"": ""Sunday"", ""hours"": ""11:30\u202fAM to 10:15\u202fPM""}]","[""https://lh3.googleusercontent.com/gps-cs-s/AHVAweoI3NOTO5k-gHRqyCJnwc6JR6BHh39IjdCho7HX8a9YIOGZxE8qirulhb4HTln9BAhVuv5-tAYHVHgW_WtsLNVJEQh6_xkdiY7CXO3Nliv7kH05lcBTN6dy4shpWfMFlFpqc1G4MzOMAi0t=w1920-h1080-k-no""]","[{""text"": ""decent chinese restaurant with good service and taste"", ""rating"": 4, ""author"": ""Joseph Su"", ""published"": ""a month ago""}, {""text"": ""Phenomenal food and ambience. I only eat Chinese here now."", ""rating"": 5, ""author"": ""Jamal Ferrell"", ""published"": ""2 months ago""}, {""text"": ""Strongly recommend the sea coconut black bone chicken soup."", ""rating"": 4, ""author"": ""Hong Wang"", ""published"": ""a month ago""}]",,"{""standout_dishes"": [""Mapo tofu"", ""Pork belly"", ""Spicy cumin lamb""], ""vibe_and_service"": [""Friendly, attentive staff and food that comes out quickly"", ""Modern, warm, softly lit atmosphere that feels calm and upscale"", ""Prices feel reasonable for the quality, and good drinks and happy hour""], ""wait_time_note"": null}"
r_b68795,100.0,0.3056861989754788,0.0,0.7,4.822417996568235,4.905351683536285,0.0829336869680501,4.78095115308421,Korkscrew Bistro,Bedford-Stuyvesant,Brunch,NYC,ChIJU-6tKQBbwokRof-JBf0peCs,"165 Tompkins Ave, Brooklyn, NY 11206",4.9,304.0,https://komriwzkkknrsirifgqg.supabase.co/storage/v1/object/public/restaurant-photos/r_b68795.jpg,https://www.google.com/maps/search/?api=1&query=Korkscrew%20Bistro&query_place_id=ChIJU-6tKQBbwokRof-JBf0peCs,45.0,40.6937754,-73.9457982,7.887,0.9835526315789472,10.0,0.0098684210526315,0.9736842105263158,304.0,585.0,0.0,5.0,11206.0,0.86,0.4418604651162791,0.1395348837209302,0.627906976744186,0.0930232558139534,3.1666666666666665,248.69767441860463,0.6779900135894351,(718) 759-6507,https://korkscrewbistro.com/,"[{""day"": ""Monday"", ""hours"": ""Closed""}, {""day"": ""Tuesday"", ""hours"": ""Closed""}, {""day"": ""Wednesday"", ""hours"": ""3:30 to 10\u202fPM""}, {""day"": ""Thursday"", ""hours"": ""3:30 to 10\u202fPM""}, {""day"": ""Friday"", ""hours"": ""3:30 to 11\u202fPM""}, {""day"": ""Saturday"", ""hours"": ""11:30\u202fAM to 11\u202fPM""}, {""day"": ""Sunday"", ""hours"": ""11:30\u202fAM to 10\u202fPM""}]","[""https://lh3.googleusercontent.com/gps-cs-s/AHVAweqeTotEfG2BsH0NSllJZPWD5iHx9l4p0w5t4n_Xdo-j-eWWcuaAkmOQyIdv-dNzfo5j-1RF546rN6TO8hN4rcR0hfN13KJJMZReajjuwG8fJpkOQNw1GeRQbEqAb8Mk3IDvchxr=w1920-h1080-k-no""]","[{""text"": ""Excellent spot. Glad they're in the neighborhood."", ""rating"": 5, ""author"": ""William Durrah"", ""published"": ""3 months ago""}, {""text"": ""Everyone is nice, best French toast I've ever had"", ""rating"": 5, ""author"": ""Dan Coen"", ""published"": ""4 months ago""}, {""text"": ""The food is tasty and portion size pretty decent \ud83d\ude4f."", ""rating"": 4, ""author"": ""Sangeetha Balachandar"", ""published"": ""5 months ago""}]",Hidden Gem,"{""standout_dishes"": [], ""vibe_and_service"": [""Warm, attentive service, with the owner and bartender both getting shoutouts"", ""Cozy, colorful space with great music that works for date nights, birthdays, and even large parties"", ""Good value, including $10 drinks and apps at happy hour""], ""wait_time_note"": null}"
r_6d1d9f,50.0,0.2750211746288508,0.0,0.76,3.3165642276636302,4.093739715579324,0.7771754879156938,2.927976483705783,Sushi 295 Mercer,East Village,Japanese,NYC,ChIJtU0LfdlZwokRc_AMicM3Jec,"295 Mercer St, New York, NY 10003",4.6,181.0,https://komriwzkkknrsirifgqg.supabase.co/storage/v1/object/public/restaurant-photos/r_6d1d9f.jpg,https://www.google.com/maps/search/?api=1&query=Sushi%20295%20Mercer&query_place_id=ChIJtU0LfdlZwokRc_AMicM3Jec,40.0,40.7303626,-73.9938848,3.149,0.8729281767955801,10.0,0.0441988950276243,0.8287292817679558,181.0,273.0,0.0,2.0,10003.0,0.64,0.65625,0.09375,0.375,0.03125,7.0,212.4375,0.6778042310172829,(212) 777-0295,http://www.sushi295mercer.com/,"[{""day"": ""Monday"", ""hours"": ""12 to 9\u202fPM""}, {""day"": ""Tuesday"", ""hours"": ""12 to 9\u202fPM""}, {""day"": ""Wednesday"", ""hours"": ""12 to 9\u202fPM""}, {""day"": ""Thursday"", ""hours"": ""12 to 9\u202fPM""}, {""day"": ""Friday"", ""hours"": ""12 to 9\u202fPM""}, {""day"": ""Saturday"", ""hours"": ""4 to 9\u202fPM""}, {""day"": ""Sunday"", ""hours"": ""Closed""}]","[""https://lh3.googleusercontent.com/gps-cs-s/AHVAweqUm0JDte0xFfgCtEdC0LVD_mPtlXzQpIV6eOdzr1_AzFeuag0lt94W6hLsdFzTnH0gDc54dB9oRRPRvanKRICiCo5nrwAgkHWDWg259AO3l3fW1xoFPWIfl10hz2Ca1thU7fEpUA=w1920-h1080-k-no""]","[{""text"": ""Insanely fresh delicious sushi \ud83c\udf63 \ud83e\udd24 best I\u2019ve had in NYC"", ""rating"": 5, ""author"": ""Serine Labidi"", ""published"": ""11 months ago""}, {""text"": ""Ordered out. Idk, kinda bland. Not worth it for the premium versus other places."", ""rating"": 2, ""author"": ""Joe Spagnola"", ""published"": ""4 months ago""}, {""text"": ""My boyfrend said he met a man named Townley, who said this place is good. IT WAS EXCELLENT!"", ""rating"": 5, ""author"": ""Karolina Ponosova"", ""published"": ""3 months ago""}]",,"{""standout_dishes"": [""Sashimi lunch special"", ""Nigiri and rolls in the Sushi Regular""], ""vibe_and_service"": [""No-frills, quick-bite sushi counter with just four seats, so it feels intimate"", ""Friendly, top-notch staff"", ""Fresh, high-quality fish at a fair price, and good for takeout too""], ""wait_time_note"": ""There are only four counter seats, so you may have to wait a bit if it's full, though it's set up for quick in-and-out meals and takeout.""}"
r_a5d692,50.0,0.2164081444750702,0.0,0.88,4.708569490902335,4.748680307363808,0.0401108164614729,4.688514082671598,Poppy,East Village,American,NYC,ChIJ-_NYgLJZwokRNgT7nS_KXvs,"505 E 12th St, New York, NY 10009",4.9,128.0,https://komriwzkkknrsirifgqg.supabase.co/storage/v1/object/public/restaurant-photos/r_a5d692.jpg,https://www.google.com/maps/search/?api=1&query=Poppy&query_place_id=ChIJ-_NYgLJZwokRNgT7nS_KXvs,75.0,40.7290594,-73.9809167,3.236,0.9609375,10.0,0.015625,0.9453125,128.0,118.0,0.0,2.0,10009.0,0.86,0.3255813953488372,0.0697674418604651,0.6744186046511628,0.0232558139534883,4.666666666666667,215.7209302325581,0.677728916025353,(212) 537-5599,https://www.poppyeastvillage.com/,"[{""day"": ""Monday"", ""hours"": ""Closed""}, {""day"": ""Tuesday"", ""hours"": ""5 to 11\u202fPM""}, {""day"": ""Wednesday"", ""hours"": ""5 to 11\u202fPM""}, {""day"": ""Thursday"", ""hours"": ""5\u202fPM to 12\u202fAM""}, {""day"": ""Friday"", ""hours"": ""5\u202fPM to 2\u202fAM""}, {""day"": ""Saturday"", ""hours"": ""11\u202fAM to 2\u202fAM""}, {""day"": ""Sunday"", ""hours"": ""11\u202fAM to 11\u202fPM""}]","[""https://lh3.googleusercontent.com/gps-cs-s/AHVAwep2YuKvpMHGlLSycMYXrvtTdvPQl5PoQddxqnv8M_AMXiL6BF2xG8cDrMd-UuOmLrMNwRXMjYmiQUz3qQGiev5Q1swbfOiqAE5FqERmwjaMmktcDG3ISO1ptVprkQVV1Wjy3TamilmWviI=w1920-h1080-k-no""]","[{""text"": ""Absolutely worth the visit will definitely return"", ""rating"": 5, ""author"": ""Ziyad Alkualidi"", ""published"": ""Edited 3 months ago""}, {""text"": ""Tables are tiny but the brunch options are delicious like the dutch baby."", ""rating"": 5, ""author"": ""Gregor J. Rothfuss"", ""published"": ""2 months ago""}, {""text"": ""Excellent cocktails and brunch menu. It's a gem of a new spot in Alphabet City"", ""rating"": 5, ""author"": ""Patrick Flynn"", ""published"": ""Edited a week ago""}]",Local Favorite,"{""standout_dishes"": [""Sliders (oxtail and others)"", ""Arancini"", ""Dutch baby pancake"", ""Steak and eggs""], ""vibe_and_service"": [""Warm, attentive service with staff and owners reviewers call out by name, like George, Kai, Caroline and Leonora"", ""Chic, cozy room with live jazz on some nights and a lively bar next to a quieter dining room"", ""Cocktails and drinks that reviewers rave about, making it a solid pick for a night out or brunch""], ""wait_time_note"": null}"
r_b6f8db,50.0,0.2495578400804926,0.0,0.8,4.1994980018536845,3.880355482089905,0.0,4.1994980018536845,Caribbean Fest,South Ozone Park,Caribbean,NYC,ChIJd5vzWTtnwokRXGoPJH_9Ob4,"116-14 Rockaway Blvd, South Ozone Park, NY 11420",4.2,161.0,https://komriwzkkknrsirifgqg.supabase.co/storage/v1/object/public/restaurant-photos/r_b6f8db.jpg,https://www.google.com/maps/search/?api=1&query=Caribbean%20Fest&query_place_id=ChIJd5vzWTtnwokRXGoPJH_9Ob4,100.0,40.6763476,-73.8215153,16.626,0.8136645962732919,5.55,0.124223602484472,0.6894409937888198,161.0,55.0,1.0,4.0,11420.0,0.38,0.0526315789473684,0.1052631578947368,0.0526315789473684,0.1052631578947368,0.5,289.89473684210526,0.6768865374007906,(347) 454-9044,,"[{""day"": ""Monday"", ""hours"": ""1\u202fPM to 4\u202fAM""}, {""day"": ""Tuesday"", ""hours"": ""1\u202fPM to 4\u202fAM""}, {""day"": ""Wednesday"", ""hours"": ""1\u202fPM to 4\u202fAM""}, {""day"": ""Thursday"", ""hours"": ""1\u202fPM to 4\u202fAM""}, {""day"": ""Friday"", ""hours"": ""1\u202fPM to 4\u202fAM""}, {""day"": ""Saturday"", ""hours"": ""1\u202fPM to 4\u202fAM""}, {""day"": ""Sunday"", ""hours"": ""1\u202fPM to 4\u202fAM""}]","[""https://lh3.googleusercontent.com/gps-cs-s/AHVAwerSHRdqkrRaujECS-n92HTMVZyiViWRoawl4oEmri4KcmqyY4ESEr_p-KIveM1bf6zo1vIZTz5p1a3WWMH3r6e-42PDEae1gBgb47iAVnC9qZoR0eFqfdqB5r8TjWqw_aqW-dz8=w1920-h1080-k-no""]","[{""text"": ""Great place to hang out with friends and family's"", ""rating"": 5, ""author"": ""Rafeek Kalamadeen"", ""published"": ""2 months ago""}, {""text"": ""Wings were not fried well but staff were friendly and the vibes were great! Good music"", ""rating"": 5, ""author"": ""LaTeciara Gordon"", ""published"": ""10 months ago""}, {""text"": ""Food not the best but atmosphere space happy hour drinks the best.  Pool tables and grst party venue spot"", ""rating"": 4, ""author"": ""Tricia Powell"", ""published"": ""5 months ago""}]",,"{""standout_dishes"": [], ""vibe_and_service"": [""Lively party atmosphere with Caribbean music and happy hour drinks"", ""Spacious venue with well-kept pool tables, good for hanging out with friends and family"", ""Friendly, attentive staff""], ""wait_time_note"": null}"
r_12b40d,100.0,0.2416372321465837,0.02,0.85,4.391395205604304,4.376369144084223,0.0,4.391395205604304,Cafe Rue Dix,Crown Heights,Restaurant,NYC,ChIJi1Iydp5bwokRpwUQu1NrOXM,"1451 Bedford Ave, Brooklyn, NY 11216",4.4,843.0,https://komriwzkkknrsirifgqg.supabase.co/storage/v1/object/public/restaurant-photos/r_12b40d.jpg,https://www.google.com/maps/search/?api=1&query=Cafe%20Rue%20Dix&query_place_id=ChIJi1Iydp5bwokRpwUQu1NrOXM,40.0,40.6735039,-73.9537626,9.759,0.7200474495848161,10.0,0.0391459074733096,0.6809015421115066,843.0,792.0,1.0,2.0,11216.0,0.7,0.4571428571428571,0.0857142857142857,0.5428571428571428,0.1714285714285714,5.333333333333333,373.4,0.6762948895616092,(929) 234-2543,https://www.ruedixbrooklyn.com/,"[{""day"": ""Monday"", ""hours"": ""12 to 10\u202fPM""}, {""day"": ""Tuesday"", ""hours"": ""12 to 10\u202fPM""}, {""day"": ""Wednesday"", ""hours"": ""12 to 10\u202fPM""}, {""day"": ""Thursday"", ""hours"": ""12 to 10\u202fPM""}, {""day"": ""Friday"", ""hours"": ""12 to 11\u202fPM""}, {""day"": ""Saturday"", ""hours"": ""10\u202fAM to 11\u202fPM""}, {""day"": ""Sunday"", ""hours"": ""10\u202fAM to 9\u202fPM""}]","[""https://lh3.googleusercontent.com/gps-cs-s/AHVAwepptauKcTWuy2iMAHuzdOG_loBls5E8yEkTdOI3AyOWhGWsa6781BDYLuwpDR0gU-yheyI8rQHNqdYJz161XNS0N6293qcw5BK9KUXCa3jlkNu1mA56Y_GDc-0qJOkCFfIJndAQ=w1920-h1080-k-no""]","[{""text"": ""New location same poor service and food hazards"", ""rating"": 1, ""author"": ""Alex \u201cAl\u201d"", ""published"": ""6 months ago""}, {""text"": ""Great meal at a nice place. Very generous portions"", ""rating"": 5, ""author"": ""Benjamin Kotton"", ""published"": ""2 months ago""}, {""text"": ""Waited for 45 mins for a burger. And portions were sad."", ""rating"": 2, ""author"": ""Kenny Siu"", ""published"": ""a month ago""}]",,"{""standout_dishes"": [""Cafe Rue burger with blue cheese""], ""vibe_and_service"": [""Relaxed, stylish space with great lighting that works for date night or a night out with friends"", ""Friendly, attentive staff who go out of their way, including a manager named Chris"", ""Generous portions at fair prices, with Saturday DJ nights adding to the fun""], ""wait_time_note"": null}"
r_8b6f67,100.0,0.2966580532473225,0.0,0.71,4.669205979281644,4.585027892712234,0.0,4.669205979281644,Lavender Room Brooklyn,Bedford-Stuyvesant,Restaurant,NYC,ChIJT3nmPctbwokRf74RMnP6KiY,"535 Nostrand Ave, Brooklyn, NY 11216",4.7,209.0,https://komriwzkkknrsirifgqg.supabase.co/storage/v1/object/public/restaurant-photos/r_8b6f67.jpg,https://www.google.com/maps/search/?api=1&query=Lavender%20Room%20Brooklyn&query_place_id=ChIJT3nmPctbwokRf74RMnP6KiY,100.0,40.6790606,-73.9493839,9.284,0.9282296650717704,10.0,0.0478468899521531,0.8803827751196173,209.0,75.0,1.0,1.0,11216.0,0.92,0.0869565217391304,0.0869565217391304,0.4565217391304347,0.0217391304347826,1.0,179.1304347826087,0.6750771837853814,(347) 221-1019,https://lavenderroomnyc.com/,"[{""day"": ""Monday"", ""hours"": ""Closed""}, {""day"": ""Tuesday"", ""hours"": ""4\u202fPM to 12\u202fAM""}, {""day"": ""Wednesday"", ""hours"": ""4\u202fPM to 12\u202fAM""}, {""day"": ""Thursday"", ""hours"": ""4\u202fPM to 12\u202fAM""}, {""day"": ""Friday"", ""hours"": ""4\u202fPM to 2\u202fAM""}, {""day"": ""Saturday"", ""hours"": ""4\u202fPM to 2\u202fAM""}, {""day"": ""Sunday"", ""hours"": ""4\u202fPM to 12\u202fAM""}]","[""https://lh3.googleusercontent.com/gps-cs-s/AHVAwerYZeLqm_gS_Hym-dzpFb3K1KTtwN-KOtmv66bnXlJfUJ4uqh__fo44lUb4cj8q8WbqqcaaLlyYbwoyPwCmIHwXrSs76P5lliO96k0e6NA1DUZrXn0oRWWphWNAkiFjou2lp6fEkK8IH9Qh=w1920-h1080-k-no""]","[{""text"": ""Malay provided excellent.service!! Request her!! Rck the boat with grilled shrimp simply delicious and filling  a meal in itself..Drinks light and refreshing! Looking forward to next visit!!"", ""rating"": 5, ""author"": ""T Cheeks"", ""published"": ""3 days ago""}, {""text"": ""Came here for a quick birthday dinner and drinks last minute. Staff was very accommodating in the front. We were blessed with Malay, she was great and extremely kind and patient with me and my girls. Recommend this place for a good music, good staff, good vibes type of night."", ""rating"": 5, ""author"": ""Kassandra Rodriguez"", ""published"": ""a week ago""}, {""text"": ""Very nice restaurant, the atmosphereis beautiful. They did a wonderful job decorating this space. The food was also good, especially their Rock The Boat (plantain stuffed with shrimp and steak) and the Mac and cheese was superb. I will be back to try their crab cakes.  Don't take it from me,  try it for yourself. You won't be disappointed."", ""rating"": 4, ""author"": ""Lady Brown"", ""published"": ""a month ago""}]",Local Favorite,"{""standout_dishes"": [""Rock The Boat (plantain stuffed with shrimp and steak)""], ""vibe_and_service"": [""Servers Malay and Taylor get named again and again for being attentive, kind, and keeping the drinks flowing"", ""Classy, nicely decorated space with good music that's lively but still lets you talk, great for dates, girls' nights, and birthdays"", ""Owner and manager are hands-on and welcoming, and the place offers hookah and Caribbean-flavored food""], ""wait_time_note"": null}"
r_a0ebc6,50.0,0.2459754205078338,0.0,0.78,4.685614520675223,4.863838789458723,0.1782242687834996,4.596502386283474,Raval Steakhouse,Mid Island,Steakhouse,NYC,ChIJ5Zfe7DVPwokRVyoUHJ7ei04,"12 Minthorne St, Staten Island, NY 10301",4.8,248.0,https://komriwzkkknrsirifgqg.supabase.co/storage/v1/object/public/restaurant-photos/r_a0ebc6.jpg,https://www.google.com/maps/search/?api=1&query=Raval%20Steakhouse&query_place_id=ChIJ5Zfe7DVPwokRVyoUHJ7ei04,100.0,40.6371226,-74.0755683,15.448,0.935483870967742,10.0,0.0161290322580645,0.9193548387096774,248.0,282.0,1.0,3.0,10301.0,0.84,0.3095238095238095,0.119047619047619,1.0,0.1428571428571428,2.6,451.6904761904762,0.6749355872633847,(718) 247-2323,http://ravalsteakhouse.com/,"[{""day"": ""Monday"", ""hours"": ""5 to 9:30\u202fPM""}, {""day"": ""Tuesday"", ""hours"": ""5 to 10\u202fPM""}, {""day"": ""Wednesday"", ""hours"": ""5 to 10\u202fPM""}, {""day"": ""Thursday"", ""hours"": ""5 to 10\u202fPM""}, {""day"": ""Friday"", ""hours"": ""5 to 11:30\u202fPM""}, {""day"": ""Saturday"", ""hours"": ""5 to 11:30\u202fPM""}, {""day"": ""Sunday"", ""hours"": ""5 to 10\u202fPM""}]","[""https://lh3.googleusercontent.com/gps-cs-s/AHVAwerz6E-OTwh2uRnkR-JWD1jEQ3U7mh9GvWQYn45HPBpqHz2LgHr02eP-DnnmoaCob06GR0ab2xK5zNQp95VvakgtBDbR0ZTgJVy-nr0LChPIbMZNATfH88vyJepyWeY25fA-j4uN_Q=w1920-h1080-k-no""]","[{""text"": ""Really surprised to find this steakhouse on Staten Island. Great steaks and creative starters."", ""rating"": 5, ""author"": ""Sani Hebaj"", ""published"": ""a month ago""}, {""text"": ""The food - 10/10. Service was out of this world. Atmosphere to match. Staten Island desperately needed a place like this."", ""rating"": 5, ""author"": ""Tom Hollerd"", ""published"": ""3 months ago""}, {""text"": ""Excellent food and service. Easy parking and vallet available. Had 3 different steaks with group of 4, we loved each one of them. Will definitely be coming back!"", ""rating"": 5, ""author"": ""A AWAD"", ""published"": ""3 months ago""}]",,"{""standout_dishes"": [""Wagyu skirt steak"", ""Wet-aged filet mignon"", ""Shrimp cocktail and buttery shrimp starter"", ""Dry aged steaks cooked to perfection""], ""vibe_and_service"": [""Dark, warm, intimate setting that feels like a Manhattan steakhouse without the trip"", ""Attentive, friendly staff who go out of their way, like replacing a disappointing steak and adding a free glass of wine"", ""Easy parking with a lot and valet, great for date nights and groups""], ""wait_time_note"": null}"
r_36c840,50.0,0.1869584475305209,0.0,0.96,4.3870269292577415,4.329186184077,0.0,4.3870269292577415,Cafe Mogador,East Village,Restaurant,NYC,ChIJK48-E51ZwokRvAA-v6fx9y0,"101 St Marks Pl, New York, NY 10009",4.5,3019.0,https://komriwzkkknrsirifgqg.supabase.co/storage/v1/object/public/restaurant-photos/r_36c840.jpg,https://www.google.com/maps/search/?api=1&query=Cafe%20Mogador&query_place_id=ChIJK48-E51ZwokRvAA-v6fx9y0,25.0,40.7274314,-73.9843115,3.395,0.729380589599205,10.0,0.0235177210997018,0.7058628684995032,3019.0,2027.0,1.0,2.0,10009.0,0.68,0.2941176470588235,0.1470588235294117,0.4705882352941176,0.088235294117647,2.0,215.08823529411765,0.6744513144263243,(212) 677-2226,http://cafemogador.com/,"[{""day"": ""Monday"", ""hours"": ""10\u202fAM to 10:30\u202fPM""}, {""day"": ""Tuesday"", ""hours"": ""10\u202fAM to 10:30\u202fPM""}, {""day"": ""Wednesday"", ""hours"": ""10\u202fAM to 10:30\u202fPM""}, {""day"": ""Thursday"", ""hours"": ""10\u202fAM to 10:30\u202fPM""}, {""day"": ""Friday"", ""hours"": ""10\u202fAM to 11:30\u202fPM""}, {""day"": ""Saturday"", ""hours"": ""9:30\u202fAM to 11:30\u202fPM""}, {""day"": ""Sunday"", ""hours"": ""9:30\u202fAM to 10:30\u202fPM""}]","[""https://lh3.googleusercontent.com/gps-cs-s/AHVAweqx4RSfRh8D0oYxd9rkf_zNPa8xIZLWfLCK03ieUkyhvU7i0CqKFCPoPiEKumGii1IarsBdlIJdacgJYSiU1836kB6I_Xra1o2dO1wH-zRp_be_DW3bf_iYHb42Fg7wTDN-ZbxDTg=w1920-h1080-k-no""]","[{""text"": ""not authentic moroccan food go to astoria instead"", ""rating"": 1, ""author"": ""Miriam"", ""published"": ""5 days ago""}, {""text"": ""Delicious! Great service, vibe, and food was perfect."", ""rating"": 5, ""author"": ""The BookSmiths_Shoppe"", ""published"": ""a month ago""}, {""text"": ""Attentive service decently priced. Food is a bit bland."", ""rating"": 3, ""author"": ""Samuel Newton"", ""published"": ""6 days ago""}]",,"{""standout_dishes"": [""Lamb tagine"", ""Moroccan eggs"", ""Moroccan mint tea""], ""vibe_and_service"": [""Warm, cozy, old-school East Village vibe that feels lively without being fussy"", ""Friendly, attentive service and quick hosts"", ""Reasonably priced for the quality""], ""wait_time_note"": ""Several reviews say it's always busy or crowded, and one recommends reservations, so book ahead if you can.""}"
r_7513a7,50.0,0.2789440463065354,0.0,0.78,4.900214623284047,4.89991697192572,0.0,4.900214623284047,Jaew Thai Cuisine,Kensington,Thai,NYC,ChIJzWo736dbwokRbQq9Be8QWec,"416 Church Ave, Brooklyn, NY 11218",4.8,223.0,https://komriwzkkknrsirifgqg.supabase.co/storage/v1/object/public/restaurant-photos/r_7513a7.jpg,https://www.google.com/maps/search/?api=1&query=Jaew%20Thai%20Cuisine&query_place_id=ChIJzWo736dbwokRbQq9Be8QWec,25.0,40.6440393,-73.9760918,12.675,0.9506726457399104,10.0,0.0179372197309417,0.9327354260089686,223.0,814.0,1.0,8.0,11218.0,0.72,0.4722222222222222,0.0555555555555555,0.6666666666666666,0.0833333333333333,8.5,254.25,0.6741494085000184,(347) 365-7702,https://jaewthai.com/?utm_source=google,"[{""day"": ""Monday"", ""hours"": ""11:30\u202fAM to 9:30\u202fPM""}, {""day"": ""Tuesday"", ""hours"": ""11:30\u202fAM to 9:30\u202fPM""}, {""day"": ""Wednesday"", ""hours"": ""11:30\u202fAM to 9:30\u202fPM""}, {""day"": ""Thursday"", ""hours"": ""11:30\u202fAM to 9:30\u202fPM""}, {""day"": ""Friday"", ""hours"": ""11:30\u202fAM to 9:30\u202fPM""}, {""day"": ""Saturday"", ""hours"": ""11:30\u202fAM to 9:30\u202fPM""}, {""day"": ""Sunday"", ""hours"": ""11:30\u202fAM to 9:30\u202fPM""}]","[""https://lh3.googleusercontent.com/gps-cs-s/AHVAweqdLmJAY4QQezX99mnVUX0rXeI2xMtl0w7T3yGWatb-x3o9kzKGU0V3liK1xMNJhUoAhGwlXF27GFCeNnAldCEPItUjdQs6HL8fjPwc9YZeJc6uqd8I8IWgsSulPC3PX7u5aWdRdOioiA2u=w1920-h1080-k-no""]","[{""text"": ""Delicious food, spacious, cool interior design."", ""rating"": 5, ""author"": ""MIRRORLESSNY yt ig tt"", ""published"": ""3 months ago""}, {""text"": ""great pad thai. nice packaging and delivery procesz"", ""rating"": 5, ""author"": ""Mikhail Melamud"", ""published"": ""Edited 3 months ago""}, {""text"": ""Very clean,\nThe food is delicious\nStaff is very friendly and welcoming!"", ""rating"": 5, ""author"": ""Aliya Rakhimkulova"", ""published"": ""2 months ago""}]",Hidden Gem,"{""standout_dishes"": [""Pad Thai"", ""Massaman curry"", ""Mango sticky rice""], ""vibe_and_service"": [""Pretty, spacious decor that feels like they care about the whole experience"", ""Friendly, welcoming staff and attentive service"", ""Takeout and delivery arrive fast, hot, and well packaged""], ""wait_time_note"": null}"
r_08b1c6,50.0,0.2408839197643921,0.0,0.82,4.503235268959416,4.472626947565138,0.0,4.503235268959416,Casa Cruz Upper East Side Restaurant,Upper East Side,Italian,NYC,ChIJ48VsHFNZwokRgSjsT_HiU0U,"36 E 61st St, New York, NY 10065",4.2,497.0,https://komriwzkkknrsirifgqg.supabase.co/storage/v1/object/public/restaurant-photos/r_08b1c6.jpg,https://www.google.com/maps/search/?api=1&query=Casa%20Cruz%20Upper%20East%20Side%20Restaurant&query_place_id=ChIJ48VsHFNZwokRgSjsT_HiU0U,100.0,40.7643816,-73.9700009,1.496,0.8651911468812877,5.323529411764706,0.1368209255533199,0.7283702213279678,497.0,466.0,1.0,5.0,10065.0,0.7,0.2,0.1428571428571428,0.3714285714285714,0.0857142857142857,1.4,269.6857142857143,0.6737824972748727,(212) 970-8983,https://www.casacruz.nyc/,"[{""day"": ""Monday"", ""hours"": ""Closed""}, {""day"": ""Tuesday"", ""hours"": ""11\u202fAM to 3\u202fPM, 5 to 11\u202fPM""}, {""day"": ""Wednesday"", ""hours"": ""11\u202fAM to 3\u202fPM, 5 to 11\u202fPM""}, {""day"": ""Thursday"", ""hours"": ""11\u202fAM to 3\u202fPM, 5\u202fPM to 1\u202fAM""}, {""day"": ""Friday"", ""hours"": ""11\u202fAM to 3\u202fPM, 5\u202fPM to 1\u202fAM""}, {""day"": ""Saturday"", ""hours"": ""11\u202fAM to 3\u202fPM, 5\u202fPM to 1\u202fAM""}, {""day"": ""Sunday"", ""hours"": ""Closed""}]","[""https://lh3.googleusercontent.com/gps-cs-s/AHVAweqRZbMjICp4HSSzYxAAvwnU9byPh6JxEbO5sdJ4zZOqjg83tTvGBNUqeaqFoAkifZ98wBmGLFmXqpIVIDbK4CaPQbayJBZ92J54q11POuIGgyGMLOBc0p8buiELb7blAkAHOKQH=w1920-h1080-k-no""]","[{""text"": ""3 restrooms for the whole restaurant with 20 mi line"", ""rating"": 2, ""author"": ""World Art Fest"", ""published"": ""a month ago""}, {""text"": ""Great atmosphere, and great place for drinks. I wasn\u2019t a fan of the pasta but may give it another try."", ""rating"": 4, ""author"": ""Angelica ASMR"", ""published"": ""2 days ago""}, {""text"": ""Order the lamb t-bone and it was so delicious, very tender and juicy! The duck breast also good. I will def come back and try more next time"", ""rating"": 5, ""author"": ""Catherine Xu"", ""published"": ""a month ago""}]",,"{""standout_dishes"": [""Roasted duck breast""], ""vibe_and_service"": [""Stunning multi-floor townhouse with a gorgeous bar area, great cocktails, and a lively feel (even a DJ some nights)"", ""Attentive, friendly servers who go the extra mile, with specific shout-outs to Jazz, Melissa, and Danny"", ""Great for a date night or celebrating a birthday with friends""], ""wait_time_note"": null}"
r_fe9e87,50.0,0.318782459672029,0.0,0.66,4.839165296942955,4.928468198667647,0.0893029017246922,4.7945138460806085,Riva Mediterranean & Turkish Cuisine,Eltingville,Restaurant,NYC,ChIJBYI5ScNLwokRxyHhpDmsO5M,"4318 Amboy Rd, Staten Island, NY 10312",4.8,509.0,https://komriwzkkknrsirifgqg.supabase.co/storage/v1/object/public/restaurant-photos/r_fe9e87.jpg,https://www.google.com/maps/search/?api=1&query=Riva%20Mediterranean%20%26%20Turkish%20Cuisine&query_place_id=ChIJBYI5ScNLwokRxyHhpDmsO5M,45.0,40.5453225,-74.1593782,27.852,0.9351669941060904,10.0,0.0157170923379174,0.9194499017681728,509.0,414.0,1.0,1.0,10312.0,0.76,0.6578947368421053,0.0,1.0,0.0789473684210526,25.0,253.1578947368421,0.6736065575039466,(718) 306-6665,http://rivacafenyc.com/,"[{""day"": ""Monday"", ""hours"": ""11\u202fAM to 10\u202fPM""}, {""day"": ""Tuesday"", ""hours"": ""11\u202fAM to 10\u202fPM""}, {""day"": ""Wednesday"", ""hours"": ""11\u202fAM to 10\u202fPM""}, {""day"": ""Thursday"", ""hours"": ""11\u202fAM to 10\u202fPM""}, {""day"": ""Friday"", ""hours"": ""11\u202fAM to 10\u202fPM""}, {""day"": ""Saturday"", ""hours"": ""10\u202fAM to 10\u202fPM""}, {""day"": ""Sunday"", ""hours"": ""10\u202fAM to 10\u202fPM""}]","[""https://lh3.googleusercontent.com/gps-cs-s/AHVAweqgFXze-GOjiIkwVEsg-PMtFHceKVPzG8nPaCzm9coSVXTtIwfuhUO8f-_9K55uN9x1TrS-lGM6rU5xsFovPrduUtRSFFXlPAMF3REppfTLOkVIEC7cL08yVnsG0Xmb1-xkbC76KLazjbDj=w1920-h1080-k-no""]","[{""text"": ""Great place to eat. Food was delicious. The host and servers were very polite and accommodating to our orders. The atmosphere was very pleasant and very clean."", ""rating"": 5, ""author"": ""Ben Barrios"", ""published"": ""4 months ago""}, {""text"": ""Visited the restaurant two weeks back. Enjoyed the food , service was excellent, and so was atmosphere.  My son had non vegetarian dish. Since than has ordered twice at home. Lentil soup was delicious and so was Flafel platter."", ""rating"": 5, ""author"": ""Veena Kohli"", ""published"": ""3 months ago""}, {""text"": ""Riva Mediterranean & Turkish Cuisine delivers delicious and authentic flavors with warm and attentive service! The food is excellent and the menu has something for everyone. The atmosphere could use more character and warmth to match the quality of the food, but overall a fantastic dining experience. Highly recommend for lovers of Mediterranean and Turkish cuisine!"", ""rating"": 5, ""author"": ""korra dale"", ""published"": ""a month ago""}]",Local Favorite,"{""standout_dishes"": [""Adana kebab"", ""Lamb gyro""], ""vibe_and_service"": [""Friendly, attentive staff who greet you with a smile and even offered complimentary tea"", ""Warm, clean, comfortable atmosphere with Turkish music and Mediterranean touches"", ""Generous portions at fair prices with a menu that has something for everyone""], ""wait_time_note"": null}"
r_1cf68e,50.0,0.2329315368909051,0.0,0.86,4.259934069213796,4.442533064639168,0.1825989954253719,4.16863457150111,Au Za'atar - Midtown East,Midtown East,Mediterranean,NYC,ChIJvVBJx45ZwokROqLKcQlndPM,"1063 1st Ave, New York, NY 10022",4.5,2409.0,https://komriwzkkknrsirifgqg.supabase.co/storage/v1/object/public/restaurant-photos/r_1cf68e.jpg,https://www.google.com/maps/search/?api=1&query=Au%20Za'atar%20-%20Midtown%20East&query_place_id=ChIJvVBJx45ZwokROqLKcQlndPM,75.0,40.7589866,-73.9627516,1.937,0.8551266085512661,10.0,0.0597758405977584,0.7953507679535077,2409.0,2440.0,1.0,9.0,10022.0,0.7,0.1714285714285714,0.0285714285714285,0.7142857142857143,0.0,6.0,294.85714285714283,0.6734318719930067,(212) 625-3982,https://auzaatar.com/,"[{""day"": ""Monday"", ""hours"": ""10\u202fAM to 2\u202fAM""}, {""day"": ""Tuesday"", ""hours"": ""10\u202fAM to 2\u202fAM""}, {""day"": ""Wednesday"", ""hours"": ""10\u202fAM to 2\u202fAM""}, {""day"": ""Thursday"", ""hours"": ""10\u202fAM to 2\u202fAM""}, {""day"": ""Friday"", ""hours"": ""10\u202fAM to 2\u202fAM""}, {""day"": ""Saturday"", ""hours"": ""10\u202fAM to 2\u202fAM""}, {""day"": ""Sunday"", ""hours"": ""10\u202fAM to 2\u202fAM""}]","[""https://lh3.googleusercontent.com/gps-cs-s/AHVAweqXZ6EtKQTFD7CsJWScCJZ3ea-nK9xtc3ZxYeWH5hyCftlWW7nMGvGcULrrC_66CAnExSVbq4RW-v3dAWrAb_IAoIAKAEIsjjTCDqJaC5qFdqI_qKLOw7C6Ma78NBnVJ4n5wIz79A=w1920-h1080-k-no""]","[{""text"": ""Beyond delicious and so well presented as Togo.  I\u2019m in love"", ""rating"": 5, ""author"": ""Carol Ann Ransaw"", ""published"": ""a month ago""}, {""text"": ""Great food!  Very tasty, and the service is wonderful as well!"", ""rating"": 5, ""author"": ""Hongqiu Yang"", ""published"": ""2 weeks ago""}, {""text"": ""Food was so buss \ud83d\ude0b love the lamb shawarma with fries and hummus"", ""rating"": 5, ""author"": ""Charlene Auriel Lim"", ""published"": ""a month ago""}]",,"{""standout_dishes"": [""Lamb shawarma with fries and hummus"", ""Baby lamb chops with vegetables"", ""Lamb kabobs with fresh bread""], ""vibe_and_service"": [""Warm, beautifully decorated atmosphere that feels lively but comfortable"", ""Friendly, attentive servers, with Kyle and Vivian called out by name"", ""Thoughtful touches like dates provided for guests breaking their Ramadan fast""], ""wait_time_note"": ""Several reviewers say the food takes a long time to come out (one waited about 55 minutes), and another recommends making a reservation since it gets busy and noisy.""}"
r_243c5d,50.0,0.2114785548845662,0.0,0.88,4.48589369776859,4.148688287039824,0.0,4.48589369776859,Yopcity restaurant,Belmont,American,NYC,ChIJyfhM1If1wokRu402B8Yc0UM,"2324 Arthur Ave, Bronx, NY 10458",4.4,373.0,https://komriwzkkknrsirifgqg.supabase.co/storage/v1/object/public/restaurant-photos/r_243c5d.jpg,https://www.google.com/maps/search/?api=1&query=Yopcity%20restaurant&query_place_id=ChIJyfhM1If1wokRu402B8Yc0UM,35.0,40.8538499,-73.888795,13.445,0.8873994638069705,8.194444444444445,0.0965147453083109,0.7908847184986595,373.0,409.0,1.0,4.0,10458.0,0.68,0.2647058823529412,0.2941176470588235,0.4411764705882353,0.2941176470588235,0.9,342.97058823529414,0.6728891844312257,(631) 561-2518,,"[{""day"": ""Monday"", ""hours"": ""11:45\u202fAM to 1\u202fAM""}, {""day"": ""Tuesday"", ""hours"": ""11:45\u202fAM to 1\u202fAM""}, {""day"": ""Wednesday"", ""hours"": ""11:45\u202fAM to 1\u202fAM""}, {""day"": ""Thursday"", ""hours"": ""11:45\u202fAM to 1\u202fAM""}, {""day"": ""Friday"", ""hours"": ""11:45\u202fAM to 2\u202fAM""}, {""day"": ""Saturday"", ""hours"": ""11:45\u202fAM to 2\u202fAM""}, {""day"": ""Sunday"", ""hours"": ""11:30\u202fAM to 12\u202fAM""}]","[""https://lh3.googleusercontent.com/gps-cs-s/AHVAweot0iCPUW0gFjmCflKyknP5zuk-FRgNABbiV67PksGnSA_8l328vvIuEASiVwxhHEVxBHeypZFnLjW1ST8NJPMVNVfbOFhBuiMl_tK5gcIwF9et-_EjkuU_1Y6aLUNvTW_C1pQ=w1920-h1080-k-no""]","[{""text"": ""I ordered goat soup, they put goat nose \ud83d\udc43 in my sauce \ud83d\ude24\ud83e\udd2f"", ""rating"": 4, ""author"": ""Alpha Barry"", ""published"": ""a month ago""}, {""text"": ""Food was really good. I had the fried whole fish, lamb shank,rice and plantains all was very good."", ""rating"": 5, ""author"": ""Kiyana Wilkins"", ""published"": ""3 months ago""}, {""text"": ""Ordered food using an app since 5pm. 8 different drivers went to pickup the food. Till 11pm the food was never ready."", ""rating"": 1, ""author"": ""abdul wahab"", ""published"": ""3 days ago""}]",,"{""standout_dishes"": [""Fried croaker fish (Big Sosso)"", ""Attieke"", ""Ginger juice"", ""Lamb dishes""], ""vibe_and_service"": [""Portions are big, so you'll likely leave with a doggie bag, and reviewers say it's good value for the price"", ""Servers and staff come across as warm and welcoming"", ""Small, quaint, intimate space that's still family friendly""], ""wait_time_note"": ""Expect a wait: reviewers mention long waits both at opening and for food to come out, though several say the food is worth it.""}"
r_a184bc,50.0,0.2154155927079045,0.0,0.9,4.749825362464191,4.711811144762453,0.0,4.749825362464191,San Gennaro,Belmont,Italian,NYC,ChIJ00nj9H30wokR8izVYd3dAzY,"2329 Arthur Ave, Bronx, NY 10458",4.4,456.0,https://komriwzkkknrsirifgqg.supabase.co/storage/v1/object/public/restaurant-photos/r_a184bc.jpg,https://www.google.com/maps/search/?api=1&query=San%20Gennaro&query_place_id=ChIJ00nj9H30wokR8izVYd3dAzY,40.0,40.854115,-73.8890469,13.455,0.7675438596491229,10.0,0.0614035087719298,0.706140350877193,456.0,442.0,1.0,4.0,10458.0,0.74,0.4594594594594595,0.054054054054054,0.7027027027027027,0.027027027027027,8.5,285.6756756756757,0.6715930993965812,(718) 562-0129,http://sangennarony.com/,"[{""day"": ""Monday"", ""hours"": ""11\u202fAM to 9\u202fPM""}, {""day"": ""Tuesday"", ""hours"": ""Closed""}, {""day"": ""Wednesday"", ""hours"": ""11\u202fAM to 9\u202fPM""}, {""day"": ""Thursday"", ""hours"": ""11\u202fAM to 9\u202fPM""}, {""day"": ""Friday"", ""hours"": ""11\u202fAM to 10\u202fPM""}, {""day"": ""Saturday"", ""hours"": ""11\u202fAM to 10\u202fPM""}, {""day"": ""Sunday"", ""hours"": ""12 to 9\u202fPM""}]","[""https://lh3.googleusercontent.com/gps-cs-s/AHVAweoTYiX0SG_n1WJcGq_bHD-Kf-CnHSV3E4i-O6A5YokjpNWzAaSV0GpIOWvYcV-yGfgjo0k84tlj5pH6VZMRy2_PGYn7OAiKh1SVtyscD8DJiWGVg9uo95cB4EDP7aag9yYy9oL4Go7s1ExR=w1920-h1080-k-no""]","[{""text"": ""Best meal I ever had. Salmon with red sauce \ud83d\udc10"", ""rating"": 5, ""author"": ""Chenry Jenkins"", ""published"": ""8 months ago""}, {""text"": ""Amazing food, service and ambiance.  Knowledgeable servers with great attitude."", ""rating"": 5, ""author"": ""Luis Felipe Gomez"", ""published"": ""4 months ago""}, {""text"": ""The food was delectable and the atmosphere very charming. Definitely make reservations!"", ""rating"": 5, ""author"": ""Victor Shey"", ""published"": ""3 months ago""}]",Local Favorite,"{""standout_dishes"": [""Cavatelli with sausage and broccoli rabe"", ""Fried calamari and seafood"", ""Burrata and fresh mozzarella"", ""Ravioli alla bolognese""], ""vibe_and_service"": [""Cozy, charming, small space with warm, friendly, attentive staff and the owner Gennaro greeting guests"", ""Extensive gluten free menu that staff handle carefully, including for celiac diners"", ""Good value for the quality, and works well for family dinners""], ""wait_time_note"": ""The place is small, so several reviewers say to make a reservation, especially on busy days like Mother's Day.""}"
r_f40a0e,50.0,0.2570807913758569,0.0,0.8,4.630882162041807,4.454709355466788,0.0,4.630882162041807,Le Jardin Bistro NYC,Lower East Side,French,NYC,ChIJeRjfjoxZwokRNLbxJPsZE-k,"95 Delancey St First Floor, New York, NY 10002",4.7,266.0,https://komriwzkkknrsirifgqg.supabase.co/storage/v1/object/public/restaurant-photos/r_f40a0e.jpg,https://www.google.com/maps/search/?api=1&query=Le%20Jardin%20Bistro%20NYC&query_place_id=ChIJeRjfjoxZwokRNLbxJPsZE-k,75.0,40.7186219,-73.9892343,4.382,0.8834586466165414,10.0,0.037593984962406,0.8458646616541353,266.0,344.0,1.0,6.0,10002.0,0.76,0.1052631578947368,0.1052631578947368,0.5526315789473685,0.131578947368421,1.0,327.9736842105263,0.6704837721040741,(212) 228-0909,https://www.lejardinbistronyc.com/,"[{""day"": ""Monday"", ""hours"": ""Closed""}, {""day"": ""Tuesday"", ""hours"": ""Closed""}, {""day"": ""Wednesday"", ""hours"": ""5 to 11\u202fPM""}, {""day"": ""Thursday"", ""hours"": ""5 to 11\u202fPM""}, {""day"": ""Friday"", ""hours"": ""5 to 11\u202fPM""}, {""day"": ""Saturday"", ""hours"": ""11\u202fAM to 3\u202fPM, 5 to 11\u202fPM""}, {""day"": ""Sunday"", ""hours"": ""11\u202fAM to 3\u202fPM, 5 to 11\u202fPM""}]","[""https://lh3.googleusercontent.com/gps-cs-s/AHVAwer6vJ6kyrqHJ_1S-tVM9FSrzwihFU9V-0KGQ1JuSJI_FAE28I84n2R9mDryqRUv2pLDak-uLRBGEeV-p0-3UbxV3pM_l3Xrcyr9iipPnV6p7Be6k6F49EIhFPAlxFJlcsmad8qdTw=w1920-h1080-k-no""]","[{""text"": ""Everything was Amazing \ud83d\udc4f Food,service, vibes"", ""rating"": 5, ""author"": ""JD"", ""published"": ""a week ago""}, {""text"": ""I ordered escargot and steak de friets. Escargo was so yum"", ""rating"": 5, ""author"": ""Ria Arinda"", ""published"": ""4 months ago""}, {""text"": ""Fantastic food and top shelf service. Steak tartare and oysters were excellent."", ""rating"": 5, ""author"": ""Samuel Huxley"", ""published"": ""4 months ago""}]",Local Favorite,"{""standout_dishes"": [""Escargot"", ""Steak frites"", ""Steak and eggs""], ""vibe_and_service"": [""Friendly, attentive service without being overbearing, including a warm welcome for solo diners at the bar"", ""Cozy, romantic garden-style setting that feels like a Parisian bistro""], ""wait_time_note"": null}"
r_b6aae3,50.0,0.2043571197544945,0.0,0.86,4.472115253531071,4.280929914847296,0.0,4.472115253531071,Abuqir,Astoria,Seafood,NYC,ChIJLfbhP2pfwokRvwGbpdfqH8Q,"24-19 Steinway St, Astoria, NY 11103",4.2,1020.0,https://komriwzkkknrsirifgqg.supabase.co/storage/v1/object/public/restaurant-photos/r_b6aae3.jpg,https://www.google.com/maps/search/?api=1&query=Abuqir&query_place_id=ChIJLfbhP2pfwokRvwGbpdfqH8Q,25.0,40.7684787,-73.9110867,6.431,0.8392156862745098,4.903448275862069,0.142156862745098,0.6970588235294117,1020.0,1426.0,1.0,1.0,11103.0,0.82,0.4634146341463415,0.1219512195121951,0.4634146341463415,0.1463414634146341,3.8,324.7317073170732,0.6698242659043672,(718) 274-3474,https://abuqirny.com/,"[{""day"": ""Monday"", ""hours"": ""12 to 10\u202fPM""}, {""day"": ""Tuesday"", ""hours"": ""12 to 10\u202fPM""}, {""day"": ""Wednesday"", ""hours"": ""12 to 10\u202fPM""}, {""day"": ""Thursday"", ""hours"": ""12 to 10\u202fPM""}, {""day"": ""Friday"", ""hours"": ""1:30 to 10\u202fPM""}, {""day"": ""Saturday"", ""hours"": ""12 to 10\u202fPM""}, {""day"": ""Sunday"", ""hours"": ""12 to 10\u202fPM""}]","[""https://lh3.googleusercontent.com/gps-cs-s/AHVAwerHzL76pM0fPU7TzVmCWtrnsdzgmVb0AxgNp3LPcKsKDi9ZZpMFTNAj7TOK25NrRxp9_KjuHb7W571Xsiqy0SG85Ym2wZM_JMzgxAYt1f-NiaUqcyua8BU6_l8_lOVNf3myan1yZ1EazIiz=w1920-h1080-k-no""]","[{""text"": ""obsessed. the scallops were so buttery and delicious"", ""rating"": 5, ""author"": ""Rheanna Ganapathy"", ""published"": ""3 months ago""}, {""text"": ""This is the spirit of Egyptian Mediterranean fish cuisine"", ""rating"": 5, ""author"": ""Ashraf Abbas"", ""published"": ""3 months ago""}, {""text"": ""Ask what they have tagine-style. Great fresh fish and no nonsense."", ""rating"": 5, ""author"": ""James Bywater"", ""published"": ""4 months ago""}]",,"{""standout_dishes"": [""Fresh shrimp, garlic and herbs or tagine-style"", ""Grilled octopus""], ""vibe_and_service"": [""You pick your own fresh seafood, priced by the half pound or pound"", ""Fast service and a clean, no-frills spot""], ""wait_time_note"": null}"
r_00ae9b,50.0,0.2959282537824586,0.02,0.7,4.901239279459171,4.927885314670235,0.0266460352110637,4.887916261853639,Bordeaux Steakhouse,Midwood,French,NYC,ChIJq3ogpOtEwokRKoIeubTWEoc,"1922 Coney Island Ave, Brooklyn, NY 11230",4.8,1712.0,https://komriwzkkknrsirifgqg.supabase.co/storage/v1/object/public/restaurant-photos/r_00ae9b.jpg,https://www.google.com/maps/search/?api=1&query=Bordeaux%20Steakhouse&query_place_id=ChIJq3ogpOtEwokRKoIeubTWEoc,100.0,40.6104514,-73.9626605,16.493,0.9059579439252337,10.0,0.009929906542056,0.8960280373831776,1712.0,2024.0,1.0,4.0,11230.0,0.56,0.0714285714285714,0.0,0.7142857142857143,0.1071428571428571,2.0,151.85714285714286,0.6690641183082217,(718) 942-4040,http://bordeauxnyc.com/,"[{""day"": ""Monday"", ""hours"": ""5 to 11\u202fPM""}, {""day"": ""Tuesday"", ""hours"": ""5 to 11\u202fPM""}, {""day"": ""Wednesday"", ""hours"": ""5 to 11\u202fPM""}, {""day"": ""Thursday"", ""hours"": ""5 to 11\u202fPM""}, {""day"": ""Friday"", ""hours"": ""Closed""}, {""day"": ""Saturday"", ""hours"": ""Closed""}, {""day"": ""Sunday"", ""hours"": ""5 to 11\u202fPM""}]","[""https://lh3.googleusercontent.com/gps-cs-s/AHVAweq3DSlg6WZpl-Ithsj9cF0G6m46YOr4Vopp2grHcvsAAMmOCBBLIe68r3YoHWBtbp77pv9aDyALMAfnQwGoNcPJy6HMEZZVkBirM_h6nPw2-_Ze08V3FDI_JkAwxbSyU93XqxaS=w1920-h1080-k-no""]","[{""text"": ""It's the place to go when you wake up for stake."", ""rating"": 5, ""author"": ""Brazi Samson"", ""published"": ""a month ago""}, {""text"": ""Super impressed service and Apps and Main were epic !!!"", ""rating"": 5, ""author"": ""Moneychest"", ""published"": ""3 months ago""}, {""text"": ""Food is absolutely amazing service impeccable staff friendly."", ""rating"": 5, ""author"": ""Steven Shaffren"", ""published"": ""Edited a month ago""}]",Universally Loved,"{""standout_dishes"": [], ""vibe_and_service"": [""Attentive, friendly, professional staff that handles large groups smoothly"", ""Refined, elegant atmosphere that still feels relaxed"", ""Kosher steakhouse with consistently high-quality food""], ""wait_time_note"": null}"
r_851882,50.0,0.2352158044542268,0.0,0.86,4.853688008127088,4.731185466007701,0.0,4.853688008127088,Buena Vista Restaurant & Bar,Midtown,Seafood,NYC,ChIJ__8ztFJYwokRm2x1-poe3ks,"536 9th Ave, New York, NY 10018",4.7,1401.0,https://komriwzkkknrsirifgqg.supabase.co/storage/v1/object/public/restaurant-photos/r_851882.jpg,https://www.google.com/maps/search/?api=1&query=Buena%20Vista%20Restaurant%20%26%20Bar&query_place_id=ChIJ__8ztFJYwokRm2x1-poe3ks,75.0,40.7568372,-73.9934938,0.692,0.8779443254817987,10.0,0.0392576730906495,0.8386866523911491,1401.0,1390.0,1.0,9.0,10018.0,0.82,0.1707317073170731,0.1463414634146341,0.6585365853658537,0.024390243902439,1.1666666666666667,226.2439024390244,0.6685382427192782,(212) 388-5040,https://www.buenavistany.com/locations/hells-kitchen/?utm_source=google&utm_medium=organic&utm_campaign=gbp-listing,"[{""day"": ""Monday"", ""hours"": ""3 to 11\u202fPM""}, {""day"": ""Tuesday"", ""hours"": ""3 to 11\u202fPM""}, {""day"": ""Wednesday"", ""hours"": ""3 to 11\u202fPM""}, {""day"": ""Thursday"", ""hours"": ""3 to 11\u202fPM""}, {""day"": ""Friday"", ""hours"": ""3\u202fPM to 12\u202fAM""}, {""day"": ""Saturday"", ""hours"": ""12\u202fPM to 12\u202fAM""}, {""day"": ""Sunday"", ""hours"": ""12 to 11\u202fPM""}]","[""https://lh3.googleusercontent.com/gps-cs-s/AHVAweouy55VSyTWl83r26YZz9b6oI8auvMSO7LxfdCZ_WzXCKW4GzQdnr49qLb03BIwWxBFJ5hfhP4gM4vY2Caaf33TBK02UjTaytOxMkHPfN6A8fYPdpk3ytYcmCq8lBJmlS8s01s=w1920-h1080-k-no""]","[{""text"": ""Def worth checking out if in the area \u2026\nGreat food\nNice vibe"", ""rating"": 5, ""author"": ""Igor Zubkov"", ""published"": ""a week ago""}, {""text"": ""Great food. Great staff. Great service. I highly recommend this restaurant."", ""rating"": 5, ""author"": ""Neftaliz Velez"", ""published"": ""3 weeks ago""}, {""text"": ""The food was great, but they gave our order away so we had a long wait for our main course."", ""rating"": 4, ""author"": ""Sabrina Bartholomew"", ""published"": ""2 days ago""}]",Universally Loved,"{""standout_dishes"": [""Grilled octopus"", ""Oxtail pasta"", ""Guava and basil margarita""], ""vibe_and_service"": [""Cozy, intimate atmosphere"", ""Friendly, attentive staff, with the chef stopping by tables to check in"", ""Quality that justifies the Manhattan prices""], ""wait_time_note"": null}"
r_1f497e,50.0,0.2106880161306251,0.0,0.88,4.633934300822831,4.590942047421991,0.0,4.633934300822831,Miriam West Village,West Village,Mediterranean,NYC,ChIJ47ksW1FZwokRvk9gBIKnyJ0,"140 7th Ave S, New York, NY 10014",4.6,92.0,https://komriwzkkknrsirifgqg.supabase.co/storage/v1/object/public/restaurant-photos/r_1f497e.jpg,https://www.google.com/maps/search/?api=1&query=Miriam%20West%20Village&query_place_id=ChIJ47ksW1FZwokRvk9gBIKnyJ0,75.0,40.734727,-74.0023992,2.956,0.9239130434782608,10.0,0.0652173913043478,0.8586956521739131,92.0,226.0,1.0,10.0,10014.0,0.78,0.2051282051282051,0.0769230769230769,0.5897435897435898,0.0512820512820512,2.6666666666666665,238.92307692307693,0.667528651916709,(516) 760-3972,http://miriamrestaurant.com/,"[{""day"": ""Monday"", ""hours"": ""4 to 11\u202fPM""}, {""day"": ""Tuesday"", ""hours"": ""4 to 11\u202fPM""}, {""day"": ""Wednesday"", ""hours"": ""4 to 11\u202fPM""}, {""day"": ""Thursday"", ""hours"": ""4\u202fPM to 1\u202fAM""}, {""day"": ""Friday"", ""hours"": ""4\u202fPM to 1\u202fAM""}, {""day"": ""Saturday"", ""hours"": ""10\u202fAM to 1\u202fAM""}, {""day"": ""Sunday"", ""hours"": ""10\u202fAM to 10\u202fPM""}]","[""https://lh3.googleusercontent.com/gps-cs-s/AHVAwepOxn-RqBuDrUxj4v7XaicwvCrNN46R--4FXpuWGoZX2mxMuCW2Yu4CtGPF4TKtHQfC2MbaAVUbGgso-F8vmaafOd8vTUSSPoslRyV2x0Gn2PlEhhVy3yPavBhCQN_1XXM8-Iwk31IQSIix=w1920-h1080-k-no""]","[{""text"": ""Great food, not enjoying service, great ambiance."", ""rating"": 5, ""author"": ""Karina Eframian"", ""published"": ""a month ago""}, {""text"": ""Amazing food and consistently great service. Love this place!!!!!"", ""rating"": 5, ""author"": ""steven murray"", ""published"": ""a week ago""}, {""text"": ""One of the best Mediterranean restaurants in NYC. Always enjoyable"", ""rating"": 5, ""author"": ""Ben Idan"", ""published"": ""2 months ago""}]",Local Favorite,"{""standout_dishes"": [""Lamb shawarma"", ""Chicken or pork schnitzel""], ""vibe_and_service"": [""Service gets praised again and again, with staff who are welcoming, quick, and good with recommendations (Dillan gets a shout-out)"", ""Beautiful, cozy space with great ambiance, though it can get loud and cramped when busy""], ""wait_time_note"": null}"
r_1921ad,50.0,0.2065447902779672,0.0,0.94,4.497151725016349,4.349504165858739,0.0,4.497151725016349,John's of Bleecker Street,West Village,Pizza,NYC,ChIJuW43oZNZwokRdE5tLzpuykE,"278 Bleecker St, New York, NY 10014",4.6,8111.0,https://komriwzkkknrsirifgqg.supabase.co/storage/v1/object/public/restaurant-photos/r_1921ad.jpg,https://www.google.com/maps/search/?api=1&query=John's%20of%20Bleecker%20Street&query_place_id=ChIJuW43oZNZwokRdE5tLzpuykE,15.0,40.7316187,-74.0034468,3.302,0.7881888792997165,10.0,0.0218222167426951,0.7663666625570213,8111.0,7400.0,1.0,2.0,10014.0,0.76,0.2894736842105263,0.1578947368421052,0.1052631578947368,0.0263157894736842,1.8333333333333333,312.7105263157895,0.6666988637019634,(212) 243-1680,http://johnsofbleecker.com/,"[{""day"": ""Monday"", ""hours"": ""11:30\u202fAM to 10\u202fPM""}, {""day"": ""Tuesday"", ""hours"": ""11:30\u202fAM to 10\u202fPM""}, {""day"": ""Wednesday"", ""hours"": ""11:30\u202fAM to 10\u202fPM""}, {""day"": ""Thursday"", ""hours"": ""11:30\u202fAM to 10\u202fPM""}, {""day"": ""Friday"", ""hours"": ""11:30\u202fAM to 11\u202fPM""}, {""day"": ""Saturday"", ""hours"": ""11:30\u202fAM to 11\u202fPM""}, {""day"": ""Sunday"", ""hours"": ""11:30\u202fAM to 10\u202fPM""}]","[""https://lh3.googleusercontent.com/gps-cs-s/AHVAwerC85CBipHMeMctDzxD57yvHWXYljiA-ylLMRWRgIk39TwTvjA1KQryRyxClJ3JtXow1WNOMPKM04LrsQkJ4K_j2srYZ9G0Vv95QhO3f1171wMeIKmusnhLrkJuTMMlVD0wTGuqims3uDGG=w1920-h1080-k-no""]","[{""text"": ""Good place for good pizza I give it a 9.1"", ""rating"": 4, ""author"": ""Phillip Lewis"", ""published"": ""a week ago""}, {""text"": ""Great pizza and service. The sauce is what stands out"", ""rating"": 5, ""author"": ""Kurt Brucato"", ""published"": ""a day ago""}, {""text"": ""Amazing pizza.  Often a line to get in. Worth the wait."", ""rating"": 5, ""author"": ""John Daly"", ""published"": ""a week ago""}]",,"{""standout_dishes"": [""Coal-fired whole pies with crispy, smoky crust"", ""Sauce praised as the standout flavor""], ""vibe_and_service"": [""Old-school, nostalgic NYC atmosphere with walls full of photos and history"", ""Lively, fast service and big pies that are great for sharing""], ""wait_time_note"": ""Expect roughly a 30-35 minute wait at peak times like weekends, while a weekday lunch around 12:30 had no wait at all.""}"
r_3a9e3c,100.0,0.303502954782749,0.0,0.7,4.828094217135958,4.845188019537269,0.0170938024013107,4.819547315935303,Lava Rock Kitchen,East Bronx,Italian,NYC,ChIJYZtTKRf1wokRhIdo4iq_o1o,"2119 Starling Ave 2nd Floor, Bronx, NY 10462",4.6,232.0,https://komriwzkkknrsirifgqg.supabase.co/storage/v1/object/public/restaurant-photos/r_3a9e3c.jpg,https://www.google.com/maps/search/?api=1&query=Lava%20Rock%20Kitchen&query_place_id=ChIJYZtTKRf1wokRhIdo4iq_o1o,25.0,40.8363344,-73.8543804,14.136,0.8961038961038961,10.0,0.0562770562770562,0.8398268398268398,231.0,834.0,0.0,3.0,10462.0,0.76,0.4210526315789473,0.0789473684210526,0.7631578947368421,0.0789473684210526,5.333333333333333,255.21052631578948,0.66596131959623,(718) 785-0048,https://www.lavarockkitchen.com/,"[{""day"": ""Monday"", ""hours"": ""Closed""}, {""day"": ""Tuesday"", ""hours"": ""4 to 10\u202fPM""}, {""day"": ""Wednesday"", ""hours"": ""4 to 10\u202fPM""}, {""day"": ""Thursday"", ""hours"": ""4 to 10\u202fPM""}, {""day"": ""Friday"", ""hours"": ""4 to 10\u202fPM""}, {""day"": ""Saturday"", ""hours"": ""4 to 10\u202fPM""}, {""day"": ""Sunday"", ""hours"": ""4 to 10\u202fPM""}]","[""https://lh3.googleusercontent.com/gps-cs-s/AHVAweq7v5o7ZqwRAK5WPiB5RxDBZtD_0r1U2ImgpzlCyBkB8T_0STiwTkZUUvN5CiP468oCBFk3MqNEN6-1brziiJfE8YSpCST8CvZWpyjRzK22g3XDbESnRKNHEp82o7bF8dCDsYkA=w1920-h1080-k-no""]","[{""text"": ""Delicious food and the service was excellent."", ""rating"": 5, ""author"": ""Kashif Khan"", ""published"": ""Edited 5 months ago""}, {""text"": ""Their food and service is excellent. Server Riyadh is so good."", ""rating"": 5, ""author"": ""Mahzabin Dewan"", ""published"": ""5 months ago""}, {""text"": ""The food was top!!\nOur server Riyaad recommend the NY strip. Was really delicious"", ""rating"": 5, ""author"": ""Abdoella Fatehmahomed"", ""published"": ""5 months ago""}]",Hidden Gem,"{""standout_dishes"": [""Spicy mango mocktail"", ""Beef/lamb kofta kabab"", ""Chili chicken"", ""NY strip steak""], ""vibe_and_service"": [""Server Morshed gets repeated shoutouts for being friendly, attentive, and great with kids"", ""Clean, cozy, upscale feel that works well for a family dinner"", ""Fully halal menu, so you can get Italian classics like steak and bolognese without worrying""], ""wait_time_note"": null}"
r_bf0550,100.0,0.2454688223815945,0.02,0.86,4.815156626581903,4.74205609976736,0.0,4.815156626581903,Daphne's,Bedford-Stuyvesant,Italian,NYC,ChIJhdx5XYZbwokRiPjDzj6xOQA,"299 Halsey St, Brooklyn, NY 11216",4.7,183.0,https://komriwzkkknrsirifgqg.supabase.co/storage/v1/object/public/restaurant-photos/r_bf0550.jpg,https://www.google.com/maps/search/?api=1&query=Daphne's&query_place_id=ChIJhdx5XYZbwokRiPjDzj6xOQA,75.0,40.6830325,-73.9411454,9.136,0.825136612021858,10.0,0.0054644808743169,0.819672131147541,183.0,139.0,0.0,2.0,11216.0,0.72,0.3055555555555556,0.0277777777777777,0.6944444444444444,0.1388888888888889,11.0,241.5555555555556,0.6656775566533529,(347) 365-8680,http://daphnesbrooklyn.com/,"[{""day"": ""Monday"", ""hours"": ""Closed""}, {""day"": ""Tuesday"", ""hours"": ""5:30 to 10:30\u202fPM""}, {""day"": ""Wednesday"", ""hours"": ""5:30 to 10:30\u202fPM""}, {""day"": ""Thursday"", ""hours"": ""5:30 to 10:30\u202fPM""}, {""day"": ""Friday"", ""hours"": ""5:30 to 10:30\u202fPM""}, {""day"": ""Saturday"", ""hours"": ""5:30 to 10:30\u202fPM""}, {""day"": ""Sunday"", ""hours"": ""5:30 to 10:30\u202fPM""}]","[""https://lh3.googleusercontent.com/gps-cs-s/AHVAweqjbuMOP6Vjt8INeY9VohaY7IduUhaXXVjd4_6uiv5hb2fXhhDigNtwdGx3Qa1pKYOfq5d8gSW7b7JsggHG2BcMMySc2hBT2mAj7w86sX9LhIrBGr6fjVRXcdylAlZKGzXVV_c4-g=w1920-h1080-k-no""]","[{""text"": ""I have never had a single bad meal here. It's my new local favorite!"", ""rating"": 5, ""author"": ""Lindsay Milligan"", ""published"": ""3 months ago""}, {""text"": ""Excellent barguy, great gin dirty martini and foccia popover loveliness"", ""rating"": 5, ""author"": ""Drea"", ""published"": ""2 months ago""}, {""text"": ""delicious food, friendly service, and nice space.\n\nroasted chicken and focaccia were delicious"", ""rating"": 5, ""author"": ""Kyra Conroy"", ""published"": ""a month ago""}]",Hidden Gem,"{""standout_dishes"": [""Beet salad"", ""Arancini and focaccia"", ""Rigatoni with short rib flavor""], ""vibe_and_service"": [""Classy, beautiful room with an open kitchen, soft music, and good lighting, with a 1940s supper club feel"", ""Attentive, friendly servers who don't rush you"", ""Menu rotates seasonally with unique dishes, so there's something new to try""], ""wait_time_note"": null}"
r_82473a,50.0,0.1814465852484348,0.0,0.96,4.747716458868136,4.664989470442234,0.0,4.747716458868136,Sushi W - UES,East Harlem,Japanese,NYC,ChIJeaMvq0dZwokRUOG02aN4Ll8,"1513 Lexington Ave, New York, NY 10029",4.7,287.0,https://komriwzkkknrsirifgqg.supabase.co/storage/v1/object/public/restaurant-photos/r_82473a.jpg,https://www.google.com/maps/search/?api=1&query=Sushi%20W%20-%20UES&query_place_id=ChIJeaMvq0dZwokRUOG02aN4Ll8,65.0,40.786856,-73.9499255,4.405,0.8641114982578397,10.0,0.0139372822299651,0.8501742160278746,287.0,503.0,1.0,1.0,10029.0,0.68,0.4117647058823529,0.0588235294117647,0.5588235294117647,0.0588235294117647,7.0,296.7352941176471,0.6645661317519463,(609) 629-9730,https://www.sushiwny.com/,"[{""day"": ""Monday"", ""hours"": ""12 to 2\u202fPM, 5 to 10\u202fPM""}, {""day"": ""Tuesday"", ""hours"": ""12 to 2\u202fPM, 5 to 10\u202fPM""}, {""day"": ""Wednesday"", ""hours"": ""12 to 2\u202fPM, 5 to 10\u202fPM""}, {""day"": ""Thursday"", ""hours"": ""12 to 2\u202fPM, 5 to 10\u202fPM""}, {""day"": ""Friday"", ""hours"": ""12 to 2\u202fPM, 5 to 10\u202fPM""}, {""day"": ""Saturday"", ""hours"": ""12 to 2\u202fPM, 5 to 10\u202fPM""}, {""day"": ""Sunday"", ""hours"": ""12 to 2\u202fPM, 5 to 10\u202fPM""}]","[""https://lh3.googleusercontent.com/gps-cs-s/AHVAwerWxU7WKXBsMZAbn8e3L3CodI2P2QkRPTooP3gt7D85Q19uNNazKsPihun3XRadoHEIzWkt5_QbFTbnps0mqlGj6l0LRPOyuhhFllGf2wRAE4Dr23GLFmCaPEzPqmy9ggo4XMiL=w1920-h1080-k-no""]","[{""text"": ""Absolutely delicious sushi! Great service!"", ""rating"": 5, ""author"": ""Christopher Jackson"", ""published"": ""7 months ago""}, {""text"": ""Great sushi for the price, the lunch pricing is great"", ""rating"": 5, ""author"": ""Marco"", ""published"": ""a month ago""}, {""text"": ""This was such a happy surprise! Friendly staff, beautiful presentation...I will be back."", ""rating"": 5, ""author"": ""Melanie Powers"", ""published"": ""5 months ago""}]",Local Favorite,"{""standout_dishes"": [""Basil-topped hamachi/kampachi nigiri"", ""Truffle powder salmon nigiri""], ""vibe_and_service"": [""Affordable omakase with tip included in the price, so no tipping math"", ""Intimate, cozy hole-in-the-wall feel with friendly, attentive staff who explain each course"", ""Good for a date night, with fresh fish and a fun mid-meal game that won one table free drinks""], ""wait_time_note"": ""Space is limited, so book ahead, and show up on time since one reviewer says being 20 minutes late limits you to a la carte only.""}"
r_2a665b,50.0,0.3243888058460805,0.0,0.64,4.951909561246074,4.904678903254927,0.0,4.951909561246074,Nozomi NYC @Williamsburg,Williamsburg,Japanese,NYC,ChIJAb_lmHVZwokRVgs44dVnIlg,"130 Grand St CU2, Brooklyn, NY 11249",4.9,350.0,https://komriwzkkknrsirifgqg.supabase.co/storage/v1/object/public/restaurant-photos/r_2a665b.jpg,https://www.google.com/maps/search/?api=1&query=Nozomi%20NYC%20%40Williamsburg&query_place_id=ChIJAb_lmHVZwokRVgs44dVnIlg,100.0,40.7148433,-73.9626569,5.169,0.9742857142857144,10.0,0.0057142857142857,0.9685714285714284,350.0,446.0,0.0,1.0,11249.0,0.62,0.064516129032258,0.0,0.5161290322580645,0.0,2.0,79.16129032258064,0.6629109848760956,(332) 999-3556,http://nozominyc.com/,"[{""day"": ""Monday"", ""hours"": ""Closed""}, {""day"": ""Tuesday"", ""hours"": ""2:30 to 10\u202fPM""}, {""day"": ""Wednesday"", ""hours"": ""2:30 to 10\u202fPM""}, {""day"": ""Thursday"", ""hours"": ""2:30 to 10\u202fPM""}, {""day"": ""Friday"", ""hours"": ""2:30 to 10\u202fPM""}, {""day"": ""Saturday"", ""hours"": ""12:30 to 10\u202fPM""}, {""day"": ""Sunday"", ""hours"": ""12:30 to 10\u202fPM""}]","[""https://lh3.googleusercontent.com/gps-cs-s/AHVAwepHiukX8A_N1QT5u-HoQLGtBBfrieKL-H6OFR8I4h-LpyIuTF8vw58QooaYGHVHHnMfluAlv0mj13k1sdjMJ9XPpSkmhEba3QHX6CgnWcI1hd2T4Rdsrsyr2yqbhRtwOym4S421c04yNT49=w1920-h1080-k-no""]","[{""text"": ""pretty fun not super traditional omakase. chef is cool"", ""rating"": 5, ""author"": ""Jess C"", ""published"": ""2 weeks ago""}, {""text"": ""Food was amazing!! Great date spot and excellent service"", ""rating"": 5, ""author"": ""Sethvin Nanayakkara"", ""published"": ""2 weeks ago""}, {""text"": ""The food is incredible. The Mackarel was a stand out! The chef Max made for a great time!"", ""rating"": 5, ""author"": ""Jordan Terry"", ""published"": ""2 weeks ago""}]",Hidden Gem,"{""standout_dishes"": [], ""vibe_and_service"": [""Chef Max is a big part of the experience, chatting through the courses and making recommendations, and several reviews credit him for making the night feel special"", ""Relaxed, modern, intimate omakase that isn't stuffy, good for dates, birthdays, and private events""], ""wait_time_note"": null}"
r_7dfb6f,50.0,0.1985662592540624,0.04,0.92,4.414720848079779,4.620950188719203,0.2062293406394237,4.311606177760067,Birds of a Feather,Williamsburg,Chinese,NYC,ChIJhzzIZWBZwokRPp4llFHtQzs,"191 Grand St, Brooklyn, NY 11211",4.4,1565.0,https://komriwzkkknrsirifgqg.supabase.co/storage/v1/object/public/restaurant-photos/r_7dfb6f.jpg,https://www.google.com/maps/search/?api=1&query=Birds%20of%20a%20Feather&query_place_id=ChIJhzzIZWBZwokRPp4llFHtQzs,45.0,40.7143448,-73.9605077,5.291,0.7386581469648562,10.0,0.0485623003194888,0.6900958466453674,1565.0,2279.0,1.0,2.0,11211.0,0.7,0.2571428571428571,0.0857142857142857,0.5142857142857142,0.0285714285714285,3.0,253.2,0.6622089681715424,(718) 969-6800,http://birdsofafeatherny.com/,"[{""day"": ""Monday"", ""hours"": ""12 to 10\u202fPM""}, {""day"": ""Tuesday"", ""hours"": ""12 to 10\u202fPM""}, {""day"": ""Wednesday"", ""hours"": ""12 to 10\u202fPM""}, {""day"": ""Thursday"", ""hours"": ""12 to 10\u202fPM""}, {""day"": ""Friday"", ""hours"": ""12 to 10:30\u202fPM""}, {""day"": ""Saturday"", ""hours"": ""11\u202fAM to 10:30\u202fPM""}, {""day"": ""Sunday"", ""hours"": ""11\u202fAM to 10\u202fPM""}]","[""https://lh3.googleusercontent.com/gps-cs-s/AHVAwerSeA09ntxA3JuVIAHlP8T3Jmync1zN4OAef1e_sibQhvdj82VqD8JeomDPmjJs6Rwu2YX8F1U2YZmToCKi0olNLmfOiQl3KAoI5v143Y4ZovBrTnQA-tqGR9YOU2lMkrtGv-v7=w1920-h1080-k-no""]","[{""text"": ""Excellent food and great for sharing with friends."", ""rating"": 5, ""author"": ""Michael Tawney"", ""published"": ""a month ago""}, {""text"": ""This is my second time eating here and I will always go back!"", ""rating"": 5, ""author"": ""Semina"", ""published"": ""a month ago""}, {""text"": ""solid chinese restaurant that doesn't skimp on spice even tho it's in wburg"", ""rating"": 4, ""author"": ""Joseph Su"", ""published"": ""a month ago""}]",,"{""standout_dishes"": [""Spicy fish fillet"", ""Kung Pao chicken"", ""Dandan noodles""], ""vibe_and_service"": [""Attentive, top-notch service \\u2014 glasses stay full and they bring extra napkins before you ask"", ""Fun, lively atmosphere that's busy and packed"", ""Great for sharing with friends or a bigger group so you can try more of the menu""], ""wait_time_note"": ""The place stays packed, so book a reservation ahead since walking in and getting a seat can be tough.""}"
r_98f628,50.0,0.2947868992227768,0.0,0.72,4.999999999999999,5.0,8.881784197001252e-16,4.999999999999998,SILK SPOON,Mid Island,Restaurant,NYC,ChIJ-VcdLsxNwokRFk0hrPEJf18,"460 Bradley Ave, Staten Island, NY 10314",5.0,66.0,https://komriwzkkknrsirifgqg.supabase.co/storage/v1/object/public/restaurant-photos/r_98f628.jpg,https://www.google.com/maps/search/?api=1&query=SILK%20SPOON&query_place_id=ChIJ-VcdLsxNwokRFk0hrPEJf18,40.0,40.5996363,-74.1312677,21.506,1.0,10.0,0.0,1.0,66.0,255.0,0.0,2.0,10314.0,0.78,0.3076923076923077,0.0,0.8205128205128205,0.1025641025641025,12.0,214.1794871794872,0.6612606699813739,(718) 494-7455,https://www.silkspoonsi.com/,"[{""day"": ""Monday"", ""hours"": ""11\u202fAM to 10\u202fPM""}, {""day"": ""Tuesday"", ""hours"": ""11\u202fAM to 10\u202fPM""}, {""day"": ""Wednesday"", ""hours"": ""11\u202fAM to 10\u202fPM""}, {""day"": ""Thursday"", ""hours"": ""11\u202fAM to 10\u202fPM""}, {""day"": ""Friday"", ""hours"": ""Closed""}, {""day"": ""Saturday"", ""hours"": ""Closed""}, {""day"": ""Sunday"", ""hours"": ""11\u202fAM to 10\u202fPM""}]","[""https://lh3.googleusercontent.com/gps-cs-s/AHVAweqPLjqd2AfaOBanb7zKPrTwRZkc0BPUirOmdEh25uWEm2sZPAxESZqb6G4lq9Zh8K8YNqGu2UgXlzEaBobz3d1TCOK3oeBEksP-Lh9W5gWez6sX_EseO8FVlRKDCJ20QmVWXRUardNH--A=w1920-h1080-k-no""]","[{""text"": ""Great place\n\nFinally fine dining\nDairy !!"", ""rating"": 5, ""author"": ""cj rabin"", ""published"": ""4 months ago""}, {""text"": ""Delicious food. Presented Beautiful. Staff so nice"", ""rating"": 5, ""author"": ""Debbie Sirota"", ""published"": ""3 months ago""}, {""text"": ""Food was fresh and delicious service exceptional Anna was amazing!"", ""rating"": 5, ""author"": ""Yanki berkowitz"", ""published"": ""a week ago""}]",Hidden Gem,"{""standout_dishes"": [], ""vibe_and_service"": [""Warm, welcoming staff and attentive service came up again and again"", ""Calm, cozy, stylish atmosphere that people called inviting and a great vibe"", ""Fresh food that comes out quickly, in good portions, with nice presentation""], ""wait_time_note"": null}"
r_e11e20,50.0,0.2715826425752501,0.04,0.8,4.3056194342583085,4.050793773713166,0.0,4.3056194342583085,Cornbread Brooklyn,Crown Heights,Restaurant,NYC,ChIJR_ch0LxbwokRXouTAZGjl7A,"409 Eastern Pkwy, Brooklyn, NY 11216",4.7,6939.0,https://komriwzkkknrsirifgqg.supabase.co/storage/v1/object/public/restaurant-photos/r_e11e20.jpg,https://www.google.com/maps/search/?api=1&query=Cornbread%20Brooklyn&query_place_id=ChIJR_ch0LxbwokRXouTAZGjl7A,25.0,40.670553,-73.9544671,10.059,0.8917711485804871,10.0,0.0246433203631647,0.8671278282173224,6939.0,1565.0,1.0,1.0,11216.0,0.84,0.1428571428571428,0.0952380952380952,0.3809523809523809,0.1428571428571428,1.5,262.6190476190476,0.6594237500243771,(718) 493-7685,http://www.cornbreadsoul.com/,"[{""day"": ""Monday"", ""hours"": ""11\u202fAM to 10\u202fPM""}, {""day"": ""Tuesday"", ""hours"": ""11\u202fAM to 10\u202fPM""}, {""day"": ""Wednesday"", ""hours"": ""11\u202fAM to 10\u202fPM""}, {""day"": ""Thursday"", ""hours"": ""11\u202fAM to 10\u202fPM""}, {""day"": ""Friday"", ""hours"": ""11\u202fAM to 10\u202fPM""}, {""day"": ""Saturday"", ""hours"": ""11\u202fAM to 10\u202fPM""}, {""day"": ""Sunday"", ""hours"": ""11\u202fAM to 10\u202fPM""}]","[""https://lh3.googleusercontent.com/gps-cs-s/AHVAwerg3K7a0xhcvgXwbki8CFtvAZulPuK8q1f9giO-b1gT9J5cUHEIuhHeT8FNVOSqUZSGgI_FiXAD47iXpiwjqWNpaGbe6rnJlxOgPHFmKDLJA8ctrMruKsyE6ROqyYTHqDwD6m-t=w1920-h1080-k-no""]","[{""text"": ""This spot will satisfy your Souther food cravings for sure!!!\u2b50\ufe0f\u2b50\ufe0f\u2b50\ufe0f\u2b50\ufe0f\u2b50\ufe0f"", ""rating"": 5, ""author"": ""Donna W"", ""published"": ""a week ago""}, {""text"": ""Made my stomach hurt. Super salty. The catfish and corn bread were the only good things"", ""rating"": 2, ""author"": ""Trevona Browne"", ""published"": ""a week ago""}, {""text"": ""Ordered four pieces of mixed chicken but received four pieces of tiny wings. Extremely disappointed!"", ""rating"": 1, ""author"": ""Alamgir Hossain"", ""published"": ""a week ago""}]",,"{""standout_dishes"": [""Cornbread, soft and buttery"", ""Mac and cheese"", ""Fried catfish"", ""Collard greens""], ""vibe_and_service"": [""Front-of-house staff (Aniah, Ayanna, Desire) get repeated shout-outs for being warm, attentive, and welcoming"", ""Casual, homey fast-casual setting with seating for both couples and groups, plus plenty of takeout traffic""], ""wait_time_note"": ""Expect to wait for your food on busy days, with a few reviewers mentioning slow service and long waits for orders, plus tough parking nearby.""}"
r_8f8864,100.0,0.212310400656101,0.0,0.89,4.49073222316169,4.426325859025428,0.0,4.49073222316169,Chez Ma Tante,Greenpoint,Restaurant,NYC,ChIJe94ViUFZwokRTJ3cQOMhFdI,"90 Calyer St, Brooklyn, NY 11222",4.4,954.0,https://komriwzkkknrsirifgqg.supabase.co/storage/v1/object/public/restaurant-photos/r_8f8864.jpg,https://www.google.com/maps/search/?api=1&query=Chez%20Ma%20Tante&query_place_id=ChIJe94ViUFZwokRTJ3cQOMhFdI,45.0,40.7269159,-73.9576034,4.187,0.740041928721174,10.0,0.0440251572327044,0.6960167714884696,954.0,947.0,1.0,2.0,11222.0,0.84,0.2619047619047619,0.2142857142857142,0.5714285714285714,0.0476190476190476,1.2222222222222223,315.0,0.6586353955051785,(718) 389-3606,http://www.chezmatantebk.com/,"[{""day"": ""Monday"", ""hours"": ""5 to 10\u202fPM""}, {""day"": ""Tuesday"", ""hours"": ""5 to 10\u202fPM""}, {""day"": ""Wednesday"", ""hours"": ""5 to 10\u202fPM""}, {""day"": ""Thursday"", ""hours"": ""5 to 10\u202fPM""}, {""day"": ""Friday"", ""hours"": ""5 to 10\u202fPM""}, {""day"": ""Saturday"", ""hours"": ""10\u202fAM to 10\u202fPM""}, {""day"": ""Sunday"", ""hours"": ""10\u202fAM to 10\u202fPM""}]","[""https://lh3.googleusercontent.com/gps-cs-s/AHVAwep7zfM96nelwlKaB_KMwNZBTdIZfDL7_ntCsbcZrVnNrXOD2He8tJIa8uhrFMH2e1Qnx8BNQjzqNReUZ8A4Wtp43NFbnW9Zwg7W4Z2lSk7Vtlpqf0R3AmE3ExC0tDULTPXLYN_4Mg=w1920-h1080-k-no""]","[{""text"": ""The most phenomenal dining experience in New York."", ""rating"": 5, ""author"": ""Kathryn Jacobs"", ""published"": ""5 months ago""}, {""text"": ""Really love everything about this place. Don't miss the French Fries!"", ""rating"": 5, ""author"": ""andre' de waal"", ""published"": ""2 months ago""}, {""text"": ""Just get the pancakes. Nothing else was nearly as good. Worth the wait"", ""rating"": 5, ""author"": ""Zoe Kline"", ""published"": ""5 months ago""}]",,"{""standout_dishes"": [""Fluffy pancakes with crispy edges and lemon-hinted syrup"", ""Chips and aioli"", ""Country pate"", ""Sausage gravy and biscuits""], ""vibe_and_service"": [""Friendly, knowledgeable staff who know the menu well"", ""Sophisticated but chill atmosphere that works for groups or a table for two""], ""wait_time_note"": null}"
r_984116,50.0,0.1697119217210082,0.0,0.98,4.166425233810533,4.279126799252045,0.1127015654415117,4.110074451089777,Tanoreen,Bay Ridge,Mediterranean,NYC,ChIJoWqUUFhFwokRgLdrJbh0bBg,"7523 3rd Ave, Brooklyn, NY 11209",4.7,2986.0,https://komriwzkkknrsirifgqg.supabase.co/storage/v1/object/public/restaurant-photos/r_984116.jpg,https://www.google.com/maps/search/?api=1&query=Tanoreen&query_place_id=ChIJoWqUUFhFwokRgLdrJbh0bBg,,40.6307916,-74.0277865,14.57,0.8844608171466846,10.0,0.0214333556597454,0.8630274614869391,2986.0,1511.0,1.0,5.0,11209.0,0.74,0.1621621621621621,0.2162162162162162,0.6756756756756757,0.4594594594594595,0.75,418.6486486486487,0.658203960236179,(718) 748-5600,http://www.tanoreen.com/,"[{""day"": ""Monday"", ""hours"": ""Closed""}, {""day"": ""Tuesday"", ""hours"": ""12 to 10\u202fPM""}, {""day"": ""Wednesday"", ""hours"": ""12 to 10\u202fPM""}, {""day"": ""Thursday"", ""hours"": ""12 to 10\u202fPM""}, {""day"": ""Friday"", ""hours"": ""12 to 10\u202fPM""}, {""day"": ""Saturday"", ""hours"": ""12 to 10\u202fPM""}, {""day"": ""Sunday"", ""hours"": ""12 to 10\u202fPM""}]","[""https://lh3.googleusercontent.com/gps-cs-s/AHVAwerb5kurwOydlET0oRo232q4UpyQeAlU-hWs5EdAni31IVbeBGsVL5tKwszBka8TDWR5iNtOrgxp3yF_H971bKGXsj3JsmNLV8fYTXB1PMtijUK-F8Y1x52xRYzLsbamUKv3Grgh=w1920-h1080-k-no""]","[{""text"": ""Really good heartwarming food and service"", ""rating"": 5, ""author"": ""Soumyadeep Datta"", ""published"": ""4 months ago""}, {""text"": ""Service was excellent in the food was pretty good all round"", ""rating"": 4, ""author"": ""Grant P"", ""published"": ""2 months ago""}, {""text"": ""Very nice Middle Eastern food. We loved the spreads (hummus and babaganoush) and kibbehs"", ""rating"": 4, ""author"": ""Suzana Camargo"", ""published"": ""19 hours ago""}]",,"{""standout_dishes"": [""Musakhan""], ""vibe_and_service"": [""Warm, family-like service that goes above and beyond"", ""Generous portions and good for groups or family-style meals"", ""Relaxed, quiet atmosphere that's easy to talk in""], ""wait_time_note"": null}"
r_eccd2b,50.0,0.1997568850932302,0.0,0.92,4.496641197442383,4.57581564003037,0.0791744425879867,4.457053976148389,Naked Dog,Greenpoint,Italian,NYC,ChIJUfItHUBZwokRQLZURlrMYnk,"47 Java St, Brooklyn, NY 11222",4.6,670.0,https://komriwzkkknrsirifgqg.supabase.co/storage/v1/object/public/restaurant-photos/r_eccd2b.jpg,https://www.google.com/maps/search/?api=1&query=Naked%20Dog&query_place_id=ChIJUfItHUBZwokRQLZURlrMYnk,75.0,40.731326,-73.9593539,3.702,0.8044776119402985,10.0,0.0208955223880597,0.7835820895522388,670.0,561.0,0.0,1.0,11222.0,0.74,0.3783783783783784,0.027027027027027,0.4054054054054054,0.1351351351351351,14.0,229.8918918918919,0.6572421941670237,(929) 337-8096,http://www.nakeddogbrooklyn.com/,"[{""day"": ""Monday"", ""hours"": ""Closed""}, {""day"": ""Tuesday"", ""hours"": ""5 to 10\u202fPM""}, {""day"": ""Wednesday"", ""hours"": ""5 to 10\u202fPM""}, {""day"": ""Thursday"", ""hours"": ""5 to 10\u202fPM""}, {""day"": ""Friday"", ""hours"": ""5 to 10:30\u202fPM""}, {""day"": ""Saturday"", ""hours"": ""5 to 10:30\u202fPM""}, {""day"": ""Sunday"", ""hours"": ""5 to 10\u202fPM""}]","[""https://lh3.googleusercontent.com/gps-cs-s/AHVAweo9WUxDeSPzRRBZfXwTltGft1JYCQzoJHZCoiDhSuO6G6GVxzOHosMx1VzRWdC7K3qZjiMGuj5aJU6BA5nKxPsC5MU8d0g9q6RstHg6OnjkwbkXum5PZTqGpMc5v3vr7w4sXbkn=w1920-h1080-k-no""]","[{""text"": ""Truly incredible meal. The strozzapreti was remarkable"", ""rating"": 5, ""author"": ""Kevin Schmitz"", ""published"": ""10 months ago""}, {""text"": ""Nunzio and Paula were so lovely we can't wait to come back!"", ""rating"": 5, ""author"": ""Angela A"", ""published"": ""7 months ago""}, {""text"": ""Great service and vibes but food is just alright especially for the prices"", ""rating"": 4, ""author"": ""Max S"", ""published"": ""9 months ago""}]",,"{""standout_dishes"": [""Braised short rib ravioli"", ""Strozzapreti pasta""], ""vibe_and_service"": [""Cozy, intimate neighborhood spot that works for date night or catching up with friends and family"", ""Friendly, attentive staff and a welcoming owner who fixes problems quickly"", ""Good cocktails and wine selection""], ""wait_time_note"": null}"
r_7c34af,50.0,0.2301872669711618,0.0,0.84,4.551604844646266,4.614470985042936,0.0628661403966699,4.520171774447931,Pranakhon,East Village,Thai,NYC,ChIJeWk_ncJZwokR1QHfApa0dQo,"88 University Pl, New York, NY 10003",4.7,3133.0,https://komriwzkkknrsirifgqg.supabase.co/storage/v1/object/public/restaurant-photos/r_7c34af.jpg,https://www.google.com/maps/search/?api=1&query=Pranakhon&query_place_id=ChIJeWk_ncJZwokR1QHfApa0dQo,40.0,40.733751,-73.9932623,2.771,0.8700925630386211,10.0,0.0181934248324289,0.8518991382061921,3133.0,4874.0,1.0,2.0,10003.0,0.7,0.2857142857142857,0.0285714285714285,0.7142857142857143,0.1714285714285714,10.0,281.65714285714284,0.6563441830269083,(212) 786-6789,https://pranakhonnyc.com/,"[{""day"": ""Monday"", ""hours"": ""11:30\u202fAM to 3:30\u202fPM, 4:30 to 10\u202fPM""}, {""day"": ""Tuesday"", ""hours"": ""11:30\u202fAM to 3:30\u202fPM, 4:30 to 10\u202fPM""}, {""day"": ""Wednesday"", ""hours"": ""11:30\u202fAM to 3:30\u202fPM, 4:30 to 10\u202fPM""}, {""day"": ""Thursday"", ""hours"": ""11:30\u202fAM to 3:30\u202fPM, 4:30 to 10\u202fPM""}, {""day"": ""Friday"", ""hours"": ""11:30\u202fAM to 3:30\u202fPM, 4:30 to 11:30\u202fPM""}, {""day"": ""Saturday"", ""hours"": ""11:30\u202fAM to 3:30\u202fPM, 4:30 to 10:30\u202fPM""}, {""day"": ""Sunday"", ""hours"": ""11:30\u202fAM to 3:30\u202fPM, 4:30 to 10\u202fPM""}]","[""https://lh3.googleusercontent.com/gps-cs-s/AHVAwerfitUA9YUDS0vB0kijC5aiCNsKDYaiunmOLUqOZ609OpCE6FY5oVzEcYqOjT-7tEHKFBXWoKWznCwqWReIx4-ibNGLuhkD1gAxyqMeHfTyfzS0NS4QoDya22XmdZzZ4ajI-_PAq6WGgte1=w1920-h1080-k-no""]","[{""text"": ""Great food and phenomenal service! Thank you!!!!"", ""rating"": 5, ""author"": ""Brian B"", ""published"": ""2 weeks ago""}, {""text"": ""Miriam was incredible and the food was just as good!"", ""rating"": 5, ""author"": ""Zach"", ""published"": ""3 weeks ago""}, {""text"": ""Such a fun and delicious spot. Transports you to Thai street food spots"", ""rating"": 5, ""author"": ""Lieve Saether"", ""published"": ""3 weeks ago""}]",,"{""standout_dishes"": [""Mussaman short rib"", ""Pad thai"", ""Crispy pork with prik khing""], ""vibe_and_service"": [""Vibrant street-style Thai decor that adds to the experience"", ""Warm, energetic atmosphere with a big space and plenty of seating"", ""Fast, friendly service according to several diners""], ""wait_time_note"": ""Opinions differ: some say it's huge and easy to get a seat even at busy hours, while others recommend a reservation or going for lunch around noon to avoid a long wait.""}"
r_b22228,50.0,0.2266914311469464,0.02,0.86,4.75475824990184,4.76153659209186,0.0067783421900209,4.751369078806829,Mama Rao's,Dyker Heights,Italian,NYC,ChIJCTWhGjhFwokR4oswpf19-dc,"6408 11th Ave, Brooklyn, NY 11219",4.7,752.0,https://komriwzkkknrsirifgqg.supabase.co/storage/v1/object/public/restaurant-photos/r_b22228.jpg,https://www.google.com/maps/search/?api=1&query=Mama%20Rao's&query_place_id=ChIJCTWhGjhFwokR4oswpf19-dc,75.0,40.6291339,-74.005763,14.407,0.839095744680851,10.0,0.0239361702127659,0.8151595744680851,752.0,724.0,1.0,2.0,11219.0,0.64,0.5,0.0,0.5625,0.21875,16.0,247.40625,0.6557815706984219,(718) 745-2269,https://mamaraosrestaurant.com/,"[{""day"": ""Monday"", ""hours"": ""Closed""}, {""day"": ""Tuesday"", ""hours"": ""12 to 10\u202fPM""}, {""day"": ""Wednesday"", ""hours"": ""12 to 10\u202fPM""}, {""day"": ""Thursday"", ""hours"": ""12 to 10\u202fPM""}, {""day"": ""Friday"", ""hours"": ""12 to 10\u202fPM""}, {""day"": ""Saturday"", ""hours"": ""12 to 10\u202fPM""}, {""day"": ""Sunday"", ""hours"": ""12 to 10\u202fPM""}]","[""https://lh3.googleusercontent.com/gps-cs-s/AHVAwerJRYwAPEXeU0NP_AlpO9zNHLSNAoEzEPWH_n_VSNxlh9Ri6ntRk2yc9WR0qGdUP6nK9PI72U0I5FfWHF5vC_45goVLnXyxQSG4NPXbMy6uJT9zd2FG4rwIsyom3CNATSDcczrw=w1920-h1080-k-no""]","[{""text"": ""Very fresh and tasty. service are good!!!"", ""rating"": 5, ""author"": ""Mae C"", ""published"": ""3 weeks ago""}, {""text"": ""Don\u2019t judge the price judge the taste. This place is worth the money."", ""rating"": 5, ""author"": ""Luna Exotic"", ""published"": ""9 months ago""}, {""text"": ""Fair location for Italian food, catering service. Good party location."", ""rating"": 4, ""author"": ""Eric Chan"", ""published"": ""8 months ago""}]",Local Favorite,"{""standout_dishes"": [""Rigatoni or ravioli bolognese"", ""Veal dishes, including the veal chop Milanese""], ""vibe_and_service"": [""Friendly, professional servers who go the extra mile, like bringing cookies with a post-dinner coffee"", ""Lively, classic Italian restaurant atmosphere that suits big groups and birthday parties"", ""Generous plates that feel worth the slightly higher price""], ""wait_time_note"": null}"
r_07d472,50.0,0.18594030079767,0.0,0.94,4.898930869955973,4.87567597848484,0.0,4.898930869955973,Kinjo,Dumbo,Japanese,NYC,ChIJQ2auS5ZbwokRZo6tE1p-kTA,"11 Adams St, Brooklyn, NY 11201",4.9,141.0,https://komriwzkkknrsirifgqg.supabase.co/storage/v1/object/public/restaurant-photos/r_07d472.jpg,https://www.google.com/maps/search/?api=1&query=Kinjo&query_place_id=ChIJQ2auS5ZbwokRZo6tE1p-kTA,100.0,40.7041896,-73.9883555,5.978,0.9432624113475178,10.0,0.0070921985815602,0.9361702127659576,141.0,332.0,0.0,7.0,11201.0,0.68,0.3235294117647059,0.088235294117647,0.8235294117647058,0.0,3.6666666666666665,353.6764705882353,0.6545392614993547,(917) 310-1532,http://www.kinjodumbo.com/,"[{""day"": ""Monday"", ""hours"": ""Closed""}, {""day"": ""Tuesday"", ""hours"": ""5 to 11\u202fPM""}, {""day"": ""Wednesday"", ""hours"": ""5 to 11\u202fPM""}, {""day"": ""Thursday"", ""hours"": ""5 to 11\u202fPM""}, {""day"": ""Friday"", ""hours"": ""5\u202fPM to 12\u202fAM""}, {""day"": ""Saturday"", ""hours"": ""5\u202fPM to 12\u202fAM""}, {""day"": ""Sunday"", ""hours"": ""5 to 10\u202fPM""}]","[""https://lh3.googleusercontent.com/gps-cs-s/AHVAwepK0PfKYwEPd4JqNjHDoxKvpSSueMLSvp191H7MqM5akDGIGkY9E_Dmocsm4Vpa7-WnNiD-ll0ZQfsUvgr6DQsE_n4br6quR-30w2inYbJMLZP-rQ_0byu3Qlwtgb6p-q_CmfqcdQ=w1920-h1080-k-no""]","[{""text"": ""Phenomenal omakase - one of the best meals I've had"", ""rating"": 5, ""author"": ""Eugene Kang"", ""published"": ""6 months ago""}, {""text"": ""Throw throw excellent experience service food atmosphere"", ""rating"": 5, ""author"": ""Tata Wetzel"", ""published"": ""a month ago""}, {""text"": ""Great food. Friendly service. All around fantastic experience. Go and enjoy!"", ""rating"": 5, ""author"": ""Stu Bergen"", ""published"": ""a week ago""}]",Hidden Gem,"{""standout_dishes"": [""Duck donburi"", ""Wagyu donburi"", ""Omakase"", ""O toro and gindara""], ""vibe_and_service"": [""Sexy, sophisticated atmosphere with a great playlist and beautiful decor"", ""Attentive, warm service, with staff who went out of their way to whip up a duck donburi that had left the menu"", ""Creative, well-made cocktails and a lounge option if you want something more casual than omakase""], ""wait_time_note"": null}"
r_b2f3e4,50.0,0.298905282613952,0.0,0.7,4.878615885862289,4.823536472332738,0.0,4.878615885862289,Soothr,East Village,Thai,NYC,ChIJ0aS81yNZwokRIk-S2YSuvls,"204 E 13th St, New York, NY 10003",4.7,5564.0,https://komriwzkkknrsirifgqg.supabase.co/storage/v1/object/public/restaurant-photos/r_b2f3e4.jpg,https://www.google.com/maps/search/?api=1&query=Soothr&query_place_id=ChIJ0aS81yNZwokRIk-S2YSuvls,40.0,40.7323017,-73.9873417,2.857,0.8758087706685838,10.0,0.0217469446441409,0.8540618260244428,5564.0,6909.0,1.0,2.0,10003.0,0.92,0.0,0.0434782608695652,0.782608695652174,0.0217391304347826,0.0,185.7173913043478,0.6543023201534652,(212) 844-9789,http://soothrnyc.com/,"[{""day"": ""Monday"", ""hours"": ""12 to 3:30\u202fPM, 5 to 10\u202fPM""}, {""day"": ""Tuesday"", ""hours"": ""12 to 3:30\u202fPM, 5 to 10\u202fPM""}, {""day"": ""Wednesday"", ""hours"": ""12 to 3:30\u202fPM, 5 to 10\u202fPM""}, {""day"": ""Thursday"", ""hours"": ""12 to 3:30\u202fPM, 5 to 10\u202fPM""}, {""day"": ""Friday"", ""hours"": ""12 to 3:30\u202fPM, 5 to 11\u202fPM""}, {""day"": ""Saturday"", ""hours"": ""12 to 3:30\u202fPM, 5 to 11\u202fPM""}, {""day"": ""Sunday"", ""hours"": ""12 to 3:30\u202fPM, 5 to 10\u202fPM""}]","[""https://lh3.googleusercontent.com/gps-cs-s/AHVAweqkA_jYjtx_C25XzGqIbBIDt6jVgO5ZbyXendLigaxVszy3G_n4DI-tHSvGgROdrX2GI4V48yjBzijtAd2nxWCq9z7llYpnu5l8zXJRg-rvX2ABLcd1nbnlIM7KDi3R6Vsb5ThQ=w1920-h1080-k-no""]","[{""text"": ""Great food! The crab and pork noodles were fantastic"", ""rating"": 5, ""author"": ""Ben Yang"", ""published"": ""3 days ago""}, {""text"": ""We had an amazing meal with excellent service from Tang T! We will return!"", ""rating"": 5, ""author"": ""Nick Mancuso"", ""published"": ""2 days ago""}, {""text"": ""It is a wonderful experience dining here.  Tang is our server and she is super nice.   Food is very different and at the same time a little spicy for us.  It is good though and I love the dumpling."", ""rating"": 5, ""author"": ""Albert Law"", ""published"": ""3 days ago""}]",Universally Loved,"{""standout_dishes"": [""Khao soi (chicken or khai soi moo tod)"", ""Shrimp curry (koong karee)"", ""Duck noodles"", ""Pad see ew""], ""vibe_and_service"": [""Servers get named and praised a lot, especially Tang, who shows up in several reviews as attentive and kind"", ""Fast, attentive service from the whole staff, with waters refilled and someone always checking in"", ""Good value: big portions for the price (a $21 noodle dish was enough to take leftovers home)""], ""wait_time_note"": ""Seating is tight and tables turn over on a schedule, so you may wait outside about 10 minutes even with a reservation, and you'll be told you have around 1.5 hours once seated.""}"
r_51efed,100.0,0.2508923755350863,0.01,0.81,4.573984553145132,4.501919403382848,0.0,4.573984553145132,Glasserie,Greenpoint,Mediterranean,NYC,ChIJf9j4STxZwokRc9PDhX2eoHw,"95 Commercial St, Brooklyn, NY 11222",4.5,934.0,https://komriwzkkknrsirifgqg.supabase.co/storage/v1/object/public/restaurant-photos/r_51efed.jpg,https://www.google.com/maps/search/?api=1&query=Glasserie&query_place_id=ChIJf9j4STxZwokRc9PDhX2eoHw,75.0,40.737722,-73.9561763,3.358,0.7805139186295503,10.0,0.0310492505353319,0.7494646680942184,934.0,862.0,1.0,2.0,11222.0,0.56,0.0714285714285714,0.1071428571428571,0.4642857142857143,0.0714285714285714,0.6666666666666666,220.8928571428572,0.6542618147949376,(718) 389-0640,http://www.glasserienyc.com/,"[{""day"": ""Monday"", ""hours"": ""5:30 to 9:30\u202fPM""}, {""day"": ""Tuesday"", ""hours"": ""5:30 to 9:30\u202fPM""}, {""day"": ""Wednesday"", ""hours"": ""5:30 to 9:30\u202fPM""}, {""day"": ""Thursday"", ""hours"": ""5:30 to 9:30\u202fPM""}, {""day"": ""Friday"", ""hours"": ""11\u202fAM to 11\u202fPM""}, {""day"": ""Saturday"", ""hours"": ""11\u202fAM to 11\u202fPM""}, {""day"": ""Sunday"", ""hours"": ""11\u202fAM to 9:30\u202fPM""}]","[""https://lh3.googleusercontent.com/gps-cs-s/AHVAweo0n8AGolQ9z7O6Ood2wB9yjsAt7djKhxhaA9856HDPZxkvVRtENeR-MhIiNChjVjwhv4wALOhXIYbWqkcC70oCz3Y8lw2q_WpUDLa-5SNsccXuWn8gYqloBjBxlsZaLgSw0mw=w1920-h1080-k-no""]","[{""text"": ""potato cake w eggplant (sabich) is delicious"", ""rating"": 5, ""author"": ""A"", ""published"": ""6 months ago""}, {""text"": ""Great food in great space and attentive service.  Vegan options!"", ""rating"": 5, ""author"": ""kent dolan"", ""published"": ""7 months ago""}, {""text"": ""Great vibes, great service. Bartender and cocktails were big time."", ""rating"": 5, ""author"": ""Dean Kowalski"", ""published"": ""8 months ago""}]",,"{""standout_dishes"": [""Dorade"", ""Duck"", ""Hummus"", ""Shawarma""], ""vibe_and_service"": [""Cozy, dimly lit, vibey space that works well for a date or brunch with a group"", ""Friendly, attentive service, including staff who went out of their way to fix an issue or make room for a stroller"", ""Plenty of vegan options on the menu""], ""wait_time_note"": null}"
r_b7624b,50.0,0.2008787125679221,0.0,0.92,4.79180948542085,4.777031396529238,0.0,4.79180948542085,Adrienne's NYC,Broad Channel,Italian,NYC,ChIJe4j4G9ZpwokR8CBPcLU44Sk,"25 Van Brunt Rd, Queens, NY 11693",4.7,379.0,https://komriwzkkknrsirifgqg.supabase.co/storage/v1/object/public/restaurant-photos/r_b7624b.jpg,https://www.google.com/maps/search/?api=1&query=Adrienne's%20NYC&query_place_id=ChIJe4j4G9ZpwokR8CBPcLU44Sk,75.0,40.5973398,-73.819623,22.734,0.8839050131926122,10.0,0.0237467018469656,0.8601583113456465,379.0,479.0,0.0,8.0,11693.0,0.82,0.2926829268292683,0.048780487804878,0.6341463414634146,0.073170731707317,6.0,350.8292682926829,0.6538855619866193,(718) 945-2525,http://adriennes-nyc.com/,"[{""day"": ""Monday"", ""hours"": ""4 to 9\u202fPM""}, {""day"": ""Tuesday"", ""hours"": ""Closed""}, {""day"": ""Wednesday"", ""hours"": ""Closed""}, {""day"": ""Thursday"", ""hours"": ""4 to 9\u202fPM""}, {""day"": ""Friday"", ""hours"": ""4 to 10\u202fPM""}, {""day"": ""Saturday"", ""hours"": ""11\u202fAM to 10\u202fPM""}, {""day"": ""Sunday"", ""hours"": ""11\u202fAM to 9\u202fPM""}]","[""https://lh3.googleusercontent.com/gps-cs-s/AHVAwerynMDh5uxHkliKvh6owsZ_kkwxphzaJqAu0kDh3s1dmlc6kH3yiC8f1OyWytTgtjUXPCkOTbmAwZh1N_2do0vv1Jdh5o_aiGno9wvKNptZN0suhyOj3gn-IVjUsn00PX92BCwY-g=w1920-h1080-k-no""]","[{""text"": ""Everything was perfect! Can't wait to return!"", ""rating"": 5, ""author"": ""Steven V Z"", ""published"": ""2 weeks ago""}, {""text"": ""I do not give them more stars because there is no option for more stars\ud83d\ude05. the food was delicious, love the live music."", ""rating"": 5, ""author"": ""Wilve Calderon"", ""published"": ""a week ago""}, {""text"": ""Fresh food, little lacking on salt, meatballs were dry and the mozzarella stick wasnt shareable so its an appetizer for one."", ""rating"": 3, ""author"": ""Amanda Bartlett"", ""published"": ""4 months ago""}]",Local Favorite,"{""standout_dishes"": [""Charred octopus"", ""Arancini / rice ball appetizer"", ""Special fish of the day""], ""vibe_and_service"": [""Beautiful waterfront setting with great bay and ocean views, even at night"", ""Attentive, accommodating staff and a romantic, relaxed atmosphere"", ""Great for special occasions like showers and weddings, plus brunch with family or a date""], ""wait_time_note"": null}"
r_36b5fc,50.0,0.2752105988536767,0.0,0.74,4.89623017740964,4.763460331082634,0.0,4.89623017740964,Recette,Williamsburg,French,NYC,ChIJ27nCgv9ZwokRSMWUV3OS1aM,"103 Havemeyer St, Brooklyn, NY 11211",4.8,1066.0,https://komriwzkkknrsirifgqg.supabase.co/storage/v1/object/public/restaurant-photos/r_36b5fc.jpg,https://www.google.com/maps/search/?api=1&query=Recette&query_place_id=ChIJ27nCgv9ZwokRSMWUV3OS1aM,75.0,40.7132215,-73.9563255,5.555,0.901500938086304,10.0,0.0168855534709193,0.8846153846153846,1066.0,913.0,1.0,6.0,11211.0,0.88,0.2954545454545454,0.0454545454545454,0.6590909090909091,0.0454545454545454,6.5,253.5681818181818,0.6525056447897417,(347) 227-8829,https://www.recettebrooklyn.com/?utm_source=google&utm_medium=organic&utm_campaign=gbp&utm_content=main_button,"[{""day"": ""Monday"", ""hours"": ""12 to 10\u202fPM""}, {""day"": ""Tuesday"", ""hours"": ""12 to 10\u202fPM""}, {""day"": ""Wednesday"", ""hours"": ""12 to 10\u202fPM""}, {""day"": ""Thursday"", ""hours"": ""12 to 10\u202fPM""}, {""day"": ""Friday"", ""hours"": ""10\u202fAM to 11\u202fPM""}, {""day"": ""Saturday"", ""hours"": ""10\u202fAM to 11\u202fPM""}, {""day"": ""Sunday"", ""hours"": ""10\u202fAM to 10\u202fPM""}]","[""https://lh3.googleusercontent.com/gps-cs-s/AHVAwepPYN_4rLmck8aWeK925DYX8lSr4j2d02TnrmVq8O1EjTLF6utlVwJqVDvTmhgspNqjkcoUyPs1eEAhQHZqAqsSuJSdyUPGzmZdQ4nHQ_C6Wv3mqCNhHGt4g3qhahvWfQRd35yFmeY48ck=w1920-h1080-k-no""]","[{""text"": ""Nice neighborhood restaurant, great service."", ""rating"": 4, ""author"": ""Chuck Salvo"", ""published"": ""Edited 6 days ago""}, {""text"": ""Great food great service. Ribeye was great and our waitresses Anna was noteworthy great"", ""rating"": 5, ""author"": ""Lev Novak"", ""published"": ""a month ago""}, {""text"": ""Loved it! Took my mom for her birthday, so attentive, yummy food and comped us her bday dessert!"", ""rating"": 5, ""author"": ""Kay Park"", ""published"": ""3 weeks ago""}]",Universally Loved,"{""standout_dishes"": [""French onion soup"", ""Braised short rib cavatelli"", ""Steak tartare""], ""vibe_and_service"": [""Warm, attentive service that feels homey, with staff like Anna and Enes getting shoutouts"", ""Cozy, intimate bistro feel that works well for date nights and celebrations"", ""Small, unpretentious space where the food shines, with a patio too""], ""wait_time_note"": null}"
r_d3bb6d,50.0,0.2087422456091861,0.0,0.9,4.42223626636882,4.267752767546203,0.0,4.42223626636882,Charcoal Gardenia,Mid Island,Mediterranean,NYC,ChIJb8B_5utNwokR61SD991Zv0A,"432 Manor Rd, Staten Island, NY 10314",4.8,627.0,https://komriwzkkknrsirifgqg.supabase.co/storage/v1/object/public/restaurant-photos/r_d3bb6d.jpg,https://www.google.com/maps/search/?api=1&query=Charcoal%20Gardenia&query_place_id=ChIJb8B_5utNwokR61SD991Zv0A,,40.617131,-74.1240712,19.576,0.9569377990430622,10.0,0.036682615629984,0.920255183413078,627.0,926.0,1.0,10.0,10314.0,0.74,0.3783783783783784,0.3513513513513513,0.7567567567567568,0.1621621621621621,1.0769230769230769,322.02702702702703,0.6514358326154115,(718) 887-0100,https://charcoalgardenia.com/?utm_source=google,"[{""day"": ""Monday"", ""hours"": ""12\u202fPM to 12\u202fAM""}, {""day"": ""Tuesday"", ""hours"": ""12\u202fPM to 12\u202fAM""}, {""day"": ""Wednesday"", ""hours"": ""12\u202fPM to 12\u202fAM""}, {""day"": ""Thursday"", ""hours"": ""12\u202fPM to 12\u202fAM""}, {""day"": ""Friday"", ""hours"": ""12\u202fPM to 2\u202fAM""}, {""day"": ""Saturday"", ""hours"": ""12\u202fPM to 2\u202fAM""}, {""day"": ""Sunday"", ""hours"": ""12\u202fPM to 12\u202fAM""}]","[""https://lh3.googleusercontent.com/gps-cs-s/AHVAweq1cz-9SnAoyVaU3oFHYAoObo0zxMl5B7co-fjp2Yatlx_G_U9_u1shNEtfXjUd_kIJ357Kn_zFUdfSmFsJ0eJwn949r7HuTZBZG9ePPUqIgXm1I1XpYYsC3rXW4klpiJnPceTDW53lyodd=w1920-h1080-k-no""]","[{""text"": ""Amazing place, great food, everyone polite and super helpful!!!"", ""rating"": 5, ""author"": ""Michael Alefantos"", ""published"": ""a month ago""}, {""text"": ""Excellent food.  They're not stingy at all.. definitely coming back"", ""rating"": 5, ""author"": ""Mo Nasr (Mo)"", ""published"": ""2 weeks ago""}, {""text"": ""First there very good foods fresh made Homestyle \ud83d\ude0b Severice good friendly"", ""rating"": 5, ""author"": ""Minerva Troche"", ""published"": ""2 weeks ago""}]",,"{""standout_dishes"": [""Creamy, fresh hummus (including hot honey hummus)"", ""Shawarma wraps and platters"", ""Mint lemonade""], ""vibe_and_service"": [""Warm, inviting atmosphere with Palestinian artwork and a vibe that makes you want to linger"", ""Friendly, helpful staff, with Ibrahim called out by name in multiple reviews"", ""Generous portions and fresh, homestyle-tasting food""], ""wait_time_note"": null}"
r_e0bde1,50.0,0.293888856912628,0.0,0.72,4.759978065128941,4.703360823607808,0.0,4.759978065128941,Mission Ceviche,Upper East Side,Seafood,NYC,ChIJEXPLsaFZwokRggZzIVKeiPM,"1400 2nd Ave, New York, NY 10021",4.6,3933.0,https://komriwzkkknrsirifgqg.supabase.co/storage/v1/object/public/restaurant-photos/r_e0bde1.jpg,https://www.google.com/maps/search/?api=1&query=Mission%20Ceviche&query_place_id=ChIJEXPLsaFZwokRggZzIVKeiPM,100.0,40.7691005,-73.9578631,2.653,0.8647342995169082,10.0,0.0401728960081362,0.8245614035087719,3933.0,4471.0,1.0,3.0,10021.0,0.66,0.0909090909090909,0.0,0.5757575757575758,0.0,3.0,108.96969696969695,0.6491242600436716,(212) 650-0014,https://www.missionceviche.com/,"[{""day"": ""Monday"", ""hours"": ""12 to 10\u202fPM""}, {""day"": ""Tuesday"", ""hours"": ""12 to 10\u202fPM""}, {""day"": ""Wednesday"", ""hours"": ""12 to 10\u202fPM""}, {""day"": ""Thursday"", ""hours"": ""12 to 10\u202fPM""}, {""day"": ""Friday"", ""hours"": ""12 to 10:30\u202fPM""}, {""day"": ""Saturday"", ""hours"": ""11\u202fAM to 10:30\u202fPM""}, {""day"": ""Sunday"", ""hours"": ""11\u202fAM to 10\u202fPM""}]","[""https://lh3.googleusercontent.com/gps-cs-s/AHVAwepBsEN5i39y_WWdmqg49vDUnCrTPpdg6eSDzsyFMf9otPjT39btvJ0jNj0W0WLx0W9_SCFkBSpQyFSyPL11JZDKD4lxix242--wgviKhnLGBOOCQjCzXaR0jhLhiycSSXHRsBY6Il58fEAz=w1920-h1080-k-no""]","[{""text"": ""Amazing food and great service \u263a\ufe0f the octopus ceviche is amazing!"", ""rating"": 5, ""author"": ""Alice Rolando"", ""published"": ""3 days ago""}, {""text"": ""Really fantastic experience! The food, service, and ambience are all top notch. The ceviche is amazing!!!"", ""rating"": 5, ""author"": ""Sheryl Schwartz"", ""published"": ""4 days ago""}, {""text"": ""La comida y los ceviches incre\u00edbles, la atenci\u00f3n incre\u00edble \ud83d\udc4c\ud83c\udffc\ud83d\udc4c\ud83c\udffc\ud83d\ude0d Gracias a Iv\u00e1n en la cocina y a Karla en piso. Delicioso"", ""rating"": 5, ""author"": ""Johann Sebastian Forero Rodriguez"", ""published"": ""a week ago""}]",Local Favorite,"{""standout_dishes"": [], ""vibe_and_service"": [""Staff get named again and again, especially Daya, who explains the menu, shares her favorite drinks, and is great with kids"", ""Service and ambience are repeatedly called top notch, with reviewers saying they'd happily come back"", ""Ceviche class gets a rave if you want something more hands-on than just dinner""], ""wait_time_note"": null}"
r_cea88e,50.0,0.2087545684983566,0.0,0.9,4.489940208560252,4.426824256705118,0.0,4.489940208560252,The Local Press,Ozone Park,Burgers,NYC,ChIJI1upp_ZdwokR_VxM7_F8qvw,"92-15 Rockaway Blvd, Ozone Park, NY 11417",4.6,427.0,https://komriwzkkknrsirifgqg.supabase.co/storage/v1/object/public/restaurant-photos/r_cea88e.jpg,https://www.google.com/maps/search/?api=1&query=The%20Local%20Press&query_place_id=ChIJI1upp_ZdwokR_VxM7_F8qvw,15.0,40.6815177,-73.8469223,14.52,0.8313817330210773,10.0,0.0444964871194379,0.7868852459016393,427.0,425.0,1.0,10.0,11417.0,0.74,0.8108108108108109,0.1351351351351351,0.6486486486486487,0.054054054054054,6.0,290.7567567567568,0.6490575738838957,(718) 323-8800,http://www.thelocalpressnyc.com/,"[{""day"": ""Monday"", ""hours"": ""Closed""}, {""day"": ""Tuesday"", ""hours"": ""11\u202fAM to 9\u202fPM""}, {""day"": ""Wednesday"", ""hours"": ""11\u202fAM to 9\u202fPM""}, {""day"": ""Thursday"", ""hours"": ""11\u202fAM to 9\u202fPM""}, {""day"": ""Friday"", ""hours"": ""11\u202fAM to 9\u202fPM""}, {""day"": ""Saturday"", ""hours"": ""11\u202fAM to 9\u202fPM""}, {""day"": ""Sunday"", ""hours"": ""Closed""}]","[""https://lh3.googleusercontent.com/gps-cs-s/AHVAwepS0ZVB1XL92db0AM5RSlmq9Ui6FaRiBtzbgXf4FI2GFBzQd9u8_nkbcJGa_XH3hALpIzcnZSu5I-wcKMO5frR-pvl01GL1soHGnYueNvd9iTd8Vfn-sdQklR-AuoS4HphdDc-Mnvd_UVU=w1920-h1080-k-no""]","[{""text"": ""great food, great vibes and even better music"", ""rating"": 5, ""author"": ""Danielle Baratz"", ""published"": ""5 months ago""}, {""text"": ""First time and my husband and I will definitely come back. The food was delicious \ud83d\ude0b"", ""rating"": 5, ""author"": ""Magie Shapleigh"", ""published"": ""2 months ago""}, {""text"": ""The hot chocolate with whipped cream is a must. We always get the lunch specials it's the best option."", ""rating"": 5, ""author"": ""Ely Figueroa"", ""published"": ""Edited 2 months ago""}]",,"{""standout_dishes"": [""Barbecue burgers"", ""Turkey burger"", ""Chicken club sandwich"", ""Lunch special""], ""vibe_and_service"": [""Cozy, stylish, welcoming atmosphere with outdoor seating"", ""Friendly, attentive staff and a welcoming owner"", ""Good value and prices that won't break the bank""], ""wait_time_note"": null}"
r_df628d,50.0,0.2192074486058753,0.04,0.9,4.738110609763115,4.766145444621363,0.0280348348582473,4.724093192333992,Michael’s,Brooklyn,Italian,NYC,ChIJ2cccPJlEwokRnkUFMJ3M_-k,"2929 Avenue R, Brooklyn, NY 11229",4.7,1709.0,https://komriwzkkknrsirifgqg.supabase.co/storage/v1/object/public/restaurant-photos/r_df628d.jpg,https://www.google.com/maps/search/?api=1&query=Michael%E2%80%99s&query_place_id=ChIJ2cccPJlEwokRnkUFMJ3M_-k,75.0,40.6076253,-73.9428964,17.08,0.839672322995904,10.0,0.0163838502047981,0.823288472791106,1709.0,1445.0,1.0,4.0,11229.0,0.72,0.2222222222222222,0.0277777777777777,0.6666666666666666,0.0277777777777777,8.0,257.30555555555554,0.6488703958950915,(718) 998-7851,http://michaelsofbrooklyn.com/,"[{""day"": ""Monday"", ""hours"": ""Closed""}, {""day"": ""Tuesday"", ""hours"": ""12 to 10\u202fPM""}, {""day"": ""Wednesday"", ""hours"": ""12 to 10\u202fPM""}, {""day"": ""Thursday"", ""hours"": ""12 to 10\u202fPM""}, {""day"": ""Friday"", ""hours"": ""12 to 10\u202fPM""}, {""day"": ""Saturday"", ""hours"": ""12 to 10\u202fPM""}, {""day"": ""Sunday"", ""hours"": ""12 to 10\u202fPM""}]","[""https://lh3.googleusercontent.com/gps-cs-s/AHVAwepAgZQYfrI4JLJHz6eTPZ_iaHsOWsY5ybqrO_MDq-AmSElugUJQ6OoW40-ASHCoDS_qGPuloczMiI5oJkNbSc0fXFXzAprmDlcfmopSKPKX59qoeHfurdaxVKOjbPa37FU-NeQ5=w1920-h1080-k-no""]","[{""text"": ""Very nice place. Please know YOU NEED RESERVATIONS!!"", ""rating"": 4, ""author"": ""Ms. Here"", ""published"": ""3 months ago""}, {""text"": ""Our party of 4 had 4 different entrees and all were delish!"", ""rating"": 5, ""author"": ""Richard Hopkins"", ""published"": ""a week ago""}, {""text"": ""Very attentive staff. Price is reasonable for the overall experience."", ""rating"": 5, ""author"": ""Steve"", ""published"": ""a month ago""}]",Local Favorite,"{""standout_dishes"": [], ""vibe_and_service"": [""Old-school, family-owned Italian feel (since 1964) that reviewers say feels like home and is great for special occasions"", ""Warm, attentive staff, with specific shout-outs to Michael at the front and waiter Enzo"", ""Big portions and reasonable prices for the overall experience""], ""wait_time_note"": null}"
r_650913,50.0,0.27584749367576,0.0,0.74,4.736010727339161,4.520571678276051,0.0,4.736010727339161,The King of Fish,Sunset Park,Mexican,NYC,ChIJdQJ_njpbwokRaonvUhx4npA,"4515 5th Ave, Brooklyn, NY 11220",4.8,1616.0,https://komriwzkkknrsirifgqg.supabase.co/storage/v1/object/public/restaurant-photos/r_650913.jpg,https://www.google.com/maps/search/?api=1&query=The%20King%20of%20Fish&query_place_id=ChIJdQJ_njpbwokRaonvUhx4npA,35.0,40.6474675,-74.0075534,12.411,0.948019801980198,10.0,0.0235148514851485,0.9245049504950495,1616.0,749.0,0.0,10.0,11220.0,0.74,0.2432432432432432,0.1081081081081081,0.4864864864864865,0.054054054054054,2.25,129.24324324324326,0.6473433899812232,(347) 227-8015,http://www.thekingoffish.net/,"[{""day"": ""Monday"", ""hours"": ""Closed""}, {""day"": ""Tuesday"", ""hours"": ""Closed""}, {""day"": ""Wednesday"", ""hours"": ""5\u202fPM to 1\u202fAM""}, {""day"": ""Thursday"", ""hours"": ""5\u202fPM to 2\u202fAM""}, {""day"": ""Friday"", ""hours"": ""12\u202fPM to 4\u202fAM""}, {""day"": ""Saturday"", ""hours"": ""4\u202fPM to 4\u202fAM""}, {""day"": ""Sunday"", ""hours"": ""4\u202fPM to 1\u202fAM""}]","[""https://lh3.googleusercontent.com/gps-cs-s/AHVAwepHZGhJG_r41TMVDht-53hY1db70NndfkZM-2ffAXvyLGzhQibGChEJMrFZ8E2ZHosxHAxhLQFfxZQEbo5yRykZf53UeZJt25oyg7bZPmjvkO0kgv2Ltyb-lxN9PZfRuHQduk9O=w1920-h1080-k-no""]","[{""text"": ""Excellent food, owner is incredibly hospitable."", ""rating"": 5, ""author"": ""Kenneth Mendez"", ""published"": ""3 weeks ago""}, {""text"": ""The music, the food and the drinks! The vibe, everything was great! Such a chill Sunday night vibe and cool place."", ""rating"": 5, ""author"": ""Mireli Guti\u00e9rrez Tlapalcoyoa"", ""published"": ""3 weeks ago""}, {""text"": ""Great spot! Service is outstanding!\nFood and drinks are great, drink menu is excellent and some drinks have really cool presentation\nDef a spot to stop by"", ""rating"": 5, ""author"": ""fe vo"", ""published"": ""2 months ago""}]",Local Favorite,"{""standout_dishes"": [""Fish tacos"", ""Michelada and creative cocktails""], ""vibe_and_service"": [""Friendly, attentive staff and a hospitable owner who makes you feel welcome"", ""Great music and a chill, lively atmosphere"", ""Good to know: cash or Zelle only, no cards""], ""wait_time_note"": null}"
r_b854ce,50.0,0.3000008709974059,0.0,0.7,4.960000116132651,4.988571414351044,0.0285712982183925,4.945714467023455,Corrado's Cucina,Staten Island,Italian,NYC,ChIJcYdYrqVLwokRzs2cBgkcUDk,"831 Arthur Kill Rd, Staten Island, NY 10312",4.8,937.0,https://komriwzkkknrsirifgqg.supabase.co/storage/v1/object/public/restaurant-photos/r_b854ce.jpg,https://www.google.com/maps/search/?api=1&query=Corrado's%20Cucina&query_place_id=ChIJcYdYrqVLwokRzs2cBgkcUDk,75.0,40.5610658,-74.1686486,26.836,0.919957310565635,10.0,0.0192102454642476,0.9007470651013874,937.0,469.0,1.0,1.0,10312.0,0.84,0.0476190476190476,0.0,0.8809523809523809,0.0238095238095238,2.0,132.66666666666666,0.6460190779171963,(347) 562-4102,http://www.corradoscucina.com/,"[{""day"": ""Monday"", ""hours"": ""Closed""}, {""day"": ""Tuesday"", ""hours"": ""12 to 10\u202fPM""}, {""day"": ""Wednesday"", ""hours"": ""12 to 10\u202fPM""}, {""day"": ""Thursday"", ""hours"": ""12 to 10\u202fPM""}, {""day"": ""Friday"", ""hours"": ""12 to 11\u202fPM""}, {""day"": ""Saturday"", ""hours"": ""12 to 11\u202fPM""}, {""day"": ""Sunday"", ""hours"": ""12 to 9\u202fPM""}]","[""https://lh3.googleusercontent.com/gps-cs-s/AHVAweqlCzJkjiZeHi3NCbshxazKKX7iZFYau2SqB3J_0mc2Oz4PufQuTnLhJlPjwki0zi2lI2xhcZggeewCN4vV0Z9OUWFTKYDOEHYsETtNZkflXLMDPyiYfsU5CeJR4Q9aWuvcRWpB=w1920-h1080-k-no""]","[{""text"": ""Food is amazing & service was speculator! Brenda our waitress was awesome!!"", ""rating"": 5, ""author"": ""A Wolfe"", ""published"": ""2 weeks ago""}, {""text"": ""Had an amazing Sunday dinner with my family. Brenda and the staff were very friendly and attentive! The penne vodka rice balls and mussels were delicious. Highly recommend!"", ""rating"": 5, ""author"": ""Melanie Raz"", ""published"": ""3 weeks ago""}, {""text"": ""BEST Italian restaurant I\u2019ve been to in SO long. They were so sweet and the food was delicious!! Our waitress Brenda was literally the best. Genuine 5/5 stars, def coming back. Think I found our new spot :)"", ""rating"": 5, ""author"": ""Amanda DiMilia"", ""published"": ""a month ago""}]",Local Favorite,"{""standout_dishes"": [""Rice balls (including penne vodka rice balls)""], ""vibe_and_service"": [""Brenda the server is mentioned by name in nearly every review as attentive, sweet, and going above and beyond"", ""The whole staff gets praised as friendly and attentive, from the hostess and bartender to the servers"", ""Beautiful, welcoming atmosphere with good music, great for a family Sunday dinner or a girls' night out""], ""wait_time_note"": null}"
r_e28090,50.0,0.2410727691247223,0.0,0.8,4.783778560240883,4.6997407794811545,0.0,4.783778560240883,Rubirosa,SoHo,Pizza,NYC,ChIJs8MdNo9ZwokRTPUHiArLC-o,"235 Mulberry St, New York, NY 10012",4.6,6735.0,https://komriwzkkknrsirifgqg.supabase.co/storage/v1/object/public/restaurant-photos/r_e28090.jpg,https://www.google.com/maps/search/?api=1&query=Rubirosa&query_place_id=ChIJs8MdNo9ZwokRTPUHiArLC-o,40.0,40.7227383,-73.9961347,4.017,0.8216778025241277,10.0,0.0304380103934669,0.7912397921306608,6735.0,6407.0,1.0,4.0,10012.0,0.42,0.1428571428571428,0.0,0.238095238095238,0.0,3.0,273.5238095238095,0.6452578256046722,(212) 965-0500,https://www.rubirosanyc.com/,"[{""day"": ""Monday"", ""hours"": ""11\u202fAM to 11\u202fPM""}, {""day"": ""Tuesday"", ""hours"": ""11\u202fAM to 11\u202fPM""}, {""day"": ""Wednesday"", ""hours"": ""11\u202fAM to 11\u202fPM""}, {""day"": ""Thursday"", ""hours"": ""11\u202fAM to 11\u202fPM""}, {""day"": ""Friday"", ""hours"": ""11\u202fAM to 11\u202fPM""}, {""day"": ""Saturday"", ""hours"": ""11\u202fAM to 11\u202fPM""}, {""day"": ""Sunday"", ""hours"": ""11\u202fAM to 11\u202fPM""}]","[""https://lh3.googleusercontent.com/gps-cs-s/AHVAwepvB-bbLn9jH8HN6suRnsvmq-qIMFhJst5ATEE-MdR4daoC6aDY5hLEa3dgx5xfz5GZcM1vhsknZtkcJ-VL-50VqBOPPdBtI-Ad1bMbrD5c7kns4-QQeUJRmNsqSh_2rN70_wNn=w1920-h1080-k-no""]","[{""text"": ""Classic  NY ... fast., noisy, fun , great place ."", ""rating"": 4, ""author"": ""Eliecer bendana"", ""published"": ""18 hours ago""}, {""text"": ""We had a great lunch! Perfect for the whole family."", ""rating"": 5, ""author"": ""Deborah Storlie"", ""published"": ""6 days ago""}, {""text"": ""Pizza and pasta are always on point, and Brian took great care of us!"", ""rating"": 5, ""author"": ""Colson Agnew"", ""published"": ""a day ago""}]",Local Favorite,"{""standout_dishes"": [""Vodka Pizza""], ""vibe_and_service"": [""Lively, noisy, classic New York energy that's fun and warm"", ""Friendly, attentive servers (Trevor and Brian get named for great service)"", ""Good for the whole family or a group of friends""], ""wait_time_note"": null}"
r_b37b29,50.0,0.2578323825532063,0.0,0.78,4.83950410149737,4.651535645022144,0.0,4.83950410149737,Petite Boucherie,West Village,French,NYC,ChIJye1nGZRZwokRpt8fmbCxNLE,"First Floor, 14 Christopher St, New York, NY 10014",4.7,2039.0,https://komriwzkkknrsirifgqg.supabase.co/storage/v1/object/public/restaurant-photos/r_b37b29.jpg,https://www.google.com/maps/search/?api=1&query=Petite%20Boucherie&query_place_id=ChIJye1nGZRZwokRpt8fmbCxNLE,55.0,40.7338706,-74.0004319,2.964,0.8597351642962237,10.0,0.0250122609122118,0.8347229033840118,2039.0,1610.0,1.0,1.0,10014.0,0.76,0.3157894736842105,0.0263157894736842,0.7631578947368421,0.0,12.0,244.9736842105264,0.6452270181861134,(646) 756-4145,https://www.boucherieus.com/,"[{""day"": ""Monday"", ""hours"": ""11\u202fAM to 12\u202fAM""}, {""day"": ""Tuesday"", ""hours"": ""11\u202fAM to 12\u202fAM""}, {""day"": ""Wednesday"", ""hours"": ""11\u202fAM to 12\u202fAM""}, {""day"": ""Thursday"", ""hours"": ""11\u202fAM to 12\u202fAM""}, {""day"": ""Friday"", ""hours"": ""11\u202fAM to 12\u202fAM""}, {""day"": ""Saturday"", ""hours"": ""10\u202fAM to 12\u202fAM""}, {""day"": ""Sunday"", ""hours"": ""10\u202fAM to 12\u202fAM""}]","[""https://lh3.googleusercontent.com/gps-cs-s/AHVAweoSRy6uHUtom5y9HDFTGvLICsVzFCIFgVvJXl6P3lc4q99-S1z2mWYjVOVhYq2zfT0mE1u-md_0BzgFZd4UslYp1kBDz-lgi2ac4m2C7GQRvZlK-8kDIj3qaRumH9uNXer7gzO2_w=w1920-h1080-k-no""]","[{""text"": ""plain and simple the worst onion soup I\u2019ve had in my life"", ""rating"": 1, ""author"": ""simcha shtaygrud"", ""published"": ""2 months ago""}, {""text"": ""Really lovely!! Great cozy vibes, good music, and Nemanja was an amazing bartender!"", ""rating"": 5, ""author"": ""Srishti Srivastava"", ""published"": ""2 months ago""}, {""text"": ""Daniel the bartender it\u2019s amazing guy , He knows the whole menu he recommended me a great dinner,but what we liked the most were the drinks (negronis and expresso martini and carajillo) the selection the wine it\u2019s amazing"", ""rating"": 5, ""author"": ""Manuel Moncada"", ""published"": ""Edited 2 weeks ago""}]",Universally Loved,"{""standout_dishes"": [""Steak frites"", ""Steak au poivre"", ""Espresso martinis""], ""vibe_and_service"": [""Cozy, romantic, Paris-bistro feel with warm lighting and good music"", ""Attentive, friendly servers and bartenders, with several reviews singling out staff by name (Suzana, Srecko, Balsa, Daniel)"", ""Good for date nights and celebrations, with a strong wine and cocktail list""], ""wait_time_note"": null}"
r_1ca5a8,100.0,0.3255447522017744,0.0,0.6,4.801102016657827,4.8291216419834,0.0280196253255722,4.787092203995041,Çka Ka Qëllu,Belmont,Mediterranean,NYC,ChIJddi0Qof0wokRQGSTDJMZzHc,"2321 Hughes Ave, Bronx, NY 10458",4.8,1450.0,https://komriwzkkknrsirifgqg.supabase.co/storage/v1/object/public/restaurant-photos/r_1ca5a8.jpg,https://www.google.com/maps/search/?api=1&query=%C3%87ka%20Ka%20Q%C3%ABllu&query_place_id=ChIJddi0Qof0wokRQGSTDJMZzHc,40.0,40.8539343,-73.8882116,13.483,0.9344827586206896,10.0,0.0317241379310344,0.9027586206896552,1450.0,1211.0,1.0,2.0,10458.0,0.68,0.4117647058823529,0.0,0.8235294117647058,0.0588235294117647,14.0,214.44117647058823,0.645191132221422,(718) 933-6194,http://ckakaqellu.com/,"[{""day"": ""Monday"", ""hours"": ""12 to 10\u202fPM""}, {""day"": ""Tuesday"", ""hours"": ""12 to 10\u202fPM""}, {""day"": ""Wednesday"", ""hours"": ""12 to 10\u202fPM""}, {""day"": ""Thursday"", ""hours"": ""12 to 10\u202fPM""}, {""day"": ""Friday"", ""hours"": ""12 to 10\u202fPM""}, {""day"": ""Saturday"", ""hours"": ""12 to 10\u202fPM""}, {""day"": ""Sunday"", ""hours"": ""12 to 10\u202fPM""}]","[""https://lh3.googleusercontent.com/gps-cs-s/AHVAweoRqFyCKXqWfxAIdCUzoHwJFje2AHJf0PU0Um4a8HxdZw0LEUGbFYpAqYKC007OueQfcxBgYyIFzH5xrvUokJsDFrmkQaI6F_56BL7oh6_rUFki-cjFB-4H8v-iarFsJngSqNiT6Q=w1920-h1080-k-no""]","[{""text"": ""Great food, great service, nice decor and great atmosphere"", ""rating"": 5, ""author"": ""John Scordato"", ""published"": ""a month ago""}, {""text"": ""Authentic and delicious Albanian cuisine in a traditional setting. Go ahead, try something new!"", ""rating"": 5, ""author"": ""Ilir Orana"", ""published"": ""2 weeks ago""}, {""text"": ""Our server Nora was amazing. Good food and beautiful ambiance. Thank you. Compliments to the chef."", ""rating"": 5, ""author"": ""Domingo Lopez"", ""published"": ""a month ago""}]",Universally Loved,"{""standout_dishes"": [""Freshly baked house bread served steaming"", ""Chicken soup"", ""Mixed grill platter""], ""vibe_and_service"": [""Cozy, traditional Albanian setting with authentic music, decor, and staff in traditional attire"", ""Warm, kind service, with one server (Nora) singled out as amazing"", ""Reasonable prices, and a friendly place to try Albanian food for the first time""], ""wait_time_note"": null}"
r_f834f7,50.0,0.1650778720642132,0.0,0.98,4.656184035647568,4.660754479075467,0.004570443427899,4.653898813933619,Le Crocodile,Williamsburg,French,NYC,ChIJ4faAXmBZwokRebmpx9kQxx4,"80 Wythe Ave, Brooklyn, NY 11249",4.6,1180.0,https://komriwzkkknrsirifgqg.supabase.co/storage/v1/object/public/restaurant-photos/r_f834f7.jpg,https://www.google.com/maps/search/?api=1&query=Le%20Crocodile&query_place_id=ChIJ4faAXmBZwokRebmpx9kQxx4,75.0,40.721964,-73.9580438,4.631,0.785593220338983,10.0,0.0245762711864406,0.7610169491525424,1180.0,1427.0,1.0,1.0,11249.0,0.66,0.2121212121212121,0.2121212121212121,0.4545454545454545,0.1212121212121212,1.0,386.3939393939394,0.6447787216207752,(718) 460-8004,http://lecrocodile.com/,"[{""day"": ""Monday"", ""hours"": ""7\u202fAM to 10\u202fPM""}, {""day"": ""Tuesday"", ""hours"": ""7\u202fAM to 10\u202fPM""}, {""day"": ""Wednesday"", ""hours"": ""7\u202fAM to 10\u202fPM""}, {""day"": ""Thursday"", ""hours"": ""7\u202fAM to 11\u202fPM""}, {""day"": ""Friday"", ""hours"": ""7\u202fAM to 11\u202fPM""}, {""day"": ""Saturday"", ""hours"": ""7\u202fAM to 11\u202fPM""}, {""day"": ""Sunday"", ""hours"": ""7\u202fAM to 10\u202fPM""}]","[""https://lh3.googleusercontent.com/gps-cs-s/AHVAwerL7Jrt3U_ufgPhTqgHorKN79luCfm8nwFc4UQo9ov1iVbk3acZdUz8XjKzDJ14VzYfWiQ2vKJK_lHmWFfIW0kL6GQJltVf-IVm5o02uM4cBgwcZcOsk9ph_PdFBYRdIpGuwQ5p=w1920-h1080-k-no""]","[{""text"": ""Great brunch spot.  Easy to get in if you book ahead online."", ""rating"": 5, ""author"": ""Evan proios"", ""published"": ""a month ago""}, {""text"": ""Great food, excellent service and an energetic bistro atmosphere."", ""rating"": 5, ""author"": ""Neil Plenn"", ""published"": ""a month ago""}, {""text"": ""Really good food and excellent service! Enjoyed the omelette and gnocchi with squash blossoms."", ""rating"": 5, ""author"": ""Jonathan Wagner"", ""published"": ""2 months ago""}]",Local Favorite,"{""standout_dishes"": [""Duck breast / duck confit"", ""Pancakes and French toast"", ""Sticky toffee / banana date pudding""], ""vibe_and_service"": [""Attentive, friendly staff and thoughtful touches like complimentary champagne and spot-on wine pairings"", ""Bright, lively bistro setting inside the Wythe Hotel that makes you want to linger"", ""Works for dates, anniversaries, business meetings, or brunch with friends""], ""wait_time_note"": null}"
r_4f92e8,50.0,0.2524513392966195,0.0,0.8,4.591679560052246,4.79008863727298,0.1984090772207336,4.49247502144188,Knori Hand Roll Bar,Greenpoint,Japanese,NYC,ChIJL4nntipZwokRZtYd_-0xrUY,"121 Greenpoint Ave, Brooklyn, NY 11222",4.9,424.0,https://komriwzkkknrsirifgqg.supabase.co/storage/v1/object/public/restaurant-photos/r_4f92e8.jpg,https://www.google.com/maps/search/?api=1&query=Knori%20Hand%20Roll%20Bar&query_place_id=ChIJL4nntipZwokRZtYd_-0xrUY,40.0,40.7303051,-73.9553013,4.005,0.9504716981132076,10.0,0.0070754716981132,0.9433962264150944,424.0,285.0,0.0,1.0,11222.0,0.76,0.6842105263157895,0.0526315789473684,0.6578947368421053,0.0526315789473684,13.0,190.26315789473685,0.6431681682691428,(917) 909-1816,http://knorihandrollbar.toast.site/,"[{""day"": ""Monday"", ""hours"": ""12:30 to 3\u202fPM, 4:30 to 10\u202fPM""}, {""day"": ""Tuesday"", ""hours"": ""12:30 to 3\u202fPM, 4:30 to 10\u202fPM""}, {""day"": ""Wednesday"", ""hours"": ""12:30 to 3\u202fPM, 4:30 to 10\u202fPM""}, {""day"": ""Thursday"", ""hours"": ""12:30 to 3\u202fPM, 4:30 to 10\u202fPM""}, {""day"": ""Friday"", ""hours"": ""12:30 to 10:30\u202fPM""}, {""day"": ""Saturday"", ""hours"": ""12:30 to 10:30\u202fPM""}, {""day"": ""Sunday"", ""hours"": ""1 to 10\u202fPM""}]","[""https://lh3.googleusercontent.com/gps-cs-s/AHVAweqa_hGtsT1_hGBlU8nuBe_MyD6aQNX9jOYWBLrKY2tYwsxF4TQ19SZ_GNYD5yygmRJDyBNK8hTDR3nB4h6JQSbuOUsre5R7I57RDZTC1nB2vAvjd3iZcrxaBh1a1Ove5ZyUNlEdIps0rQWL=w1920-h1080-k-no""]","[{""text"": ""Amazing food and the employees are so nice there!"", ""rating"": 5, ""author"": ""Max Wang"", ""published"": ""a month ago""}, {""text"": ""Amazing food and very nice service\nCan\u2019t wait to be back"", ""rating"": 5, ""author"": ""arianna zaltron"", ""published"": ""a month ago""}, {""text"": ""I am here for the Greenpoint handroll Renaissance. Knori rocks!"", ""rating"": 5, ""author"": ""Jordan Bleckner"", ""published"": ""3 months ago""}]",,"{""standout_dishes"": [""Fresh fish hand rolls"", ""Sashimi"", ""$5 happy hour sake""], ""vibe_and_service"": [""Friendly, attentive servers who explain the menu and how to eat the hand rolls"", ""Chill, modern, clean space with good music and counter seating"", ""Great value, especially the happy hour deals""], ""wait_time_note"": null}"
r_4c87aa,50.0,0.2669420133836475,0.0,0.76,4.95924662535922,4.932991369007594,0.0,4.95924662535922,Askili Orchard,West Village,Restaurant,NYC,ChIJ6RsQJABZwokRywgPcPkaS0g,"401 6th Ave, New York, NY 10014",4.8,549.0,https://komriwzkkknrsirifgqg.supabase.co/storage/v1/object/public/restaurant-photos/r_4c87aa.jpg,https://www.google.com/maps/search/?api=1&query=Askili%20Orchard&query_place_id=ChIJ6RsQJABZwokRywgPcPkaS0g,75.0,40.7335199,-74.000013,2.984,0.9435336976320584,10.0,0.0218579234972677,0.9216757741347904,549.0,398.0,1.0,5.0,10014.0,0.78,0.1282051282051282,0.0256410256410256,0.6410256410256411,0.0256410256410256,5.0,190.948717948718,0.642947510795505,(646) 344-1241,http://www.askiliorchard.com/,"[{""day"": ""Monday"", ""hours"": ""12 to 10\u202fPM""}, {""day"": ""Tuesday"", ""hours"": ""12 to 10\u202fPM""}, {""day"": ""Wednesday"", ""hours"": ""12 to 10\u202fPM""}, {""day"": ""Thursday"", ""hours"": ""12 to 10\u202fPM""}, {""day"": ""Friday"", ""hours"": ""12 to 11\u202fPM""}, {""day"": ""Saturday"", ""hours"": ""11\u202fAM to 11\u202fPM""}, {""day"": ""Sunday"", ""hours"": ""11\u202fAM to 10\u202fPM""}]","[""https://lh3.googleusercontent.com/gps-cs-s/AHVAwerAdnZhI2R-mYWMvXOdn9W8BN7apAwRqap8rCWEDRfI33RxSE4EOyB8Ip_zFzIO_F53kXjUtKbnoshSUI_0XUtjh8t9vethU8Gqpm6jetTErZZQx9_4lAMt6pfJVG5NvJN9i8SdDreYPiUW=w1920-h1080-k-no""]","[{""text"": ""Delicious food and wonderful service. It is a bit loud for conversation, though."", ""rating"": 5, ""author"": ""Lois Patterson"", ""published"": ""3 days ago""}, {""text"": ""Weekday evening, had place basically to ourselves. Very tasty food, kind and nice waiters. Food is pricey but it\u2019s Manhattan"", ""rating"": 5, ""author"": ""Anna Fasola"", ""published"": ""a week ago""}, {""text"": ""Gio is the best server in the world!! Make them manager ASAP.\n\nAlso this food?! To die for. Thank you thank you for all the wonderful staff who added to our experience. \ud83d\ude4f"", ""rating"": 5, ""author"": ""Rachel Fuller"", ""published"": ""a week ago""}]",Local Favorite,"{""standout_dishes"": [""Beef and pork soup dumplings"", ""Khinkali"", ""Gluten-free Georgian bread"", ""Georgian natural wines""], ""vibe_and_service"": [""Friendly, attentive servers who explain dishes and let you sample wines (Gio and Saba get named shoutouts)"", ""Warm, welcoming atmosphere that feels like a break from busy 6th Avenue, and handles big groups and celebrations well"", ""Can get loud for conversation, and prices run high, but it's Manhattan""], ""wait_time_note"": null}"
r_ea4ea4,50.0,0.1731135257295941,0.0,0.94,4.815034748115067,4.869413738803731,0.0543789906886642,4.787845252770735,by Antidote,East Village,Chinese,NYC,ChIJMz8ydABZwokR9hiuX7sZC-I,"30 E 20th St, New York, NY 10003",4.8,284.0,https://komriwzkkknrsirifgqg.supabase.co/storage/v1/object/public/restaurant-photos/r_ea4ea4.jpg,https://www.google.com/maps/search/?api=1&query=by%20Antidote&query_place_id=ChIJMz8ydABZwokR9hiuX7sZC-I,75.0,40.7386914,-73.9888272,2.162,0.8873239436619719,10.0,0.0035211267605633,0.8838028169014085,284.0,389.0,1.0,2.0,10003.0,0.96,0.1666666666666666,0.0208333333333333,0.625,0.0833333333333333,8.0,234.625,0.6423913318050236,(917) 838-0827,https://www.byantidote.com/,"[{""day"": ""Monday"", ""hours"": ""11:30\u202fAM to 9:30\u202fPM""}, {""day"": ""Tuesday"", ""hours"": ""11:30\u202fAM to 9:30\u202fPM""}, {""day"": ""Wednesday"", ""hours"": ""11:30\u202fAM to 9:30\u202fPM""}, {""day"": ""Thursday"", ""hours"": ""11:30\u202fAM to 9:30\u202fPM""}, {""day"": ""Friday"", ""hours"": ""11:30\u202fAM to 10:30\u202fPM""}, {""day"": ""Saturday"", ""hours"": ""11:30\u202fAM to 10:30\u202fPM""}, {""day"": ""Sunday"", ""hours"": ""11:30\u202fAM to 9\u202fPM""}]","[""https://lh3.googleusercontent.com/gps-cs-s/AHVAwerhqVcQBb9-pPNtCqnYHvlzbEd0irxlSN914ZwE3RrxzGe63AaJMaRTLZNR-uOkeL5tB4gO0QsboYkx_ryXRsIpDI0srb1pQFFLZXVbMOCfdhwgK4BRr1TQN3IHSCMD7EeJpdeRhFJ8uatl=w1920-h1080-k-no""]","[{""text"": ""Really tasty food, century egg, pork belly, crab tofu. Very reasonable price. Great decor. Highly recommend"", ""rating"": 5, ""author"": ""Winston Wu"", ""published"": ""46 minutes ago""}, {""text"": ""We came here for a friends celebration. The food was delicious and especially the Peking duck was so authentic"", ""rating"": 5, ""author"": ""Yuhui Ma"", ""published"": ""a week ago""}, {""text"": ""Overall food was good. The burrata appetizer was our favorite. The prawns we had were pretty overcooked and flavorless unfortunately."", ""rating"": 4, ""author"": ""Ido Shoshani"", ""published"": ""2 weeks ago""}]",Hidden Gem,"{""standout_dishes"": [""Century egg with burrata and fried dough"", ""Crab tofu"", ""Pork belly with mustard greens"", ""Glazed eggplant""], ""vibe_and_service"": [""Sleek, classy, vibrant space that works well for a nice dinner out"", ""Attentive, accommodating staff \\u2014 Mike at the bar, Rey and Rex get shout-outs, and the kitchen customized dishes for vegetarians"", ""Reasonable prices for the quality, and lots of interesting dishes to share with a group""], ""wait_time_note"": null}"
r_21b506,50.0,0.2072326967874778,0.02,0.92,4.471462366902902,4.406547521532309,0.0,4.471462366902902,Baci - Staten Island,Mid Island,Italian,NYC,ChIJ44BkkzJPwokRFYD3wJB1y28,"1657 Richmond Rd, Staten Island, NY 10304",4.2,531.0,https://komriwzkkknrsirifgqg.supabase.co/storage/v1/object/public/restaurant-photos/r_21b506.jpg,https://www.google.com/maps/search/?api=1&query=Baci%20-%20Staten%20Island&query_place_id=ChIJ44BkkzJPwokRFYD3wJB1y28,75.0,40.5895993,-74.1014766,21.133,0.7721280602636534,5.833333333333333,0.1129943502824858,0.6591337099811676,531.0,486.0,1.0,1.0,10304.0,0.74,0.2702702702702703,0.0,0.6486486486486487,0.081081081081081,10.0,315.81081081081084,0.641309080672394,(718) 316-9707,https://www.bacinyc.com/,"[{""day"": ""Monday"", ""hours"": ""11:30\u202fAM to 10\u202fPM""}, {""day"": ""Tuesday"", ""hours"": ""11:30\u202fAM to 10\u202fPM""}, {""day"": ""Wednesday"", ""hours"": ""11:30\u202fAM to 10\u202fPM""}, {""day"": ""Thursday"", ""hours"": ""11:30\u202fAM to 10\u202fPM""}, {""day"": ""Friday"", ""hours"": ""11:30\u202fAM to 11\u202fPM""}, {""day"": ""Saturday"", ""hours"": ""11:30\u202fAM to 11\u202fPM""}, {""day"": ""Sunday"", ""hours"": ""11:30\u202fAM to 9\u202fPM""}]","[""https://lh3.googleusercontent.com/gps-cs-s/AHVAwerdyUt25KunhuFC7mSulfYbYb_G5oYFMyPHID_ls9UHJITk_N91Ql4Y5ZthSmANua3aTAG3J2miU5qZeDVV_2-OgOYTfTlkojnRYjQJtbx_bCume5izB6_WgmMHyGABW3UT1gy1=w1920-h1080-k-no""]","[{""text"": ""Great friend\u2019s night out. Great food, service and ambiance."", ""rating"": 5, ""author"": ""Bill M"", ""published"": ""4 months ago""}, {""text"": ""Food and service was very good, our server Hector was outstanding, very helpful"", ""rating"": 5, ""author"": ""Pio Lopez"", ""published"": ""3 months ago""}, {""text"": ""Beautiful resturant. Great atmosphere. Food is amazing. These guys know Italian AA++"", ""rating"": 5, ""author"": ""Victor Impellizzeri Quarto"", ""published"": ""6 months ago""}]",,"{""standout_dishes"": [""Grilled octopus"", ""Calamari"", ""Clams (oregano or linguine)""], ""vibe_and_service"": [""Beautifully decorated, with a lovely back patio and private dining rooms upstairs for events"", ""Warm, attentive service, with a server named Hector singled out as outstanding"", ""Lively evenings with a DJ and small dance area, but easy off-street parking in back""], ""wait_time_note"": null}"
r_0db109,50.0,0.2022709829763442,0.0,0.92,4.56643762729949,4.583438855048622,0.017001227749132,4.557937013424924,Breakfast by Salt's Cure,West Village,Brunch,NYC,ChIJD5S2xrdZwokR-Co72baJxZ4,"27 1/2 Morton St, New York, NY 10014",4.5,720.0,https://komriwzkkknrsirifgqg.supabase.co/storage/v1/object/public/restaurant-photos/r_0db109.jpg,https://www.google.com/maps/search/?api=1&query=Breakfast%20by%20Salt's%20Cure&query_place_id=ChIJD5S2xrdZwokR-Co72baJxZ4,25.0,40.731173,-74.0044704,3.386,0.7541666666666667,10.0,0.0416666666666666,0.7125,720.0,737.0,1.0,2.0,10014.0,0.76,0.131578947368421,0.1052631578947368,0.3684210526315789,0.0526315789473684,1.25,178.23684210526315,0.6391628702332861,,http://breakfastbysaltscure.com/,"[{""day"": ""Monday"", ""hours"": ""Closed""}, {""day"": ""Tuesday"", ""hours"": ""8\u202fAM to 3\u202fPM""}, {""day"": ""Wednesday"", ""hours"": ""8\u202fAM to 3\u202fPM""}, {""day"": ""Thursday"", ""hours"": ""8\u202fAM to 3\u202fPM""}, {""day"": ""Friday"", ""hours"": ""8\u202fAM to 3\u202fPM""}, {""day"": ""Saturday"", ""hours"": ""8\u202fAM to 3\u202fPM""}, {""day"": ""Sunday"", ""hours"": ""8\u202fAM to 3\u202fPM""}]","[""https://lh3.googleusercontent.com/gps-cs-s/AHVAwerPDJnwWlK4kRQYvISBKAF40aDenHnlFyhjffDeAyeue-qGwFOVUdTexPX9U81E6j-78a29JzNEEn20_MP6e4pmkkYmrpxTMfEel4Vm9GGfqg2KC6MVD7R6qtSpPmvekGwDKM-U=w1920-h1080-k-no""]","[{""text"": ""Best pancakes! For sure the banana walnuts"", ""rating"": 5, ""author"": ""Harold Camilo"", ""published"": ""3 days ago""}, {""text"": ""Still the best pancakes in town for me ! It\u2019s a must when ever I visit nyc"", ""rating"": 5, ""author"": ""Alicia Kong"", ""published"": ""a month ago""}, {""text"": ""Amazing service and polite staff. Excellent food and well priced. Everything eaten was superb"", ""rating"": 5, ""author"": ""John Bingham"", ""published"": ""2 months ago""}]",,"{""standout_dishes"": [""Banana walnut griddle cakes"", ""Oatmeal-style pancakes (griddle cakes)"", ""2x2x2 plate with eggs and sausage"", ""Fresh orange juice""], ""vibe_and_service"": [""Cozy, warm, relaxed atmosphere that feels homey"", ""Friendly, attentive staff who make you feel welcome"", ""Good value for NYC, especially the 2x2x2 at $18""], ""wait_time_note"": ""Waits vary a lot: reviewers got in with about 5 to 10 minutes on a weekday or weekend morning around 10, but another waited around 40 minutes at 1pm and one mentioned the line growing quickly after 10:15, so go early.""}"
r_6652be,50.0,0.215721352812071,0.02,0.9,4.198233535035367,4.2769893002039066,0.0787557651685393,4.158855652451098,Lert Ros Thai Food,Bensonhurst,Thai,NYC,ChIJgVsEoXhFwokRz4rMJzq6hOU,"6218 18th Ave, Brooklyn, NY 11204",4.6,342.0,https://komriwzkkknrsirifgqg.supabase.co/storage/v1/object/public/restaurant-photos/r_6652be.jpg,https://www.google.com/maps/search/?api=1&query=Lert%20Ros%20Thai%20Food&query_place_id=ChIJgVsEoXhFwokRz4rMJzq6hOU,25.0,40.6205987,-73.9890113,15.254,0.8625730994152047,10.0,0.0409356725146198,0.8216374269005848,342.0,703.0,1.0,1.0,11204.0,0.78,0.4615384615384615,0.0769230769230769,0.3846153846153846,0.1025641025641025,6.0,256.46153846153845,0.6382819376180628,(718) 824-4242,https://sites.google.com/view/lertrosthaifood/home,"[{""day"": ""Monday"", ""hours"": ""11:30\u202fAM to 3\u202fPM, 4 to 9:30\u202fPM""}, {""day"": ""Tuesday"", ""hours"": ""11:30\u202fAM to 3\u202fPM, 4 to 9:30\u202fPM""}, {""day"": ""Wednesday"", ""hours"": ""11:30\u202fAM to 3\u202fPM, 4 to 9:30\u202fPM""}, {""day"": ""Thursday"", ""hours"": ""11:30\u202fAM to 3\u202fPM, 4 to 9:30\u202fPM""}, {""day"": ""Friday"", ""hours"": ""11:30\u202fAM to 3\u202fPM, 4 to 9:30\u202fPM""}, {""day"": ""Saturday"", ""hours"": ""11:30\u202fAM to 9:30\u202fPM""}, {""day"": ""Sunday"", ""hours"": ""11:30\u202fAM to 9:30\u202fPM""}]","[""https://lh3.googleusercontent.com/gps-cs-s/AHVAweqzRNKPR4tvKv9GrPQ12YfC2uldcnQj__s6hHf8w0maNDHAU6v--RndShTXYka9nJZ_V8_BU7tOahRy-BK9IEsS45cXenOm-fwQ0eJxSl8fKif8CX_7rgr7Vpjle27p7FP6fG0vVw=w1920-h1080-k-no""]","[{""text"": ""Food is good but they rarely have delivery available!"", ""rating"": 2, ""author"": ""Jazmin Trani"", ""published"": ""2 months ago""}, {""text"": ""10/10 the food and the waiters are so friendly, really good option! 100% recommend \ud83e\udef6\ud83c\udffc"", ""rating"": 5, ""author"": ""Jhanderson Hernandez"", ""published"": ""5 months ago""}, {""text"": ""Duck curry was well made and tasty.  Soft shell was OK.  Thai old fashioned was in point."", ""rating"": 5, ""author"": ""Tim Lee"", ""published"": ""2 months ago""}]",,"{""standout_dishes"": [""Drunken noodles"", ""Fried banana cheesecake"", ""Ribeye steak""], ""vibe_and_service"": [""Cozy, relaxed spot with friendly, accommodating servers"", ""Authentic Thai flavors with spice levels people love"", ""Small space that works best for groups of about 4""], ""wait_time_note"": ""The place is small and can get cramped and busy, so reviewers recommend reserving a table, especially for parties larger than 4.""}"
r_47b237,50.0,0.2430397324272998,0.0,0.82,4.762992203347442,4.547667555106526,0.0,4.762992203347442,Nerea,West Village,Italian,NYC,ChIJP6roDYNZwokR4sbv1GVz-OI,"89 Greenwich Ave, New York, NY 10014",4.6,436.0,https://komriwzkkknrsirifgqg.supabase.co/storage/v1/object/public/restaurant-photos/r_47b237.jpg,https://www.google.com/maps/search/?api=1&query=Nerea&query_place_id=ChIJP6roDYNZwokR4sbv1GVz-OI,75.0,40.7373155,-74.0017241,2.678,0.8715596330275229,10.0,0.0458715596330275,0.8256880733944955,436.0,436.0,0.0,2.0,10014.0,0.92,0.217391304347826,0.0652173913043478,0.5434782608695652,0.0434782608695652,3.333333333333333,215.19565217391303,0.6375825580562429,(646) 596-9758,https://www.nereanyc.com/,"[{""day"": ""Monday"", ""hours"": ""3:30 to 10\u202fPM""}, {""day"": ""Tuesday"", ""hours"": ""3:30 to 10\u202fPM""}, {""day"": ""Wednesday"", ""hours"": ""3:30 to 10\u202fPM""}, {""day"": ""Thursday"", ""hours"": ""3:30 to 10\u202fPM""}, {""day"": ""Friday"", ""hours"": ""1:30 to 10:30\u202fPM""}, {""day"": ""Saturday"", ""hours"": ""1:30 to 10:30\u202fPM""}, {""day"": ""Sunday"", ""hours"": ""2 to 9\u202fPM""}]","[""https://lh3.googleusercontent.com/gps-cs-s/AHVAwer1nFYx3dURM1GaN6-JykdSwYpQJdqjqT8ig9H6Ig_wQhYZMZUWPguImHnoFOLR0YB80V_Evc9LzNYLMru5t5AUZBJJ7tdimf0e_a995_E0NKS_FgfkeGw2GGKC2K88yfHlZlw=w1920-h1080-k-no""]","[{""text"": ""Fantastic service and excellent vegan options. Highly recommend. \ud83c\udf1f\ud83c\udf1f\ud83c\udf1f"", ""rating"": 5, ""author"": ""Kristie Blase"", ""published"": ""3 months ago""}, {""text"": ""Delicious food! We had a salad, two pastas and the cheesecake and each was better than the last."", ""rating"": 5, ""author"": ""Nicole Del Negro"", ""published"": ""2 weeks ago""}, {""text"": ""Probably one of, if not the worst dinner experience I have had in NYC. It seemed like the waiter was drunk. I would never go back."", ""rating"": 1, ""author"": ""Tristan Weeks"", ""published"": ""a month ago""}]",Local Favorite,"{""standout_dishes"": [""Parmigiana Dorata"", ""Tagliatelle al Ragu"", ""Lobster linguine special"", ""Espresso martini""], ""vibe_and_service"": [""Cozy, intimate room with warm, indirect lighting that works well for a date"", ""Friendly, attentive staff, with shout-outs to Marco, Lukas, and Julia"", ""Happy hour drinks (espresso martini, Aperol Spritz, Negroni) for $10 each until 6:30pm""], ""wait_time_note"": null}"
r_856050,50.0,0.1979631470755324,0.0,0.92,5.000000000000001,5.0,0.0,5.000000000000001,Mello Bistro,Rosebank,Italian,NYC,ChIJ67TWl1ZPwokRWOVfW21l1o0,"1233 Bay St, Staten Island, NY 10305",5.0,197.0,https://komriwzkkknrsirifgqg.supabase.co/storage/v1/object/public/restaurant-photos/r_856050.jpg,https://www.google.com/maps/search/?api=1&query=Mello%20Bistro&query_place_id=ChIJ67TWl1ZPwokRWOVfW21l1o0,45.0,40.6132965,-74.0653653,17.438,0.9898477157360406,10.0,0.0,0.9898477157360406,197.0,269.0,0.0,3.0,10305.0,0.92,0.4565217391304347,0.0434782608695652,0.9130434782608696,0.108695652173913,10.5,275.7391304347826,0.636855333538137,(718) 285-4574,https://mellobistro.com/,"[{""day"": ""Monday"", ""hours"": ""Closed""}, {""day"": ""Tuesday"", ""hours"": ""5 to 10\u202fPM""}, {""day"": ""Wednesday"", ""hours"": ""5 to 10\u202fPM""}, {""day"": ""Thursday"", ""hours"": ""5 to 10\u202fPM""}, {""day"": ""Friday"", ""hours"": ""5 to 11\u202fPM""}, {""day"": ""Saturday"", ""hours"": ""3 to 11\u202fPM""}, {""day"": ""Sunday"", ""hours"": ""2 to 8:30\u202fPM""}]","[""https://lh3.googleusercontent.com/gps-cs-s/AHVAweo-67gPKGkRXQca1NvoECTQHl1WlHcO1QBKJmpFWfLQghIugpnyLKvsJnlKiNGJ6c5dNktCz36vAIDXFGtR0mJI2tfTb6mDlNxqbO7h5AIhzjhm3xuN_5B2pv6A4spXHEvhf3oULJrq5DBG=w1920-h1080-k-no""]","[{""text"": ""Great food. Quant atmosphere. Friendly service!"", ""rating"": 5, ""author"": ""J Droid Dennis"", ""published"": ""5 months ago""}, {""text"": ""They\u2019re perfect!\nVery nice people, food and atmosphere!"", ""rating"": 5, ""author"": ""Sergio Freitas"", ""published"": ""8 months ago""}, {""text"": ""Cute. Cozy. Comfortable. Warm. Welcoming. Delicious Italian food with Brazilian connection."", ""rating"": 5, ""author"": ""Tony's Lists"", ""published"": ""4 months ago""}]",Hidden Gem,"{""standout_dishes"": [""Pecan crusted salmon"", ""Fried zucchini (truffle oil fries)""], ""vibe_and_service"": [""Cozy, warm, welcoming atmosphere run by a friendly family-owned team"", ""Great for groups and parties thanks to a back room that fits around 40 people"", ""Attentive, kind service even when the staff is juggling a full room""], ""wait_time_note"": null}"
r_e71a2b,50.0,0.2064731216515849,0.0,0.88,4.734214410295538,4.66589358616873,0.0,4.734214410295538,The Chef's Table at Brooklyn Fare,Midtown,Japanese,NYC,ChIJiVVSAE1awokRzdvqVP_z3aA,"431 W 37th St Suite 3F, New York, NY 10018",4.2,598.0,https://komriwzkkknrsirifgqg.supabase.co/storage/v1/object/public/restaurant-photos/r_e71a2b.jpg,https://www.google.com/maps/search/?api=1&query=The%20Chef's%20Table%20at%20Brooklyn%20Fare&query_place_id=ChIJiVVSAE1awokRzdvqVP_z3aA,100.0,40.7561219,-73.9965257,0.96,0.8210702341137124,5.726027397260274,0.1220735785953177,0.6989966555183946,598.0,2737.0,0.0,4.0,10018.0,0.84,0.238095238095238,0.0476190476190476,0.6190476190476191,0.0476190476190476,5.0,426.1904761904762,0.6362549409981986,(718) 243-0050,https://www.brooklynfare.com/chefs-table,"[{""day"": ""Monday"", ""hours"": ""Closed""}, {""day"": ""Tuesday"", ""hours"": ""5 to 11\u202fPM""}, {""day"": ""Wednesday"", ""hours"": ""5 to 11\u202fPM""}, {""day"": ""Thursday"", ""hours"": ""5 to 11\u202fPM""}, {""day"": ""Friday"", ""hours"": ""5 to 11\u202fPM""}, {""day"": ""Saturday"", ""hours"": ""5 to 11\u202fPM""}, {""day"": ""Sunday"", ""hours"": ""Closed""}]","[""https://lh3.googleusercontent.com/gps-cs-s/AHVAweqJAL0I-dUJUPmUPWnbWdLZEX2DjEiu2q-PD5qKN_K8iZfyRF-f4sAZXF16_CgqT9-r2UgeKj9RGac5cdqX9ozLycn1JcvI4zoWDQYP5KAClIZu5pUggT_e_KZc-_cktTivUGfI=w1920-h1080-k-no""]","[{""text"": ""It's worth it. But it's pricey. Every molecule was tasty"", ""rating"": 5, ""author"": ""Jehangir Madon"", ""published"": ""3 months ago""}, {""text"": ""Great food, exceptional service. Way better than Cesar imho"", ""rating"": 5, ""author"": ""\uac00\uc9c0\ub9c8"", ""published"": ""5 months ago""}, {""text"": ""Exceeded all my expectations. The way the chef\u2019s layer flavors in waves is uncanny and impressive."", ""rating"": 5, ""author"": ""Nick Whitmer"", ""published"": ""2 months ago""}]",Local Favorite,"{""standout_dishes"": [], ""vibe_and_service"": [""Sitting at the open kitchen counter feels like dinner and a show, with a calm, dialed-in team and a warm, fun atmosphere"", ""Attentive service and a knowledgeable, passionate sommelier, plus a creative non-alcoholic pairing option"", ""Walking through the grocery store to reach the dining room makes the night feel special""], ""wait_time_note"": null}"
r_d60683,50.0,0.189066171466342,0.0,0.94,4.397230763439819,4.59794903518155,0.2007182717417306,4.2968716275689545,Tavern On the Green,Upper West Side,American,NYC,ChIJKy5pv_RYwokRBaqWbokKqOc,"Central Park, W 67th St, New York, NY 10023",4.4,7955.0,https://komriwzkkknrsirifgqg.supabase.co/storage/v1/object/public/restaurant-photos/r_d60683.jpg,https://www.google.com/maps/search/?api=1&query=Tavern%20On%20the%20Green&query_place_id=ChIJKy5pv_RYwokRBaqWbokKqOc,,40.7724202,-73.9772631,1.747,0.7231929604022628,10.0,0.0504085480829666,0.6727844123192961,7955.0,10979.0,1.0,2.0,10023.0,0.8,0.125,0.1,0.5,0.125,1.25,477.55,0.6361196683350743,(212) 877-8684,http://tavernonthegreen.com/menu,"[{""day"": ""Monday"", ""hours"": ""11\u202fAM to 9\u202fPM""}, {""day"": ""Tuesday"", ""hours"": ""11\u202fAM to 9\u202fPM""}, {""day"": ""Wednesday"", ""hours"": ""11\u202fAM to 9\u202fPM""}, {""day"": ""Thursday"", ""hours"": ""11\u202fAM to 9\u202fPM""}, {""day"": ""Friday"", ""hours"": ""11\u202fAM to 10\u202fPM""}, {""day"": ""Saturday"", ""hours"": ""9\u202fAM to 10\u202fPM""}, {""day"": ""Sunday"", ""hours"": ""9\u202fAM to 9\u202fPM""}]","[""https://lh3.googleusercontent.com/gps-cs-s/AHVAweoyxP715lbKLRF_ncVQhsQFFe45JmA-McTxgstWaic7BEBAjvzdXpdv9145XxxNcjm0Psncr-B1To6J4yX5Pslh600FmM2FFEKf2r7qUfpB68wIEfyImpUyCy6YfOutaDjrFVyRkw=w1920-h1080-k-no""]","[{""text"": ""Great location \ud83d\ude4f very nice energy and would definitely suggest it"", ""rating"": 5, ""author"": ""Eglent Bici"", ""published"": ""a week ago""}, {""text"": ""Breakfast at lovely Central Park. Service was attentive. The food was delicious."", ""rating"": 5, ""author"": ""Peck Ha"", ""published"": ""a month ago""}, {""text"": ""This is a beautiful venue. The food was just ok for the price. We only had breakfast, would go back for lunch or dinner."", ""rating"": 4, ""author"": ""Corner Deals"", ""published"": ""2 weeks ago""}]",,"{""standout_dishes"": [], ""vibe_and_service"": [""The glass-encased dining room and Central Park setting make it a gorgeous, iconic spot that feels like a special occasion, great for brunch or a pre-show dinner"", ""Service is often warm and attentive without hovering, with one guest calling their waiter a highlight of a bucket-list meal"", ""The open kitchen is fun to watch, and the little shop and coat check add to the nostalgic, classic New York feel""], ""wait_time_note"": null}"
r_d01dba,50.0,0.1918282138380159,0.0,0.94,4.635675446691637,4.59153205131148,0.0,4.635675446691637,Thursday Kitchen,East Village,Korean,NYC,ChIJVyFicJ1ZwokR2oIygOmovWw,"424 E 9th St, New York, NY 10009",4.6,1410.0,https://komriwzkkknrsirifgqg.supabase.co/storage/v1/object/public/restaurant-photos/r_d01dba.jpg,https://www.google.com/maps/search/?api=1&query=Thursday%20Kitchen&query_place_id=ChIJVyFicJ1ZwokR2oIygOmovWw,40.0,40.727566,-73.983805,3.381,0.7617021276595745,10.0,0.026241134751773,0.7354609929078014,1410.0,3304.0,1.0,3.0,10009.0,0.66,0.1515151515151515,0.1212121212121212,0.6060606060606061,0.303030303030303,1.25,290.5151515151515,0.6358953212973619,,http://www.thursdaykitchen.com/,"[{""day"": ""Monday"", ""hours"": ""6 to 10:15\u202fPM""}, {""day"": ""Tuesday"", ""hours"": ""6 to 10:15\u202fPM""}, {""day"": ""Wednesday"", ""hours"": ""6 to 10:15\u202fPM""}, {""day"": ""Thursday"", ""hours"": ""6 to 10:15\u202fPM""}, {""day"": ""Friday"", ""hours"": ""5 to 11:15\u202fPM""}, {""day"": ""Saturday"", ""hours"": ""5 to 11:15\u202fPM""}, {""day"": ""Sunday"", ""hours"": ""5 to 9:15\u202fPM""}]","[""https://lh3.googleusercontent.com/gps-cs-s/AHVAwerI3V3pqp4026i2eEIW9SjjX4Azo9qx3pUcPxw2HOkQ5fr5WVL_M2IkW0Lh3Eoab56aUsWjFlpC1XDZF7ZCnouOClY4uAY4ZpqnmAzhLES7_GDCVtyNG4ZM8t9qedxhV-mp1ZQ=w1920-h1080-k-no""]","[{""text"": ""Food is amazing and worth the wait. Loved it."", ""rating"": 5, ""author"": ""Erik"", ""published"": ""4 months ago""}, {""text"": ""Food comes fast and is good, not too expensive. Nice vibes"", ""rating"": 5, ""author"": ""Harrison Munden"", ""published"": ""2 months ago""}, {""text"": ""Just amazing! Very cozy and great music with very interesting dishes!"", ""rating"": 5, ""author"": ""Vasiliki Karagiorge"", ""published"": ""2 months ago""}]",Local Favorite,"{""standout_dishes"": [""Edamame dumplings with truffle oil"", ""Truffle mac and cheese"", ""Steak"", ""Popcorn chicken""], ""vibe_and_service"": [""Cozy, lively atmosphere that works well for a date or a fun night out"", ""Friendly, considerate staff who do their job well"", ""Small tapas-style plates priced fairly for the neighborhood""], ""wait_time_note"": ""It's walk-in only, and on a Saturday expect roughly 30 minutes to an hour for a table of two; if you want more food later, order early since the kitchen can take about 30 minutes near closing.""}"
r_2a067b,50.0,0.2259343487627487,0.0,0.86,4.791910683331147,4.8023611104440445,0.0104504271128975,4.786685469774698,Seabass Taverna,New Dorp,Mediterranean,NYC,ChIJKapPRABJwokRJ18rAUVeCw4,"365 New Dorp Ln, Staten Island, NY 10306",4.8,325.0,https://komriwzkkknrsirifgqg.supabase.co/storage/v1/object/public/restaurant-photos/r_2a067b.jpg,https://www.google.com/maps/search/?api=1&query=Seabass%20Taverna&query_place_id=ChIJKapPRABJwokRJ18rAUVeCw4,40.0,40.5709801,-74.1103009,23.313,0.9230769230769232,10.0,0.0153846153846153,0.9076923076923076,325.0,732.0,1.0,10.0,10306.0,0.82,0.4390243902439024,0.048780487804878,0.7560975609756098,0.1219512195121951,9.0,295.0243902439024,0.635675482845028,(718) 808-4110,https://www.seabasstaverna.com/,"[{""day"": ""Monday"", ""hours"": ""11:30\u202fAM to 10\u202fPM""}, {""day"": ""Tuesday"", ""hours"": ""11:30\u202fAM to 10\u202fPM""}, {""day"": ""Wednesday"", ""hours"": ""11:30\u202fAM to 10\u202fPM""}, {""day"": ""Thursday"", ""hours"": ""11:30\u202fAM to 10\u202fPM""}, {""day"": ""Friday"", ""hours"": ""11:30\u202fAM to 11\u202fPM""}, {""day"": ""Saturday"", ""hours"": ""11:30\u202fAM to 11\u202fPM""}, {""day"": ""Sunday"", ""hours"": ""11:30\u202fAM to 10\u202fPM""}]","[""https://lh3.googleusercontent.com/gps-cs-s/AHVAweqQ192X2K3aVafQwzxNq2lEmaRfA6rnwFLi9AbJWicb6ZU7mU22StpFQfGfh7OzblAavr2iiwk6udtpi12qXo0h4jQdKKbwmi2pWunDMoT_Tao4KrtXcsTA8pxnIlLWjv-pS5Kd=w1920-h1080-k-no""]","[{""text"": ""Good food and Good service what more can we ask for.  Highly recommended"", ""rating"": 5, ""author"": ""Mel Guti\u0107"", ""published"": ""a month ago""}, {""text"": ""Delicious food. Very pleasant service.\nBest branzino I've ever had. Highly recommended."", ""rating"": 5, ""author"": ""Vasyl Rebega"", ""published"": ""2 months ago""}, {""text"": ""Delicious, fresh seafood. We have brought guests with us twice, and they raved about it too ."", ""rating"": 5, ""author"": ""Charles Stoffers"", ""published"": ""Edited 2 weeks ago""}]",Local Favorite,"{""standout_dishes"": [""Fried whole red snapper"", ""Strawberry cr\u00e8me br\u00fbl\u00e9e"", ""Seafood board for two"", ""Fried calamari""], ""vibe_and_service"": [""Warm, authentic Greek taverna feel that suits relaxed family-style meals"", ""Staff are friendly and attentive without being pushy"", ""Works well for group celebrations and birthdays""], ""wait_time_note"": null}"
r_96a8bc,100.0,0.2292673401015389,0.03,0.92,4.527228790075254,4.634621682878902,0.1073928928036478,4.47353234367343,ACRE,Greenpoint,Japanese,NYC,ChIJi7zDhGVZwokRwoHkVROLwlk,"64 Meserole Ave, Brooklyn, NY 11222",4.7,559.0,https://komriwzkkknrsirifgqg.supabase.co/storage/v1/object/public/restaurant-photos/r_96a8bc.jpg,https://www.google.com/maps/search/?api=1&query=ACRE&query_place_id=ChIJi7zDhGVZwokRwoHkVROLwlk,25.0,40.7262812,-73.9546988,4.388,0.8032200357781754,10.0,0.0125223613595706,0.7906976744186046,559.0,980.0,1.0,1.0,11222.0,0.48,0.4583333333333333,0.0,0.4583333333333333,0.125,11.0,248.125,0.6352682240638132,(718) 954-9074,http://acrenyc.com/,"[{""day"": ""Monday"", ""hours"": ""8\u202fAM to 5\u202fPM""}, {""day"": ""Tuesday"", ""hours"": ""8\u202fAM to 5\u202fPM""}, {""day"": ""Wednesday"", ""hours"": ""8\u202fAM to 5\u202fPM""}, {""day"": ""Thursday"", ""hours"": ""8\u202fAM to 5\u202fPM""}, {""day"": ""Friday"", ""hours"": ""8\u202fAM to 5\u202fPM""}, {""day"": ""Saturday"", ""hours"": ""8\u202fAM to 5\u202fPM""}, {""day"": ""Sunday"", ""hours"": ""8\u202fAM to 5\u202fPM""}]","[""https://lh3.googleusercontent.com/gps-cs-s/AHVAwerKIKrDSHYushf_7zMPdidPeNdPV3Bos2xhtU2TAM4jmWFNeZhD0RMg6fgg-lWpBgTN9xd3ZLULFL_tvoss6bODAdPsEuEbN2JEljuBKYoWPyOuOztHpT7rbeb0bp1Sax22ebVQ=w1920-h1080-k-no""]","[{""text"": ""Very polite, very patient, very attentive + yummy food"", ""rating"": 5, ""author"": ""Kashta Akan"", ""published"": ""5 months ago""}, {""text"": ""Lovely food. Had chicken karaage bento, pork katsu bento, salmon bento and matcha latte - all excellent."", ""rating"": 5, ""author"": ""Monica Ho"", ""published"": ""5 months ago""}, {""text"": ""Pork katsu bento box and the vegan chocolate chip cookies are the stars of the show. Such a cozy vibe. Never a bad time"", ""rating"": 5, ""author"": ""Croy Vanderbeek"", ""published"": ""3 months ago""}]",,"{""standout_dishes"": [""Bento boxes"", ""Salmon bento"", ""Espresso tonic""], ""vibe_and_service"": [""Cozy, calm, casual-chic setting with a little shop up front selling Japanese ceramics, candles, and incense"", ""Friendly, patient, attentive staff"", ""Good for lunch or brunch with friends, though not really a date spot""], ""wait_time_note"": ""Lines can get long and hot food takes a bit since it's made fresh, so go early for easier seating and no wait.""}"
r_a0ebc5,50.0,0.1806391488854705,0.0,0.96,4.423115599264444,4.394903854423328,0.0,4.423115599264444,Fushimi Times Square,Midtown,Japanese,NYC,ChIJ99ryy6tZwokRUawWuQwr04Q,"311 W 43rd St, New York, NY 10036",4.5,688.0,https://komriwzkkknrsirifgqg.supabase.co/storage/v1/object/public/restaurant-photos/r_a0ebc5.jpg,https://www.google.com/maps/search/?api=1&query=Fushimi%20Times%20Square&query_place_id=ChIJ99ryy6tZwokRUawWuQwr04Q,75.0,40.7584564,-73.9900329,0.389,0.815406976744186,10.0,0.0421511627906976,0.7732558139534884,688.0,1976.0,1.0,10.0,10036.0,0.7,0.1428571428571428,0.1142857142857142,0.6571428571428571,0.1142857142857142,1.25,218.25714285714287,0.6346172860558944,(212) 245-8881,https://fushimi.nyc/,"[{""day"": ""Monday"", ""hours"": ""11:30\u202fAM to 10:45\u202fPM""}, {""day"": ""Tuesday"", ""hours"": ""11:30\u202fAM to 10:45\u202fPM""}, {""day"": ""Wednesday"", ""hours"": ""11:30\u202fAM to 10:45\u202fPM""}, {""day"": ""Thursday"", ""hours"": ""11:30\u202fAM to 11:30\u202fPM""}, {""day"": ""Friday"", ""hours"": ""11:30\u202fAM to 11:30\u202fPM""}, {""day"": ""Saturday"", ""hours"": ""11:30\u202fAM to 11:30\u202fPM""}, {""day"": ""Sunday"", ""hours"": ""11:30\u202fAM to 10:45\u202fPM""}]","[""https://lh3.googleusercontent.com/gps-cs-s/AHVAwepyNkgbo6L1rtFedRVLZKIUKel70ZH-yJIgizciNrJF4uOmsvKjpY5ZZuoYQf7Pq2ngbIouAKRQF7z09QnYNkMl3x4vRN3eUMTrWDe0iq0t6khPS23Sih7FRXf_K1AawZNzipwn5Q=w1920-h1080-k-no""]","[{""text"": ""Delicious food, great atmosphere and amazing service! Thank you"", ""rating"": 5, ""author"": ""Chloe T"", ""published"": ""2 months ago""}, {""text"": ""My favorite sushi when I visit New York and am in the area. So phenomenally good"", ""rating"": 5, ""author"": ""Kelley Hilborn"", ""published"": ""2 months ago""}, {""text"": ""I had an amazing time ! Bob was my server and he was very attentive \ud83d\ude0a love Fushimi"", ""rating"": 5, ""author"": ""Tiffany Alcaide"", ""published"": ""6 days ago""}]",,"{""standout_dishes"": [""Pork Gyoza"", ""Rock Shrimp Tempura""], ""vibe_and_service"": [""Cozy, elegant dining room with high ceilings and nice decor"", ""Attentive but not hovering service, with a specific shoutout to waiter Haven"", ""Great for a night out, with good cocktails and a lively feel""], ""wait_time_note"": null}"
r_3457fd,50.0,0.2147299483971122,0.0,0.88,3.8768349036316834,3.957272322885589,0.0804374192539056,3.8366161940047294,Blossom's Soul Food Fusion,Bedford-Stuyvesant,Restaurant,NYC,ChIJ-U67gG1bwokR9DvNuRdQebw,"911 Dekalb Ave, Brooklyn, NY 11221",4.2,388.0,https://komriwzkkknrsirifgqg.supabase.co/storage/v1/object/public/restaurant-photos/r_3457fd.jpg,https://www.google.com/maps/search/?api=1&query=Blossom's%20Soul%20Food%20Fusion&query_place_id=ChIJ-U67gG1bwokR9DvNuRdQebw,25.0,40.692827,-73.9402515,8.193,0.8788659793814433,5.314814814814815,0.1391752577319587,0.7396907216494846,388.0,360.0,1.0,2.0,11221.0,0.92,0.0869565217391304,0.1521739130434782,0.3695652173913043,0.1304347826086956,0.5714285714285714,322.9347826086956,0.6342833212956267,(347) 365-3021,http://www.blossomsrestaurant.com/,"[{""day"": ""Monday"", ""hours"": ""7\u202fAM to 10\u202fPM""}, {""day"": ""Tuesday"", ""hours"": ""7\u202fAM to 10\u202fPM""}, {""day"": ""Wednesday"", ""hours"": ""7\u202fAM to 10\u202fPM""}, {""day"": ""Thursday"", ""hours"": ""7\u202fAM to 10\u202fPM""}, {""day"": ""Friday"", ""hours"": ""7\u202fAM to 12\u202fAM""}, {""day"": ""Saturday"", ""hours"": ""7\u202fAM to 12\u202fAM""}, {""day"": ""Sunday"", ""hours"": ""7\u202fAM to 10\u202fPM""}]","[""https://lh3.googleusercontent.com/gps-cs-s/AHVAweoCIzAXdwOz9WFm2-T5OCy9XiGCIVV2gpLWxN870a4-EfRL9E8K1Xhi_7pwSKN00IEyS5lq8c1vnJw5ksqEP-s2lbswKmw0eTxun8XWQ7hDMq4J5ATsL9zw6e9iUe5_xqaFhm_Q=w1920-h1080-k-no""]","[{""text"": ""A good place to go and have dinner with friends. Service is good too."", ""rating"": 5, ""author"": ""Mavis H."", ""published"": ""3 weeks ago""}, {""text"": ""Shrimp and grits, whitings, wings and drinks were good.  Small space but nice."", ""rating"": 4, ""author"": ""Queen LadyLove"", ""published"": ""a month ago""}, {""text"": ""Great food, great service! The decorations and interior are all super cute, and the environment is warm and inviting! will be back!"", ""rating"": 5, ""author"": ""John M"", ""published"": ""2 months ago""}]",,"{""standout_dishes"": [""Shrimp and grits"", ""Mac and cheese (seafood and jerk chicken versions)"", ""BBQ ribs""], ""vibe_and_service"": [""Cozy, homey atmosphere that feels like grandma's house"", ""Great for a date or dinner with friends, with fun extras like Bingo to music and a DJ"", ""Friendly, accommodating staff who go the extra mile""], ""wait_time_note"": null}"
r_acf00a,50.0,0.2520858560260908,0.0,0.82,2.943142248471857,3.3935385329147585,0.4503962844429012,2.717944106250407,Din Soup Dumplings 鼎泰轩,Brooklyn Heights,Chinese,NYC,ChIJWWAmRa5bwokRrCSDiFtd8-g,"162 Montague St Fl 2, Brooklyn, NY 11201",4.6,1062.0,https://komriwzkkknrsirifgqg.supabase.co/storage/v1/object/public/restaurant-photos/r_acf00a.jpg,https://www.google.com/maps/search/?api=1&query=Din%20Soup%20Dumplings%20%E9%BC%8E%E6%B3%B0%E8%BD%A9&query_place_id=ChIJWWAmRa5bwokRrCSDiFtd8-g,15.0,40.6941973,-73.992897,7.11,0.8870056497175142,10.0,0.0499058380414312,0.8370998116760828,1062.0,1575.0,1.0,3.0,11201.0,0.74,0.3783783783783784,0.2162162162162162,0.4324324324324324,0.1351351351351351,1.75,302.43243243243245,0.633266296036941,(718) 550-3888,http://www.dinbrooklyn.com/,"[{""day"": ""Monday"", ""hours"": ""11\u202fAM to 10\u202fPM""}, {""day"": ""Tuesday"", ""hours"": ""11\u202fAM to 10\u202fPM""}, {""day"": ""Wednesday"", ""hours"": ""11\u202fAM to 10\u202fPM""}, {""day"": ""Thursday"", ""hours"": ""11\u202fAM to 10\u202fPM""}, {""day"": ""Friday"", ""hours"": ""11\u202fAM to 10\u202fPM""}, {""day"": ""Saturday"", ""hours"": ""11\u202fAM to 10\u202fPM""}, {""day"": ""Sunday"", ""hours"": ""11\u202fAM to 10\u202fPM""}]","[""https://lh3.googleusercontent.com/gps-cs-s/AHVAwepLIeR88WH-3gaUmYTLP4Sgo_g70K4Pow6Q4ssbntMyAsP3FtG-uiWVPrw1KiYbwOtMhbqOg8ae2qIaWjR_MnqA5Me0T9h0ZQtZYFcVoeqXYZrrXsXpTlLLQh7Glour_N2HoyH4=w1920-h1080-k-no""]","[{""text"": ""Xiao long baos chefs kiss best in the area"", ""rating"": 5, ""author"": ""Joyce"", ""published"": ""a month ago""}, {""text"": ""Amazing food,  yummy \ud83d\ude0b and outstanding customer service! :0)"", ""rating"": 5, ""author"": ""Lita Goldsboro"", ""published"": ""a month ago""}, {""text"": ""This place has delicious food, stopped by for lunch with coworkers and had a great time."", ""rating"": 5, ""author"": ""Sarah Rose"", ""published"": ""a month ago""}]",,"{""standout_dishes"": [""Soup dumplings"", ""Finger mini buns"", ""Mushroom buns""], ""vibe_and_service"": [""Friendly, hardworking staff, with a waiter named Steven getting a shout-out"", ""Lovely, low-key atmosphere that works for family meals or lunch with friends and coworkers"", ""Decent prices, with an especially affordable lunch menu""], ""wait_time_note"": ""It gets very busy, with takeout orders reportedly taking 30 to 45 minutes at peak times, so book a reservation for dining in and try to go when it's not slammed.""}"
r_7254d5,50.0,0.1911473177546976,0.02,0.94,4.7853345267162615,4.7292865865766345,0.0,4.7853345267162615,HOUSE Brooklyn,Greenpoint,Japanese,NYC,ChIJlWmsggZZwokR2yHyFpFXD1o,"50 Norman Ave, Brooklyn, NY 11222",4.8,105.0,https://komriwzkkknrsirifgqg.supabase.co/storage/v1/object/public/restaurant-photos/r_7254d5.jpg,https://www.google.com/maps/search/?api=1&query=HOUSE%20Brooklyn&query_place_id=ChIJlWmsggZZwokR2yHyFpFXD1o,100.0,40.7246907,-73.9536601,4.582,0.9333333333333332,10.0,0.0380952380952381,0.8952380952380953,105.0,486.0,0.0,1.0,11222.0,0.68,0.2941176470588235,0.0294117647058823,0.6764705882352942,0.0294117647058823,10.0,528.3235294117648,0.6329554209821019,(929) 675-7887,https://house-bk.com/,"[{""day"": ""Monday"", ""hours"": ""Closed""}, {""day"": ""Tuesday"", ""hours"": ""Closed""}, {""day"": ""Wednesday"", ""hours"": ""6 to 11\u202fPM""}, {""day"": ""Thursday"", ""hours"": ""6 to 11\u202fPM""}, {""day"": ""Friday"", ""hours"": ""6 to 11\u202fPM""}, {""day"": ""Saturday"", ""hours"": ""6 to 11\u202fPM""}, {""day"": ""Sunday"", ""hours"": ""Closed""}]","[""https://lh3.googleusercontent.com/gps-cs-s/AHVAweozMJ1675FyUcA4bsdSqRxRIZBEjoFJfsLC1K2z850bSaZMumFHytH4xp8ZYAP3W2osAyvkQTtijBae0mom9fK-AdYpKm6Tln5tDBiD0JUoI5McFQM7X4nblZHzjegBVbPg33RY6A=w1920-h1080-k-no""]","[{""text"": ""The best meal I\u2019ve ever eaten in my life, thank you chef \ud83e\udef0\ud83c\udffc"", ""rating"": 5, ""author"": ""Michael Seward"", ""published"": ""a month ago""}, {""text"": ""Awesome menu - one of my favorite dining experiences in NYC"", ""rating"": 5, ""author"": ""Steve A"", ""published"": ""3 months ago""}, {""text"": ""No respect shown to customers. Extremely disappointing service."", ""rating"": 1, ""author"": ""Explore NYC"", ""published"": ""2 months ago""}]",Local Favorite,"{""standout_dishes"": [""Craft sake pairing"", ""Wagyu beef"", ""Baratta/burrata cheese course""], ""vibe_and_service"": [""Intimate, homey setting where you sit at a counter facing the kitchen and watch the chef cook, like dining at a friend's house"", ""Warm, knowledgeable staff, especially the hostess, who gives great sake and pairing recommendations"", ""Great for celebrations and special occasions, with a seasonal tasting menu blending French technique and Japanese flavors""], ""wait_time_note"": null}"
r_eb8910,50.0,0.1890814384534552,0.0,0.92,4.77736450181444,4.755951128588252,0.0,4.77736450181444,Pomp and Circumstance,Williamsburg,Italian,NYC,ChIJc6zmHK9ZwokRK9thsYDONEg,"577 Lorimer St, Brooklyn, NY 11211",4.8,352.0,https://komriwzkkknrsirifgqg.supabase.co/storage/v1/object/public/restaurant-photos/r_eb8910.jpg,https://www.google.com/maps/search/?api=1&query=Pomp%20and%20Circumstance&query_place_id=ChIJc6zmHK9ZwokRK9thsYDONEg,75.0,40.7142755,-73.9495836,5.734,0.875,10.0,0.0,0.875,352.0,479.0,0.0,4.0,11211.0,0.6,0.2666666666666666,0.1,0.5666666666666667,0.0666666666666666,2.6666666666666665,147.96666666666667,0.6296102740785134,(718) 387-4861,https://www.pandcdining.com/,"[{""day"": ""Monday"", ""hours"": ""4 to 10\u202fPM""}, {""day"": ""Tuesday"", ""hours"": ""4 to 10\u202fPM""}, {""day"": ""Wednesday"", ""hours"": ""4 to 10\u202fPM""}, {""day"": ""Thursday"", ""hours"": ""4 to 10\u202fPM""}, {""day"": ""Friday"", ""hours"": ""4 to 11\u202fPM""}, {""day"": ""Saturday"", ""hours"": ""1 to 11\u202fPM""}, {""day"": ""Sunday"", ""hours"": ""Closed""}]","[""https://lh3.googleusercontent.com/gps-cs-s/AHVAweonaypA9RY57kFoB1kwjc1B9GcFgUi4Jp7-SntPShGIaqj-T0pBx4M81zc2oGQYgZNml_5BPKPvsnDF6jyLQnw8CC9A_FAR5vYSw3g6t7Ro_Pcla75H7nTNipqrfCEbmPnZ2W0L=w1920-h1080-k-no""]","[{""text"": ""Wow. Get the dips, flatbread and snap peas."", ""rating"": 5, ""author"": ""Marianne Nash"", ""published"": ""10 months ago""}, {""text"": ""Get the semolina pita and a dip (get the onion dip)"", ""rating"": 5, ""author"": ""Euro May"", ""published"": ""9 months ago""}, {""text"": ""Amazing pita, dip, chicken thighs and arugula salad!"", ""rating"": 5, ""author"": ""Nicole Kunz"", ""published"": ""4 months ago""}]",Local Favorite,"{""standout_dishes"": [""Fresh-baked pita and dips"", ""Happy hour drink, pita, and dip combo""], ""vibe_and_service"": [""Friendly, accommodating staff"", ""Cozy, quiet spot that's good for a date or conversation"", ""Good value, especially the happy hour and restaurant week menu""], ""wait_time_note"": ""A few reviewers say to book ahead since the space is small, but it reportedly doesn't fill up as fast as similar spots in North Brooklyn, so a reservation should do the trick.""}"
r_d05b01,50.0,0.2511714943388355,0.02,0.84,2.17341492209155,2.2356255318056104,0.0622106097140604,2.1423096172345195,Laoma Malatang,Flushing,Restaurant,NYC,ChIJPwLjwxFgwokRr4yqOX6HS0o,"136-20 Roosevelt Ave, Flushing, NY 11354",2.7,231.0,https://komriwzkkknrsirifgqg.supabase.co/storage/v1/object/public/restaurant-photos/r_d05b01.jpg,https://www.google.com/maps/search/?api=1&query=Laoma%20Malatang&query_place_id=ChIJPwLjwxFgwokRr4yqOX6HS0o,25.0,40.7593211,-73.8290528,13.299,0.7575757575757576,0.5765765765765766,0.4805194805194805,0.277056277056277,231.0,185.0,0.0,1.0,11354.0,0.9,0.0666666666666666,0.0888888888888888,0.1555555555555555,0.1111111111111111,0.75,313.3333333333333,0.6292687030915566,(718) 358-2339,,"[{""day"": ""Monday"", ""hours"": ""10\u202fAM to 9\u202fPM""}, {""day"": ""Tuesday"", ""hours"": ""10\u202fAM to 9\u202fPM""}, {""day"": ""Wednesday"", ""hours"": ""10\u202fAM to 9\u202fPM""}, {""day"": ""Thursday"", ""hours"": ""10\u202fAM to 9\u202fPM""}, {""day"": ""Friday"", ""hours"": ""10\u202fAM to 9\u202fPM""}, {""day"": ""Saturday"", ""hours"": ""10\u202fAM to 9\u202fPM""}, {""day"": ""Sunday"", ""hours"": ""10\u202fAM to 9\u202fPM""}]","[""https://lh3.googleusercontent.com/gps-cs-s/AHVAweouWDHnEqP3592ts1P3QNJwRooWEe8FyledwMhtLFGhzQlfoqfx2zvcsxkNupL0ZKvBIOiRr0wjSPXhjOBZ8Oguaamdlhz4BFDsRaMALDXSsD_pBiZw41jjtagUMZgoM5yI0G5YGjuuquw=w1920-h1080-k-no""]","[{""text"": ""The food.  The taste is just wow ... the place ..its too crowded ..  the food is tasty and affordable.."", ""rating"": 5, ""author"": ""Incredible Me"", ""published"": ""10 months ago""}, {""text"": ""This restaurant is very very dirty! They don\u2019t wash their meat and vegetables! Otherwise they do taste good !"", ""rating"": 1, ""author"": ""Yee H"", ""published"": ""a year ago""}, {""text"": ""My favorite dry hotpot place. So damn good, always hits the spot. They offer non spicy while still keeping it super flavorful."", ""rating"": 5, ""author"": ""Kenneth Lai"", ""published"": ""2 months ago""}]",,"{""standout_dishes"": [""Dry pot with fried fish fillets"", ""Fried-then-sauced chicken wings"", ""Fatty beef dry hotpot""], ""vibe_and_service"": [""Spend over $25 and you get two free portions of rice, which is nice to split and add more variety"", ""You can customize your ingredients and spice level, and you can see the proteins and veggies on offer before choosing""], ""wait_time_note"": null}"
r_a2a987,50.0,0.1966621026363001,0.02,0.92,4.437223771839806,4.590056382579455,0.1528326107396491,4.360807466469981,L’industrie Pizzeria - West Village,West Village,Pizza,NYC,ChIJ92OsaJVZwokRsC54kf-J-3g,"104 Christopher St, New York, NY 10014",4.7,3091.0,https://komriwzkkknrsirifgqg.supabase.co/storage/v1/object/public/restaurant-photos/r_a2a987.jpg,https://www.google.com/maps/search/?api=1&query=L%E2%80%99industrie%20Pizzeria%20-%20West%20Village&query_place_id=ChIJ92OsaJVZwokRsC54kf-J-3g,15.0,40.7332224,-74.0049081,3.207,0.8185053380782918,10.0,0.0152054351342607,0.8032999029440311,3091.0,3987.0,1.0,1.0,10014.0,0.66,0.1212121212121212,0.2424242424242424,0.1515151515151515,0.0303030303030303,0.5,273.2121212121212,0.6276867295472859,(212) 256-0648,https://www.lindustriebk.com/,"[{""day"": ""Monday"", ""hours"": ""12 to 10\u202fPM""}, {""day"": ""Tuesday"", ""hours"": ""12 to 10\u202fPM""}, {""day"": ""Wednesday"", ""hours"": ""12 to 10\u202fPM""}, {""day"": ""Thursday"", ""hours"": ""12 to 10\u202fPM""}, {""day"": ""Friday"", ""hours"": ""12 to 10\u202fPM""}, {""day"": ""Saturday"", ""hours"": ""12 to 10\u202fPM""}, {""day"": ""Sunday"", ""hours"": ""12 to 10\u202fPM""}]","[""https://lh3.googleusercontent.com/gps-cs-s/AHVAwepyjp4JWsAOBaSnnK2wzfGS4t7BOQj3m1Pd-wJuTT0izeHrHE4UXdK6_B4ANWO3mDqUf7Ga-zO5FdwKD-MJzsd5wR6jxVSDmTquN55wQqtt_Dr60qiNmzdlAnTNjZ1GiOJ6sYP3KLRMHOd1=w1920-h1080-k-no""]","[{""text"": ""Really good food and nice people, just a little bit too crowded inside"", ""rating"": 5, ""author"": ""Rachel Facchino Olsen"", ""published"": ""5 days ago""}, {""text"": ""Had to get the whole pie. Enjoyed it over a couple of days. My top 5 pizza in Manhattan."", ""rating"": 5, ""author"": ""Atul Vashistha"", ""published"": ""a week ago""}, {""text"": ""Some of the best pizza around, little expensive but that\u2019s how it is, waited like 15 minutes on a Tuesday at 6"", ""rating"": 5, ""author"": ""Alex Fishler"", ""published"": ""a week ago""}]",,"{""standout_dishes"": [""Fig jam and bacon slice"", ""Burrata slice"", ""Tartufo (mushroom and truffle oil) slice"", ""The L'Industrie slice""], ""vibe_and_service"": [""Friendly, helpful staff and a lively, buzzing vibe"", ""Tiny space with no real seating, so plan on eating standing up, at bar-style tables, or outside""], ""wait_time_note"": ""Expect a long line at peak times (reviewers mention roughly 20 to 40 minutes), though it moves fast once you order and late evening or off-peak visits can mean little to no wait.""}"
r_44ecf4,50.0,0.2169183759745593,0.0,0.86,4.099713965008129,4.125619355160934,0.025905390152805,4.086761269931726,THISBOWL,Chelsea,Restaurant,NYC,ChIJC0Ym8fRZwokRjlV_6n1Q8ps,"230 5th Ave, New York, NY 10001",4.2,80.0,https://komriwzkkknrsirifgqg.supabase.co/storage/v1/object/public/restaurant-photos/r_44ecf4.jpg,https://www.google.com/maps/search/?api=1&query=THISBOWL&query_place_id=ChIJC0Ym8fRZwokRjlV_6n1Q8ps,15.0,40.7439986,-73.9879914,1.569,0.7375,7.428571428571429,0.0875,0.65,80.0,58.0,1.0,1.0,10001.0,0.68,0.3823529411764705,0.0588235294117647,0.3235294117647059,0.1176470588235294,6.5,268.6470588235294,0.6271422588378062,,https://thisbowl.com/,"[{""day"": ""Monday"", ""hours"": ""11\u202fAM to 9\u202fPM""}, {""day"": ""Tuesday"", ""hours"": ""11\u202fAM to 9\u202fPM""}, {""day"": ""Wednesday"", ""hours"": ""11\u202fAM to 9\u202fPM""}, {""day"": ""Thursday"", ""hours"": ""11\u202fAM to 9\u202fPM""}, {""day"": ""Friday"", ""hours"": ""11\u202fAM to 9\u202fPM""}, {""day"": ""Saturday"", ""hours"": ""11\u202fAM to 9\u202fPM""}, {""day"": ""Sunday"", ""hours"": ""11\u202fAM to 9\u202fPM""}]","[""https://lh3.googleusercontent.com/gps-cs-s/AHVAweoNI7qdJzJbjodFr_APdTmnqqJvniYYqYCHtAYOcRfQw-BuIzv1oOBmBDI8HseyxCAXZQYvNeZ1B6S7vVrjYqPdh1kBcjEnWrhIdklQi0nbSBM1BpnVJbfp1u-HLIkPVPOHPRb1ghWK5s9O=w1920-h1080-k-no""]","[{""text"": ""Worth the hype. Healthy fresh and delicious!"", ""rating"": 5, ""author"": ""Andrew Bogart"", ""published"": ""a month ago""}, {""text"": ""Way better than sweet green, healthy and delicious"", ""rating"": 5, ""author"": ""Gianna Lia"", ""published"": ""7 months ago""}, {""text"": ""Delicious bowls, great service, cool interior, groovy music"", ""rating"": 5, ""author"": ""Julian Lipinski"", ""published"": ""3 months ago""}]",,"{""standout_dishes"": [""Salmon bowl (the OG)"", ""Braised beef bowl""], ""vibe_and_service"": [""Bold, distinctive look and more interesting flavor combos than typical lunch-bowl chains"", ""Fresh, healthy food that still tastes exciting"", ""Handy spot near Madison Square Park for taking lunch to go""], ""wait_time_note"": ""Lunchtime can bring a line out the door, but it moves quickly and cools off by around 2:30pm; a couple of reviewers noted the bowls themselves can take a bit to prepare.""}"
r_dd309e,50.0,0.1792895680682218,0.0,0.96,4.706921482872186,4.6984879567430085,0.0,4.706921482872186,Union Bistro Steakhouse and Sushi,Fresh Meadows,Steakhouse,NYC,ChIJVx9SFathwokRRvbjJ_2nOBA,"190-11 Union Tpke, Fresh Meadows, NY 11366",4.8,286.0,https://komriwzkkknrsirifgqg.supabase.co/storage/v1/object/public/restaurant-photos/r_dd309e.jpg,https://www.google.com/maps/search/?api=1&query=Union%20Bistro%20Steakhouse%20and%20Sushi&query_place_id=ChIJVx9SFathwokRRvbjJ_2nOBA,75.0,40.7300803,-73.77898,17.826,0.9405594405594404,10.0,0.0174825174825174,0.9230769230769232,286.0,103.0,1.0,3.0,11366.0,0.68,0.1764705882352941,0.0588235294117647,0.4411764705882353,0.0294117647058823,3.0,203.8235294117647,0.6266850859397878,(718) 464-0005,https://unionbistronyc.com/?utm_source=GMB&utm_medium=Website%20Button&utm_id=unionbistronyc,"[{""day"": ""Monday"", ""hours"": ""1 to 10\u202fPM""}, {""day"": ""Tuesday"", ""hours"": ""1 to 10\u202fPM""}, {""day"": ""Wednesday"", ""hours"": ""1 to 10\u202fPM""}, {""day"": ""Thursday"", ""hours"": ""1 to 10\u202fPM""}, {""day"": ""Friday"", ""hours"": ""Closed""}, {""day"": ""Saturday"", ""hours"": ""Closed""}, {""day"": ""Sunday"", ""hours"": ""1 to 10\u202fPM""}]","[""https://lh3.googleusercontent.com/gps-cs-s/AHVAweqkLgl_KRNQddCL23MFPAiyQrObSiWsSMnE2jhkNDJEqo5JQfusUpCQIz3ufqx-wFU95Z5nhbXD8xBN38fkgtwd0TEPQD-3Zg4VVY4lFIFT6w-PDZcpwXRbh9A27uuwnkU324QWeQ=w1920-h1080-k-no""]","[{""text"": ""Food was really good and service as well."", ""rating"": 5, ""author"": ""Gabriel Fattakhov"", ""published"": ""a year ago""}, {""text"": ""Good food but prices are a little higher than usual"", ""rating"": 5, ""author"": ""WHOLESALE INSURANCE"", ""published"": ""Edited a year ago""}, {""text"": ""Great kosher food and sushi. Would highly recommend."", ""rating"": 5, ""author"": ""Alla Dorfman"", ""published"": ""5 months ago""}]",Local Favorite,"{""standout_dishes"": [], ""vibe_and_service"": [""Attentive, kind staff \ndescribed as caring and patient, with servers Anna and Sergis singled out by name"", ""Welcoming to kids \ta server treated a 5-year-old like a queen and she loved her sushi"", ""Pretty, brightly lit space that reviewers found beautiful""], ""wait_time_note"": null}"
r_9085b5,100.0,0.2452233458386698,0.0,0.82,4.800131402831611,4.680716735810994,0.0,4.800131402831611,Perch,East Harlem,Restaurant,NYC,ChIJac7LXe33wokRMbEC0elomNE,"1693 Lexington Ave, New York, NY 10029",4.7,208.0,https://komriwzkkknrsirifgqg.supabase.co/storage/v1/object/public/restaurant-photos/r_9085b5.jpg,https://www.google.com/maps/search/?api=1&query=Perch&query_place_id=ChIJac7LXe33wokRMbEC0elomNE,40.0,40.7923601,-73.9459245,5.086,0.8413461538461539,10.0,0.0240384615384615,0.8173076923076923,208.0,194.0,1.0,3.0,10029.0,0.66,0.2727272727272727,0.1212121212121212,0.5151515151515151,0.0303030303030303,2.25,289.09090909090907,0.6248722329871323,,http://www.perchbarnyc.com/,"[{""day"": ""Monday"", ""hours"": ""5\u202fPM to 12\u202fAM""}, {""day"": ""Tuesday"", ""hours"": ""5\u202fPM to 12\u202fAM""}, {""day"": ""Wednesday"", ""hours"": ""5\u202fPM to 12\u202fAM""}, {""day"": ""Thursday"", ""hours"": ""4\u202fPM to 12\u202fAM""}, {""day"": ""Friday"", ""hours"": ""4\u202fPM to 1\u202fAM""}, {""day"": ""Saturday"", ""hours"": ""4\u202fPM to 1\u202fAM""}, {""day"": ""Sunday"", ""hours"": ""3\u202fPM to 12\u202fAM""}]","[""https://lh3.googleusercontent.com/gps-cs-s/AHVAweoxrLpttWXfnGABtLweV28enJDQnoW7IsIHTaSYXA3kk4W09OSMZuWtCPyXX6v3XTbZaQrG5mHyQVxt9DVfSVFU0kfz2NbQK6BI97A1tFvET5Fh8XbvPgaPOUBsdrW97HqpvJMO=w1920-h1080-k-no""]","[{""text"": ""Bartender was very rude. Won\u2019t be returning."", ""rating"": 1, ""author"": ""Daniel Mankarious"", ""published"": ""a year ago""}, {""text"": ""Specialty drinks on point \ud83d\udc4c Get the burger \ud83c\udf54 !"", ""rating"": 5, ""author"": ""inPHAMEus"", ""published"": ""Edited a year ago""}, {""text"": ""Super food, super wines, super welcome. Great place."", ""rating"": 5, ""author"": ""prophetHookipa"", ""published"": ""4 months ago""}]",Hidden Gem,"{""standout_dishes"": [""Creative, well-crafted cocktails"", ""Oysters"", ""Longaniza croquettes""], ""vibe_and_service"": [""Small, sleek, dimly lit bar with a romantic, quiet atmosphere where you can actually hold a conversation"", ""Friendly, knowledgeable bartenders who explain their creations"", ""Great for a date, friends, or a late or early drink""], ""wait_time_note"": null}"
r_dd34a7,50.0,0.1860735278344843,0.0,0.92,4.375767184224067,4.577545626617001,0.2017784423929338,4.2748779630276,SESAMO - Italian Restaurant Hell's Kitchen,Midtown,Italian,NYC,ChIJzY70m1BYwokRPl3Q3N_6-Io,"764 10th Ave, New York, NY 10019",4.6,1418.0,https://komriwzkkknrsirifgqg.supabase.co/storage/v1/object/public/restaurant-photos/r_dd34a7.jpg,https://www.google.com/maps/search/?api=1&query=SESAMO%20-%20Italian%20Restaurant%20Hell's%20Kitchen&query_place_id=ChIJzY70m1BYwokRPl3Q3N_6-Io,75.0,40.765758,-73.990798,0.972,0.8356840620592384,10.0,0.0310296191819464,0.8046544428772919,1418.0,961.0,1.0,2.0,10019.0,0.88,0.2045454545454545,0.0909090909090909,0.8409090909090909,0.1818181818181818,2.25,296.15909090909093,0.6247309105737336,(212) 265-2755,https://sesamorestaurant.com/,"[{""day"": ""Monday"", ""hours"": ""4:30 to 9\u202fPM""}, {""day"": ""Tuesday"", ""hours"": ""4:30 to 9\u202fPM""}, {""day"": ""Wednesday"", ""hours"": ""4:30 to 9\u202fPM""}, {""day"": ""Thursday"", ""hours"": ""4:30 to 9\u202fPM""}, {""day"": ""Friday"", ""hours"": ""4:30 to 9:30\u202fPM""}, {""day"": ""Saturday"", ""hours"": ""11:30\u202fAM to 9:30\u202fPM""}, {""day"": ""Sunday"", ""hours"": ""11:30\u202fAM to 9\u202fPM""}]","[""https://lh3.googleusercontent.com/gps-cs-s/AHVAwerhBu5brIe2o2gQAGiAoFONLAhKkhpdvcDszRP_WtoCmvGfOC06FWm_sMR0EdQFTmoM2pFR6yEiPWq9gFco_YRXArgVVxVf2lMNMfZ9-RQFYLTvcAVL12XYV7bLQ8QxDOuFVrWB3q8Vh74p=w1920-h1080-k-no""]","[{""text"": ""Amazing food and service for our whole family."", ""rating"": 5, ""author"": ""Jami Siegfried"", ""published"": ""3 months ago""}, {""text"": ""Absolutely the best Italian restaurant in Midtown!"", ""rating"": 5, ""author"": ""Mark Kurowski"", ""published"": ""4 months ago""}, {""text"": ""Lovely and delicious mid-week date night at Sesamo!"", ""rating"": 5, ""author"": ""Ettore Michelin"", ""published"": ""4 months ago""}]",,"{""standout_dishes"": [""Charred octopus, tender and perfectly cooked"", ""Miso-twist pasta (miso carbonara, uni tagliolini)""], ""vibe_and_service"": [""Feels like a cozy neighborhood spot with attentive, welcoming service and a hands-on owner"", ""Great for date nights, family dinners, or a post-show meal, with creative Italian-Asian dishes and cocktails"", ""Solid Italian wine list and a friendly bar scene""], ""wait_time_note"": null}"
r_9b22be,50.0,0.177195902875717,0.0,0.96,4.5043042408068645,4.523380177895648,0.0190759370887834,4.494766272262472,Pattanian Thai Restaurant,Ridgewood,Thai,NYC,ChIJL5_q5zdfwokRkh5P19y1DPg,"64-02 Fresh Pond Rd, Ridgewood, NY 11385",4.6,292.0,https://komriwzkkknrsirifgqg.supabase.co/storage/v1/object/public/restaurant-photos/r_9b22be.jpg,https://www.google.com/maps/search/?api=1&query=Pattanian%20Thai%20Restaurant&query_place_id=ChIJL5_q5zdfwokRkh5P19y1DPg,25.0,40.710158,-73.899559,9.031,0.8767123287671232,10.0,0.0410958904109589,0.8356164383561644,292.0,486.0,1.0,2.0,11385.0,0.52,0.5384615384615384,0.1538461538461538,0.4615384615384615,0.0384615384615384,3.5,254.5,0.6234935569595978,(929) 387-8065,https://www.pattanianthaiqueens.com/,"[{""day"": ""Monday"", ""hours"": ""11:30\u202fAM to 10\u202fPM""}, {""day"": ""Tuesday"", ""hours"": ""11:30\u202fAM to 10\u202fPM""}, {""day"": ""Wednesday"", ""hours"": ""11:30\u202fAM to 10\u202fPM""}, {""day"": ""Thursday"", ""hours"": ""11:30\u202fAM to 10\u202fPM""}, {""day"": ""Friday"", ""hours"": ""11:30\u202fAM to 10\u202fPM""}, {""day"": ""Saturday"", ""hours"": ""12 to 10\u202fPM""}, {""day"": ""Sunday"", ""hours"": ""12 to 10\u202fPM""}]","[""https://lh3.googleusercontent.com/gps-cs-s/AHVAweqM-CMxBHvSN0mQQZv7wnXDLaerRr6TULOnlm2rowigNaMIksTUM67faEgFqLnkckI7X2b26_6e-2QhYJyjduYJa-pMkmMIro6LyDhKnpxwwdUEsh9Stz2ZRgy1L5CHrUt8dY4O=w1920-h1080-k-no""]","[{""text"": ""Food and service were outstanding. We will be back!!"", ""rating"": 5, ""author"": ""Stefanie P"", ""published"": ""4 months ago""}, {""text"": ""Really great food! The crab Rangoon was amazing and the paid Thai with chicken"", ""rating"": 5, ""author"": ""Alisa Hot"", ""published"": ""3 months ago""}, {""text"": ""Incredibly delicious chicken tom yum fried rice and crab rangoon appetizer. The staff is so sweet and friendly. Found my new go-to!"", ""rating"": 5, ""author"": ""Tiffany Knighten"", ""published"": ""4 months ago""}]",,"{""standout_dishes"": [""Crab Rangoon"", ""Chicken tom yum fried rice"", ""Drunken noodles"", ""Thai fried rice""], ""vibe_and_service"": [""Friendly, family-style staff who make you feel welcome"", ""Halal-friendly authentic Thai food that's good for groups and repeat visits"", ""Casual, no-frills spot where the flavors are the draw""], ""wait_time_note"": null}"
r_3ecf21,50.0,0.2404889235095592,0.02,0.84,4.892840753272333,4.744270499637917,0.0,4.892840753272333,Sapori Ristorante,Arden Heights,Italian,NYC,ChIJYQchsYFLwokRyef6-Xp1JWY,"3800 Richmond Ave, Staten Island, NY 10312",4.9,404.0,https://komriwzkkknrsirifgqg.supabase.co/storage/v1/object/public/restaurant-photos/r_3ecf21.jpg,https://www.google.com/maps/search/?api=1&query=Sapori%20Ristorante&query_place_id=ChIJYQchsYFLwokRyef6-Xp1JWY,35.0,40.5450432,-74.1659477,28.178,0.943069306930693,10.0,0.0123762376237623,0.9306930693069309,404.0,276.0,1.0,1.0,10312.0,0.88,0.3409090909090909,0.0454545454545454,1.0909090909090908,0.0909090909090909,7.5,393.3863636363636,0.6230571925218872,(718) 210-0388,http://saporiristorantesi.com/,"[{""day"": ""Monday"", ""hours"": ""3 to 10\u202fPM""}, {""day"": ""Tuesday"", ""hours"": ""3 to 10\u202fPM""}, {""day"": ""Wednesday"", ""hours"": ""3 to 10\u202fPM""}, {""day"": ""Thursday"", ""hours"": ""3 to 10\u202fPM""}, {""day"": ""Friday"", ""hours"": ""3 to 11\u202fPM""}, {""day"": ""Saturday"", ""hours"": ""1 to 11\u202fPM""}, {""day"": ""Sunday"", ""hours"": ""1 to 9\u202fPM""}]","[""https://lh3.googleusercontent.com/gps-cs-s/AHVAweo8L0BKFLAncOYdRlEDQwvnkgBcFXNZ92DtelZreb_72mCs2lp3PnbAEiL-KQ9yNf5N0J6yyTxKGUvJ1wsXcbHG-gpY0-USgUtWjOJjw9325IiSKxkhXGiCYdQ-vuTVz84xdsJPCllSkvAI=w1920-h1080-k-no""]","[{""text"": ""Took my wife here on new years. Good food. Good service. Lobster ravioli is so good"", ""rating"": 5, ""author"": ""mohamed hamed"", ""published"": ""2 months ago""}, {""text"": ""Absolutely delicious food. I love the kind service.  Give this place a shot it\u2019s a hidden gem."", ""rating"": 5, ""author"": ""Luan Draga"", ""published"": ""2 months ago""}, {""text"": ""Top  italian restaurants in Staten Island. Delicious food, and quality service in a refined atmosphere."", ""rating"": 5, ""author"": ""Vincent Alaimo"", ""published"": ""4 months ago""}]",Local Favorite,"{""standout_dishes"": [""Sweet and sour calamari"", ""Chilean sea bass"", ""Octopus"", ""Lobster ravioli""], ""vibe_and_service"": [""Cozy, romantic atmosphere that works well for date nights and anniversaries"", ""Friendly, attentive staff and owners who go above and beyond"", ""Great for big groups and private events, with a nicely decorated private party room""], ""wait_time_note"": null}"
r_e60649,50.0,0.2111834241169538,0.0,0.9,3.879719896370147,3.956138300182683,0.0764184038125357,3.8415106944638793,JOJI BOX,Murray Hill,Japanese,NYC,ChIJoQlKzdVZwokRchZSA2Z7Jf8,"1 Vanderbilt Ave, New York, NY 10017",4.0,64.0,https://komriwzkkknrsirifgqg.supabase.co/storage/v1/object/public/restaurant-photos/r_e60649.jpg,https://www.google.com/maps/search/?api=1&query=JOJI%20BOX&query_place_id=ChIJoQlKzdVZwokRchZSA2Z7Jf8,75.0,40.7530356,-73.9785114,0.81,0.734375,4.875,0.125,0.609375,64.0,139.0,0.0,7.0,10017.0,0.76,0.4210526315789473,0.131578947368421,0.2368421052631578,0.0263157894736842,3.2,285.63157894736844,0.6209403282781114,(917) 993-5056,https://www.jojiboxnyc.com/,"[{""day"": ""Monday"", ""hours"": ""11\u202fAM to 8\u202fPM""}, {""day"": ""Tuesday"", ""hours"": ""11\u202fAM to 8\u202fPM""}, {""day"": ""Wednesday"", ""hours"": ""11\u202fAM to 8\u202fPM""}, {""day"": ""Thursday"", ""hours"": ""11\u202fAM to 8\u202fPM""}, {""day"": ""Friday"", ""hours"": ""11\u202fAM to 8\u202fPM""}, {""day"": ""Saturday"", ""hours"": ""Closed""}, {""day"": ""Sunday"", ""hours"": ""Closed""}]","[""https://lh3.googleusercontent.com/gps-cs-s/AHVAwepmFYNCTBUNM3NluiQoxk3K0cRDtXGwUKbswv2ceVqPfBNBH7gtlsVep6qZrZ0Asdk-oOKBjWOTlgOyELL1FxnaPcGNCk_lF7TCQvkemDmMSCjBvbrMq6eAcTCBiO_3inBLufalqg=w1920-h1080-k-no""]","[{""text"": ""Got the Joji Box 1, very fresh and tasty!"", ""rating"": 5, ""author"": ""Sana Ajani"", ""published"": ""a year ago""}, {""text"": ""High quality fish. The snow crab roll was my favorite."", ""rating"": 5, ""author"": ""Grace Zelden"", ""published"": ""8 months ago""}, {""text"": ""Fresh tuna and salmon. Good price. Great fast service."", ""rating"": 4, ""author"": ""Beatriz Cadena Illescas"", ""published"": ""8 months ago""}]",,"{""standout_dishes"": [""Maki flight"", ""Chirashi bowl"", ""Salmon flight""], ""vibe_and_service"": [""Beautiful, minimalist packaging that makes takeout feel special"", ""Good value for the quality of fish, with portions that match the price"", ""Handy for grab-and-go near Grand Central and Bryant Park""], ""wait_time_note"": ""Pre-made boxes are grab-and-go, but orders made fresh can take around 30 minutes, so order ahead and expect to wait a bit at pickup.""}"
r_a5522b,50.0,0.2387403866445354,0.0,0.82,4.795649111006107,4.696275507469382,0.0,4.795649111006107,Ariellas Restaurant,New Dorp Beach,Restaurant,NYC,ChIJ0b4ayA5JwokRbZmLk07vS9s,"710 New Dorp Ln, Staten Island, NY 10306",4.8,190.0,https://komriwzkkknrsirifgqg.supabase.co/storage/v1/object/public/restaurant-photos/r_a5522b.jpg,https://www.google.com/maps/search/?api=1&query=Ariellas%20Restaurant&query_place_id=ChIJ0b4ayA5JwokRbZmLk07vS9s,25.0,40.5655684,-74.100332,23.484,0.9157894736842104,10.0,0.0210526315789473,0.8947368421052632,190.0,257.0,1.0,1.0,10306.0,0.88,0.2272727272727272,0.1363636363636363,0.6363636363636364,0.0909090909090909,1.6666666666666667,253.1136363636364,0.6208061667801917,(917) 830-0230,http://ariellasrestaurant.com/,"[{""day"": ""Monday"", ""hours"": ""Closed""}, {""day"": ""Tuesday"", ""hours"": ""12 to 10\u202fPM""}, {""day"": ""Wednesday"", ""hours"": ""12 to 10\u202fPM""}, {""day"": ""Thursday"", ""hours"": ""12 to 10\u202fPM""}, {""day"": ""Friday"", ""hours"": ""12 to 11\u202fPM""}, {""day"": ""Saturday"", ""hours"": ""11\u202fAM to 11\u202fPM""}, {""day"": ""Sunday"", ""hours"": ""11\u202fAM to 9\u202fPM""}]","[""https://lh3.googleusercontent.com/gps-cs-s/AHVAweq8hBuAasiA3szmz5PUasZrSjNo66B_AzZqtByfdY_-_I6ZhdNSAxetL3I4Hs9EzIEt4DaNoveZXockPU4rPAhjverB10EWLWQZ9OF4Q0H-UYztizoF--mIIcKGAxYBxBJX-z9-KN9s2QsG=w1920-h1080-k-no""]","[{""text"": ""Great atmosphere and food.   Awesome service."", ""rating"": 5, ""author"": ""Jamonte White"", ""published"": ""a week ago""}, {""text"": ""This hidden gem on staten island is worth a visit for lunch or dinner."", ""rating"": 5, ""author"": ""Vincent Alaimo"", ""published"": ""a month ago""}, {""text"": ""We went for the dessert but the food is amazing as well.  Definitely a must try."", ""rating"": 5, ""author"": ""chris aimetti"", ""published"": ""a month ago""}]",Hidden Gem,"{""standout_dishes"": [""Egg rolls (jerk egg rolls mentioned)"", ""Steak, cooked perfectly"", ""Zucchini sticks""], ""vibe_and_service"": [""Cozy, intimate atmosphere that works for date nights, birthdays, and group parties"", ""Attentive, friendly service with specific staff praised like Richie and Billy"", ""Reasonable prices, especially during happy hour""], ""wait_time_note"": null}"
r_bcd174,50.0,0.1985737903896266,0.0,0.88,4.444208480821766,4.438957241504534,0.0,4.444208480821766,Fava Restaurant,Mid Island,Restaurant,NYC,ChIJp9yf4axNwokR_0SJ-6bqN7A,"2009 Victory Blvd, Staten Island, NY 10314",4.6,110.0,https://komriwzkkknrsirifgqg.supabase.co/storage/v1/object/public/restaurant-photos/r_bcd174.jpg,https://www.google.com/maps/search/?api=1&query=Fava%20Restaurant&query_place_id=ChIJp9yf4axNwokR_0SJ-6bqN7A,40.0,40.6127488,-74.1305904,20.299,0.8727272727272727,10.0,0.0454545454545454,0.8272727272727273,110.0,109.0,1.0,1.0,10314.0,0.76,0.3684210526315789,0.1052631578947368,0.8421052631578947,0.2105263157894736,3.5,393.5263157894737,0.6202410590098767,(718) 489-9039,http://favarestaurant.com/,"[{""day"": ""Monday"", ""hours"": ""4 to 10\u202fPM""}, {""day"": ""Tuesday"", ""hours"": ""11\u202fAM to 10\u202fPM""}, {""day"": ""Wednesday"", ""hours"": ""11\u202fAM to 10\u202fPM""}, {""day"": ""Thursday"", ""hours"": ""11\u202fAM to 10:30\u202fPM""}, {""day"": ""Friday"", ""hours"": ""11\u202fAM to 11\u202fPM""}, {""day"": ""Saturday"", ""hours"": ""11\u202fAM to 11\u202fPM""}, {""day"": ""Sunday"", ""hours"": ""11\u202fAM to 10\u202fPM""}]","[""https://lh3.googleusercontent.com/gps-cs-s/AHVAweriq614m_yWftJ0NMfOQiLh9mMHGWT-9H1yh3a-eSTFFV5dnFkRkBFC3Btw_CUQFGnbCEvovGehP58xIhx_eQFxI5vI0NN2s-1lNCQcX7-1p_ufdVqr5cPrMqbu3PvLg5iA4qDs=w1920-h1080-k-no""]","[{""text"": ""Food was delicious and the service was great."", ""rating"": 5, ""author"": ""Rob Rob"", ""published"": ""3 months ago""}, {""text"": ""Delicious. Thanks for making the steak the way I wanted it \ud83e\udd29"", ""rating"": 5, ""author"": ""Nikki Dos Santos"", ""published"": ""a year ago""}, {""text"": ""A great meal, super nice staff and they really took care of us. Good value as well. We will come back again."", ""rating"": 5, ""author"": ""Christopher Caso"", ""published"": ""9 months ago""}]",,"{""standout_dishes"": [""Pistachio crusted lamb chops"", ""Zucchini chips with tzatziki"", ""Chimichurri steak""], ""vibe_and_service"": [""Friendly, attentive staff who really take care of you, with servers like Nick called out by name more than once"", ""Modern, cozy Mediterranean feel that's relaxed rather than fancy"", ""Accommodating for special occasions like birthday parties""], ""wait_time_note"": null}"
r_3b583b,100.0,0.2678794103826034,0.02,0.78,4.277433821766516,4.540459040513769,0.2630252187472521,4.14592121239289,LAO YU YUAN DUMPLING HOUSE,Flushing,Chinese,NYC,ChIJqyDf1WVhwokR1QIaMopcBag,"42-35 Main St STE 1M, Flushing, NY 11355",4.3,154.0,https://komriwzkkknrsirifgqg.supabase.co/storage/v1/object/public/restaurant-photos/r_3b583b.jpg,https://www.google.com/maps/search/?api=1&query=LAO%20YU%20YUAN%20DUMPLING%20HOUSE&query_place_id=ChIJqyDf1WVhwokR1QIaMopcBag,25.0,40.7546496,-73.8276652,13.421,0.7272727272727273,8.333333333333334,0.0779220779220779,0.6493506493506493,154.0,828.0,1.0,4.0,11355.0,0.82,0.1707317073170731,0.0975609756097561,0.4146341463414634,0.1707317073170731,1.75,283.0487804878049,0.6198462911256718,(718) 762-2222,,"[{""day"": ""Monday"", ""hours"": ""10\u202fAM to 10\u202fPM""}, {""day"": ""Tuesday"", ""hours"": ""10\u202fAM to 10\u202fPM""}, {""day"": ""Wednesday"", ""hours"": ""10\u202fAM to 10\u202fPM""}, {""day"": ""Thursday"", ""hours"": ""10\u202fAM to 10\u202fPM""}, {""day"": ""Friday"", ""hours"": ""10\u202fAM to 10\u202fPM""}, {""day"": ""Saturday"", ""hours"": ""10\u202fAM to 10\u202fPM""}, {""day"": ""Sunday"", ""hours"": ""10\u202fAM to 10\u202fPM""}]","[""https://lh3.googleusercontent.com/gps-cs-s/AHVAwepKxfBTvTRqWDdMdKQLQOR_qHYwt_3a7EKpGVLGJUiEm2ea1485a0_hXxaXgUNWKp7Vrm8aSh_aBGZV5BBsxJ0IJb04BpICjCkrY2VlGC1Wq-maTJGmQsKNfsRPLX6CppV3GCa0OuHREn47=w1920-h1080-k-no""]","[{""text"": ""Good quality of food and service. Reasonable prices."", ""rating"": 5, ""author"": ""Edward Wenglin"", ""published"": ""a year ago""}, {""text"": ""The Soup Dumplings here are so good along with their crab meat noodle."", ""rating"": 5, ""author"": ""Raymond Lui"", ""published"": ""2 months ago""}, {""text"": ""Loved the food here! The service was friendly and I will definitely be back \ud83d\ude0b"", ""rating"": 5, ""author"": ""Deanna"", ""published"": ""11 months ago""}]",,"{""standout_dishes"": [""Soup dumplings (xiao long bao)"", ""Beef scallion pancake"", ""Chilli oil wontons"", ""Beef noodle soup""], ""vibe_and_service"": [""Staff is friendly, attentive, and efficient"", ""Reasonable prices with big portions, plus free soup dumplings with a minimum order"", ""Clean, bright, comfortable dining room with a menu that has English and pictures""], ""wait_time_note"": ""Reviewers say it's usually not busy and one never waited even at weekend lunch, though it's tucked in the back of Arcadia Mall and parking can be tricky.""}"
r_768875,50.0,0.208606614907069,0.0,0.9,3.89950127006561,4.178122160873912,0.2786208908083014,3.76019082466146,Blue Ribbon Sushi Bar & Grill - Financial District,Financial District,Japanese,NYC,ChIJQ0zcVetbwokRV31aWICOGKk,"84 William St, New York, NY 10038",4.5,609.0,https://komriwzkkknrsirifgqg.supabase.co/storage/v1/object/public/restaurant-photos/r_768875.jpg,https://www.google.com/maps/search/?api=1&query=Blue%20Ribbon%20Sushi%20Bar%20%26%20Grill%20-%20Financial%20District&query_place_id=ChIJQ0zcVetbwokRV31aWICOGKk,75.0,40.7080047,-74.0077256,5.862,0.6978653530377669,10.0,0.0229885057471264,0.6748768472906403,609.0,729.0,1.0,1.0,10038.0,0.78,0.3846153846153846,0.1538461538461538,0.4102564102564102,0.0769230769230769,2.5,198.02564102564105,0.6197299920035982,(212) 315-4900,https://www.blueribbonsushibarandgrilldowntown.com/,"[{""day"": ""Monday"", ""hours"": ""11:30\u202fAM to 10\u202fPM""}, {""day"": ""Tuesday"", ""hours"": ""11:30\u202fAM to 10\u202fPM""}, {""day"": ""Wednesday"", ""hours"": ""11:30\u202fAM to 10\u202fPM""}, {""day"": ""Thursday"", ""hours"": ""11:30\u202fAM to 10\u202fPM""}, {""day"": ""Friday"", ""hours"": ""11:30\u202fAM to 10\u202fPM""}, {""day"": ""Saturday"", ""hours"": ""4 to 10\u202fPM""}, {""day"": ""Sunday"", ""hours"": ""4 to 10\u202fPM""}]","[""https://lh3.googleusercontent.com/gps-cs-s/AHVAwepwUfnEJpe-i4_zmy4HLqB85DE4PomNrKWUdcw5amcKkXH0QFhHMnctf-E7PEddIjuS1YKrVrXBVLLUtAUnk08BsKSxTVB4UALvwd98tWRiE5tTAs7KXwiMubzEsKSCm-kMSjlRxwUeyKA9=w1920-h1080-k-no""]","[{""text"": ""Good food, nice low-key spot for a dinner date"", ""rating"": 5, ""author"": ""Royya Osouli"", ""published"": ""5 months ago""}, {""text"": ""It was just phenomenal. We enjoyed this place a lot."", ""rating"": 5, ""author"": ""Nataliia Olesiv"", ""published"": ""7 months ago""}, {""text"": ""the lychee martini pairs so well with the fresh sushi! \ud83c\udf78\ud83c\udf63"", ""rating"": 5, ""author"": ""Abigail Emmons"", ""published"": ""4 months ago""}]",,"{""standout_dishes"": [], ""vibe_and_service"": [""Warm, genuinely friendly staff who give great recommendations and fix mistakes fast (one reviewer's gluten allergy order was remade right away)"", ""Beautiful presentation and a nice, polished atmosphere, with window seating in the heart of the Financial District"", ""Fresh, high-quality fish that reviewers say holds up even when ordering takeout""], ""wait_time_note"": null}"
r_00480a,50.0,0.2040793514714085,0.0,0.88,4.779101547664446,4.528949038073795,0.0,4.779101547664446,Nana's House Kitchen & Bar,Bushwick,Restaurant,NYC,ChIJVcmhnstdwokRBw9LuIXIrrY,"24 Irving Ave, Brooklyn, NY 11237",4.7,65.0,https://komriwzkkknrsirifgqg.supabase.co/storage/v1/object/public/restaurant-photos/r_00480a.jpg,https://www.google.com/maps/search/?api=1&query=Nana's%20House%20Kitchen%20%26%20Bar&query_place_id=ChIJVcmhnstdwokRBw9LuIXIrrY,15.0,40.7050733,-73.9253159,7.79,0.953846153846154,10.0,0.0615384615384615,0.8923076923076924,65.0,51.0,1.0,1.0,11237.0,0.78,0.4102564102564102,0.0769230769230769,0.4871794871794871,0.1025641025641025,5.333333333333333,250.4102564102564,0.6196948576318262,(718) 708-4565,https://nanashouse.online/,"[{""day"": ""Monday"", ""hours"": ""9\u202fAM to 6\u202fPM""}, {""day"": ""Tuesday"", ""hours"": ""9\u202fAM to 6\u202fPM""}, {""day"": ""Wednesday"", ""hours"": ""9\u202fAM to 6\u202fPM""}, {""day"": ""Thursday"", ""hours"": ""9\u202fAM to 6\u202fPM""}, {""day"": ""Friday"", ""hours"": ""9\u202fAM to 8\u202fPM""}, {""day"": ""Saturday"", ""hours"": ""9\u202fAM to 8\u202fPM""}, {""day"": ""Sunday"", ""hours"": ""9\u202fAM to 6\u202fPM""}]","[""https://lh3.googleusercontent.com/gps-cs-s/AHVAwepTDFnaZBFce19hhyIwPp9ysKAylCNUuqDJeeXo77AejbR8p4zHwkVHM4YWsnO5_7HrKFNBGmRGtfNov5QVWjYPjphNBNO-q5-M7OEpKV1z2SF4WwPKiCb5CfCOJTLKfO9wQPcsNzX3bKP3=w1920-h1080-k-no""]","[{""text"": ""Excellent value for the price. Staff was super nice."", ""rating"": 5, ""author"": ""Max Henry"", ""published"": ""8 months ago""}, {""text"": ""Delicious food and drinks, features local art, super cute location"", ""rating"": 5, ""author"": ""Jo B"", ""published"": ""8 months ago""}, {""text"": ""Mega tasty & actually affordable, great spot to come grub with friends and family"", ""rating"": 5, ""author"": ""Charles Levy"", ""published"": ""5 months ago""}]",Local Favorite,"{""standout_dishes"": [""Chicken and waffles"", ""Breakfast sandwich (bacon, egg & cheese)""], ""vibe_and_service"": [""Friendly, welcoming staff and owners (Hilary and her mother Daisy)"", ""Cozy, cute spot with local art and good music that's great for a relaxed brunch"", ""Generous portions at affordable prices""], ""wait_time_note"": ""The place is small and can get busy quickly, so expect a bit of a wait at times.""}"
r_ef3f12,50.0,0.2113321460776411,0.0,0.88,4.702884815370724,4.648508546378093,0.0,4.702884815370724,Cavatappi NYC,Dyker Heights,Italian,NYC,ChIJV5TfyihFwokRcDihkO3VeWo,"8024 13th Ave, Brooklyn, NY 11228",4.7,309.0,https://komriwzkkknrsirifgqg.supabase.co/storage/v1/object/public/restaurant-photos/r_ef3f12.jpg,https://www.google.com/maps/search/?api=1&query=Cavatappi%20NYC&query_place_id=ChIJV5TfyihFwokRcDihkO3VeWo,45.0,40.617137,-74.011122,15.787,0.8446601941747572,10.0,0.0161812297734627,0.8284789644012945,309.0,379.0,1.0,1.0,11228.0,0.7,0.5714285714285714,0.0285714285714285,0.4571428571428571,0.2285714285714285,20.0,250.37142857142857,0.618487445899014,(347) 497-5212,http://www.cavatappiny.com/,"[{""day"": ""Monday"", ""hours"": ""12 to 10\u202fPM""}, {""day"": ""Tuesday"", ""hours"": ""12 to 10\u202fPM""}, {""day"": ""Wednesday"", ""hours"": ""12 to 10\u202fPM""}, {""day"": ""Thursday"", ""hours"": ""12 to 10\u202fPM""}, {""day"": ""Friday"", ""hours"": ""12 to 11\u202fPM""}, {""day"": ""Saturday"", ""hours"": ""12 to 11\u202fPM""}, {""day"": ""Sunday"", ""hours"": ""12 to 9\u202fPM""}]","[""https://lh3.googleusercontent.com/gps-cs-s/AHVAweq_E9KRYOaz2Of5vq4D_IbMGWrOt1DmT12-IwTaRdfeTo3V4pJLH8Is0Nscj14lenfBsqelloap1_Ru9GKbMK9BFpd40fzBbCs0RbmB7E0t4e-aJVpmLi3JImAWSviFme5Eeyho=w1920-h1080-k-no""]","[{""text"": ""Everything was satisfactory and service was great \ud83d\udc4d"", ""rating"": 5, ""author"": ""Grkgemini 94"", ""published"": ""6 months ago""}, {""text"": ""Cozy, and probably the BEST Italian cuisine in the area!"", ""rating"": 5, ""author"": ""Mike Spade"", ""published"": ""2 months ago""}, {""text"": ""Very nice food and service  was  good I would  visit  again"", ""rating"": 4, ""author"": ""Dominic Potato"", ""published"": ""a month ago""}]",Local Favorite,"{""standout_dishes"": [""Fried calamari"", ""Stuffed pork chop"", ""Rice balls""], ""vibe_and_service"": [""Cozy, charming neighborhood spot that works well for date nights"", ""Attentive, friendly service that makes you feel welcome without rushing you"", ""Generous portions that are easy to share""], ""wait_time_note"": ""Reservations are a good idea, especially on weekends around the holidays, though a couple of reviewers got a table easily early on a Sunday afternoon.""}"
r_80dd98,50.0,0.1859027018160241,0.0,0.94,4.078357164193219,4.350613117260751,0.2722559530675328,3.942229187659452,Sobre Masa,Bushwick,Mexican,NYC,ChIJmeKSwPFdwokRZ--71Rq0GBY,"52 Harrison Pl, Brooklyn, NY 11237",4.5,458.0,https://komriwzkkknrsirifgqg.supabase.co/storage/v1/object/public/restaurant-photos/r_80dd98.jpg,https://www.google.com/maps/search/?api=1&query=Sobre%20Masa&query_place_id=ChIJmeKSwPFdwokRZ--71Rq0GBY,75.0,40.7062811,-73.9313702,7.357,0.8078602620087336,10.0,0.0349344978165938,0.7729257641921398,458.0,614.0,0.0,3.0,11237.0,0.72,0.2222222222222222,0.0,0.5,0.2777777777777778,8.0,318.72222222222223,0.6182593097126277,(347) 844-2343,https://www.sobremasa.com/,"[{""day"": ""Monday"", ""hours"": ""Closed""}, {""day"": ""Tuesday"", ""hours"": ""6 to 10\u202fPM""}, {""day"": ""Wednesday"", ""hours"": ""6 to 10\u202fPM""}, {""day"": ""Thursday"", ""hours"": ""6 to 10\u202fPM""}, {""day"": ""Friday"", ""hours"": ""6 to 11\u202fPM""}, {""day"": ""Saturday"", ""hours"": ""6 to 11\u202fPM""}, {""day"": ""Sunday"", ""hours"": ""1 to 8\u202fPM""}]","[""https://lh3.googleusercontent.com/gps-cs-s/AHVAwepHo-9RbmfBBDYSCAyFraRYKSKa5ouh2I94BBdCNgTz1Kr3A8afeRRN6bvRSiEHvjHf0KHqNOZijV1MC_am6dH70OO9AMS0yFTLxwk9mUhhq1vfAQhJZP2CHgrbKel_tGW0El0sCAq3VDE3=w1920-h1080-k-no""]","[{""text"": ""Excellent excellent food. We would happily return."", ""rating"": 5, ""author"": ""Amit Kalra"", ""published"": ""6 months ago""}, {""text"": ""Great Mexican spot.\nTry the tuna tostada\nAnd get the salsas."", ""rating"": 5, ""author"": ""J Mc"", ""published"": ""6 months ago""}, {""text"": ""Love it\nFood is amazing\nLamb top notch\nWaiter was excellent\nSana thank you"", ""rating"": 5, ""author"": ""Lorik Pr"", ""published"": ""a week ago""}]",,"{""standout_dishes"": [""Tuna tostada"", ""Salsa selection"", ""Flan"", ""Lamb barbacoa""], ""vibe_and_service"": [""Cozy, nicely decorated dining room with a great ambiance"", ""Staff are attentive, kind, and helpful with menu suggestions"", ""Menu is made for sharing, so you can try more dishes""], ""wait_time_note"": null}"
r_f0cd81,50.0,0.2111733478898602,0.0,0.92,4.80543641258388,4.798544641661413,0.0,4.80543641258388,Dagg Thai Restaurant,Murray Hill,Thai,NYC,ChIJw9nCDVlZwokRYLgi11ZxnTE,"10 E 39th St, New York, NY 10016",4.9,2478.0,https://komriwzkkknrsirifgqg.supabase.co/storage/v1/object/public/restaurant-photos/r_f0cd81.jpg,https://www.google.com/maps/search/?api=1&query=Dagg%20Thai%20Restaurant&query_place_id=ChIJw9nCDVlZwokRYLgi11ZxnTE,40.0,40.751161,-73.981529,0.831,0.943099273607748,10.0,0.006456820016142,0.936642453591606,2478.0,2562.0,1.0,5.0,10016.0,0.66,0.1212121212121212,0.0,0.5454545454545454,0.0303030303030303,4.0,258.4848484848485,0.6181966058253359,(929) 599-2632,https://daggthainyc.com/,"[{""day"": ""Monday"", ""hours"": ""11:30\u202fAM to 3:30\u202fPM, 4:30 to 10:30\u202fPM""}, {""day"": ""Tuesday"", ""hours"": ""11:30\u202fAM to 3:30\u202fPM, 4:30 to 10:30\u202fPM""}, {""day"": ""Wednesday"", ""hours"": ""11:30\u202fAM to 3:30\u202fPM, 4:30 to 10:30\u202fPM""}, {""day"": ""Thursday"", ""hours"": ""11:30\u202fAM to 3:30\u202fPM, 4:30 to 10:30\u202fPM""}, {""day"": ""Friday"", ""hours"": ""11:30\u202fAM to 3:30\u202fPM, 4:30 to 11\u202fPM""}, {""day"": ""Saturday"", ""hours"": ""11:30\u202fAM to 3:30\u202fPM, 4:30 to 11\u202fPM""}, {""day"": ""Sunday"", ""hours"": ""11:30\u202fAM to 3:30\u202fPM, 4:30 to 10:30\u202fPM""}]","[""https://lh3.googleusercontent.com/gps-cs-s/AHVAwertu77fO_iD83PmtS3r_5Q4wezXPv7a6vy7XwaCMPvrPIMx5aE5fGX5-HbOgmJYaUNeX4gdN4frM471JYdcoOwObSQxlcvbIA_NoGMHNsCfvfEWTfwYtyCaDUMBePfZZVYE9bSI0Ms9-JjM=w1920-h1080-k-no""]","[{""text"": ""Delicious, though crowded and a bit loud"", ""rating"": 5, ""author"": ""Chris Piazza"", ""published"": ""4 days ago""}, {""text"": ""Delicious Thai food in Midtown, Manhattan."", ""rating"": 5, ""author"": ""Johnson Ding"", ""published"": ""3 days ago""}, {""text"": ""Amazing service and food and Katie is the best!!"", ""rating"": 5, ""author"": ""namita Sharma"", ""published"": ""2 days ago""}]",Universally Loved,"{""standout_dishes"": [""Nuer Yang (charcoal grilled steak)"", ""Scallop bites"", ""Crab fried rice"", ""Taro puff dessert""], ""vibe_and_service"": [""Servers are friendly and give great recommendations, with Katie mentioned by name in several reviews"", ""Roomy two-floor space that works well for group dinners, with a cozy but elegant feel"", ""Convenient spot near Bryant Park and subway lines, with reasonable prices and a lunch special""], ""wait_time_note"": ""Reservations are a good idea since it gets busy (especially weekend nights), and a couple of reviewers mention a strict 1.5-hour table limit, while weekday lunch walk-ins seem to work fine.""}"
r_6c44f3,50.0,0.1804439798403602,0.0,0.92,4.42544080584618,4.223574427250176,0.0,4.42544080584618,Sal y Lima,Far Rockaway,Mexican,NYC,ChIJj4mNjp1pwokRBeb5n_Bo81U,"88-22 Rockaway Beach Blvd, Far Rockaway, NY 11693",4.4,60.0,https://komriwzkkknrsirifgqg.supabase.co/storage/v1/object/public/restaurant-photos/r_6c44f3.jpg,https://www.google.com/maps/search/?api=1&query=Sal%20y%20Lima&query_place_id=ChIJj4mNjp1pwokRBeb5n_Bo81U,40.0,40.587291,-73.8139,23.912,0.7833333333333333,10.0,0.0666666666666666,0.7166666666666667,60.0,59.0,1.0,1.0,11693.0,0.74,0.2432432432432432,0.1081081081081081,0.4864864864864865,0.3243243243243243,2.25,343.81081081081084,0.6180160872897268,(718) 795-0088,https://salylima.com/,"[{""day"": ""Monday"", ""hours"": ""12 to 9\u202fPM""}, {""day"": ""Tuesday"", ""hours"": ""12 to 9\u202fPM""}, {""day"": ""Wednesday"", ""hours"": ""12 to 8:30\u202fPM""}, {""day"": ""Thursday"", ""hours"": ""12 to 8:30\u202fPM""}, {""day"": ""Friday"", ""hours"": ""12 to 11\u202fPM""}, {""day"": ""Saturday"", ""hours"": ""12 to 11\u202fPM""}, {""day"": ""Sunday"", ""hours"": ""12 to 9\u202fPM""}]","[""https://lh3.googleusercontent.com/gps-cs-s/AHVAweqYJOez6OUO3bXvvkdSTIIn6pOWzbdA9NDXhCXhWcKoPzTWeCD390odEHsw0ZCSWx4A43jY9EzinZaI8Zze1yNBLQclbW_WpIdpgCyVaW4L4k_9i_lm4h8YXqqA52B8QrgYJbirYHvMNgCZ=w1920-h1080-k-no""]","[{""text"": ""Delicious food and cocktails in a beautiful setting."", ""rating"": 5, ""author"": ""Andrey"", ""published"": ""7 months ago""}, {""text"": ""This is definitely the number one taco spot in Rockaway!!!!!"", ""rating"": 5, ""author"": ""Regg Rayner"", ""published"": ""7 months ago""}, {""text"": ""Food was great just a l bit salty.\nThe atmosphere is great.\nService was wonderful too"", ""rating"": 5, ""author"": ""puki glass"", ""published"": ""6 months ago""}]",,"{""standout_dishes"": [""Tacos (bulgogi / Seoul Surfer)"", ""Frozen margaritas and cocktails"", ""Guacamole with chips""], ""vibe_and_service"": [""Beautiful, transportive decor that feels like Mexico with a NYC edge"", ""Warm, welcoming service, with the owner greeting tables personally"", ""Relaxed bar seating that works well for date night or light bites""], ""wait_time_note"": null}"
r_d52584,50.0,0.2285862246090105,0.0,0.86,4.672497148525893,4.734076100042581,0.0615789515166884,4.641707672767549,BOTA Supper Club,Mid Island,American,NYC,ChIJLV-64QpPwokRiLhVCqornHM,"402 St Marks Pl, Staten Island, NY 10301",4.9,750.0,https://komriwzkkknrsirifgqg.supabase.co/storage/v1/object/public/restaurant-photos/r_d52584.jpg,https://www.google.com/maps/search/?api=1&query=BOTA%20Supper%20Club&query_place_id=ChIJLV-64QpPwokRiLhVCqornHM,75.0,40.6399537,-74.0777016,15.268,0.928,10.0,0.004,0.924,750.0,680.0,1.0,4.0,10301.0,0.88,0.0681818181818181,0.0454545454545454,0.5,0.0681818181818181,1.5,221.5909090909091,0.6177439601491757,(347) 466-5585,https://botasupperclub.com/,"[{""day"": ""Monday"", ""hours"": ""12 to 10\u202fPM""}, {""day"": ""Tuesday"", ""hours"": ""12 to 10\u202fPM""}, {""day"": ""Wednesday"", ""hours"": ""12 to 10\u202fPM""}, {""day"": ""Thursday"", ""hours"": ""12 to 10\u202fPM""}, {""day"": ""Friday"", ""hours"": ""12 to 11\u202fPM""}, {""day"": ""Saturday"", ""hours"": ""12 to 11\u202fPM""}, {""day"": ""Sunday"", ""hours"": ""12 to 10\u202fPM""}]","[""https://lh3.googleusercontent.com/gps-cs-s/AHVAwerIC9BHStMZ6MxZ_-8s5FPMYxiI150o6vvhpLOs99gPB28NfEA_ep6zDkzwlsKUm3BS1DVMP-jknArndDnuQtOT4YMQOWtasZVk7Zy5D8gziZRvKfjE3ySVUfrF024Dl6Bbb1Y=w1920-h1080-k-no""]","[{""text"": ""Sergio was the best. Thank you for the best birthday ever."", ""rating"": 5, ""author"": ""Sydney Parsons"", ""published"": ""a month ago""}, {""text"": ""Great music. Good food. Sergio our server was excellent too! We are out of towner but definitely recommend."", ""rating"": 5, ""author"": ""A. Nicole Williams"", ""published"": ""a month ago""}, {""text"": ""The food was amazing . My waiter Fabio was excellent. They make the best sangria. I will definitely make this my new go to place."", ""rating"": 5, ""author"": ""Christina Diaz"", ""published"": ""16 hours ago""}]",Local Favorite,"{""standout_dishes"": [], ""vibe_and_service"": [""Servers get repeated shout-outs, especially Sergio (and Fabio) for being attentive and great with menu recommendations"", ""Beautiful, upscale-but-cozy decor that feels like a hidden gem behind a modest storefront, with great music and a DJ at times"", ""Good for date nights, small parties, or a drink and bites before a show at nearby St George Theatre""], ""wait_time_note"": null}"
r_d41bbc,50.0,0.1600332245368407,0.0,0.96,4.2603040856017245,4.307562995784674,0.0472589101829497,4.236674630510249,MADRE,Greenpoint,Restaurant,NYC,ChIJAVTGb3pZwokRmKrpkrTn1NY,"214 Franklin St, Brooklyn, NY 11222",4.7,545.0,https://komriwzkkknrsirifgqg.supabase.co/storage/v1/object/public/restaurant-photos/r_d41bbc.jpg,https://www.google.com/maps/search/?api=1&query=MADRE&query_place_id=ChIJAVTGb3pZwokRmKrpkrTn1NY,55.0,40.7330098,-73.9578772,3.634,0.8495412844036697,10.0,0.0220183486238532,0.8275229357798165,545.0,1074.0,0.0,1.0,11222.0,0.84,0.2142857142857142,0.1666666666666666,0.5952380952380952,0.4047619047619047,1.2857142857142858,395.9285714285714,0.6171941491799751,(718) 389-8700,http://madrenyc.com/,"[{""day"": ""Monday"", ""hours"": ""Closed""}, {""day"": ""Tuesday"", ""hours"": ""Closed""}, {""day"": ""Wednesday"", ""hours"": ""5:30 to 10\u202fPM""}, {""day"": ""Thursday"", ""hours"": ""5:30 to 10\u202fPM""}, {""day"": ""Friday"", ""hours"": ""5:30 to 11\u202fPM""}, {""day"": ""Saturday"", ""hours"": ""11\u202fAM to 3\u202fPM, 5:30 to 11\u202fPM""}, {""day"": ""Sunday"", ""hours"": ""11\u202fAM to 4\u202fPM""}]","[""https://lh3.googleusercontent.com/gps-cs-s/AHVAweqq-cynMLemfbGTQ3aBtPKq5IirxPsD6D0BwilyTcorapOheGWXTg_ASujR5qWLIDSvInjRpYhtwZgAtRqRRLlVxcwr93RJ1jZtBWxjX1NQT1SaEGwS233TMJ_8Sz2BJthjrEyK_62lAtLs=w1920-h1080-k-no""]","[{""text"": ""If my taste buds could write a thank you letter, it would be addressed to MADRE."", ""rating"": 5, ""author"": ""Youssef Kholeif"", ""published"": ""10 months ago""}, {""text"": ""Brussel cabbage, octopus were my favorites. Spicy Madeleine was also interesting."", ""rating"": 5, ""author"": ""J P"", ""published"": ""11 months ago""}, {""text"": ""I would recommend Madre to everyone. The food is delicious.  I would definitely come back for more."", ""rating"": 4, ""author"": ""ALPER YILMAZ"", ""published"": ""a week ago""}]",,"{""standout_dishes"": [""Brown butter French toast"", ""Gambas al ajillo"", ""Croquetas"", ""Hamachi crudo""], ""vibe_and_service"": [""Warm, rustic-modern space with moody lighting that feels intimate but fun, and brunch there is bright and relaxed"", ""Attentive but unfussy service, including a bartender named Lindsay who made a birthday brunch feel special"", ""Strong, well-made cocktails that pair nicely with a tapas-style meal""], ""wait_time_note"": null}"
r_51ef19,50.0,0.2714449827467652,0.0,0.76,4.951371361273917,4.963214857676719,0.0118434964028013,4.945449613072517,Long Kin Thai Kitchen & Bar,Crown Heights,Thai,NYC,ChIJRVLvDwBbwokRX2RnIGYfy2E,"500 Prospect Pl, Brooklyn, NY 11238",4.9,169.0,https://komriwzkkknrsirifgqg.supabase.co/storage/v1/object/public/restaurant-photos/r_51ef19.jpg,https://www.google.com/maps/search/?api=1&query=Long%20Kin%20Thai%20Kitchen%20%26%20Bar&query_place_id=ChIJRVLvDwBbwokRX2RnIGYfy2E,25.0,40.6756574,-73.9600392,9.393,0.970414201183432,10.0,0.0059171597633136,0.9644970414201184,169.0,188.0,1.0,2.0,11238.0,0.64,0.40625,0.0,0.4375,0.03125,13.0,151.40625,0.6165440528087407,(929) 541-1093,,"[{""day"": ""Monday"", ""hours"": ""12 to 10\u202fPM""}, {""day"": ""Tuesday"", ""hours"": ""12 to 10\u202fPM""}, {""day"": ""Wednesday"", ""hours"": ""12 to 10\u202fPM""}, {""day"": ""Thursday"", ""hours"": ""12 to 10\u202fPM""}, {""day"": ""Friday"", ""hours"": ""12 to 10\u202fPM""}, {""day"": ""Saturday"", ""hours"": ""12 to 10\u202fPM""}, {""day"": ""Sunday"", ""hours"": ""12 to 10\u202fPM""}]","[""https://lh3.googleusercontent.com/gps-cs-s/AHVAweqEAi9BL29txFZHN-Vny3ACN1lnpzJMiQIdgSg7OWfaR08KRH-tVWXCHGrjVebRGzhSwUHqY-hebOxiB0Wj5KCDoCu30I3bzecBHm963SiLEup9YDQecBgEKoSQg8U-341zLgprxme2eyil=w1920-h1080-k-no""]","[{""text"": ""Food is Delicious  \ud83e\udd0c\ud83c\udffb servise is great! We will be back for sure."", ""rating"": 5, ""author"": ""Aya Asan"", ""published"": ""3 weeks ago""}, {""text"": ""Nice decorated restaurant\nDelicious foods\nFriendly and attentive service"", ""rating"": 5, ""author"": ""Patty Murphy"", ""published"": ""3 weeks ago""}, {""text"": ""Fantastic authentic Thai food and super friendly staff - would recommend 100%!"", ""rating"": 5, ""author"": ""Ian Denning"", ""published"": ""a week ago""}]",Hidden Gem,"{""standout_dishes"": [""Crab curry""], ""vibe_and_service"": [""Friendly, attentive staff -- servers like Donut and Benz get shout-outs by name"", ""Cozy, nicely decorated room with a welcoming feel"", ""Quick service and good prices""], ""wait_time_note"": null}"
r_34760b,50.0,0.2885670539231369,0.02,0.72,4.149063744504378,4.248772727461653,0.0997089829572752,4.099209253025741,Adel's Famous Halal Food,Midtown,Halal,NYC,ChIJNRe1Mf9YwokRvxBdos5UEY4,"1221 6th Ave, New York, NY 10020",4.3,5242.0,https://komriwzkkknrsirifgqg.supabase.co/storage/v1/object/public/restaurant-photos/r_34760b.jpg,https://www.google.com/maps/search/?api=1&query=Adel's%20Famous%20Halal%20Food&query_place_id=ChIJNRe1Mf9YwokRvxBdos5UEY4,15.0,40.7591946,-73.9811521,0.393,0.809042350247997,7.550403225806452,0.0946203739030904,0.7144219763449066,5242.0,3647.0,1.0,2.0,10020.0,0.64,0.09375,0.25,0.1875,0.21875,0.375,244.25,0.6160195477822286,(866) 492-3357,http://adelsfamousnyc.com/,"[{""day"": ""Monday"", ""hours"": ""6\u202fPM to 4\u202fAM""}, {""day"": ""Tuesday"", ""hours"": ""6\u202fPM to 4\u202fAM""}, {""day"": ""Wednesday"", ""hours"": ""6\u202fPM to 4\u202fAM""}, {""day"": ""Thursday"", ""hours"": ""6\u202fPM to 4\u202fAM""}, {""day"": ""Friday"", ""hours"": ""6\u202fPM to 5\u202fAM""}, {""day"": ""Saturday"", ""hours"": ""6\u202fPM to 5\u202fAM""}, {""day"": ""Sunday"", ""hours"": ""6\u202fPM to 4\u202fAM""}]","[""https://lh3.googleusercontent.com/gps-cs-s/AHVAweorSLoBnYsz93R1hzLunICHCctaePL6xo9bV0MmcoyYo7R-a-PdHXCFb95thDle-V9fkfKckDz5QtHAD_z-Pp898t4pBBHFiiqGUP__0imggvOA0aDWSO-Fv1raEHA_HUweDmJY_w=w1920-h1080-k-no""]","[{""text"": ""The long line is absolutely worth it. Delicious."", ""rating"": 5, ""author"": ""i am sad"", ""published"": ""a day ago""}, {""text"": ""One of the best chicken rice in New York, ever I had"", ""rating"": 5, ""author"": ""Vaibhav Bagal"", ""published"": ""3 days ago""}, {""text"": ""Worst Gyro I had. Food is so bland. Water has more flavor."", ""rating"": 1, ""author"": ""Mohammed Zayed"", ""published"": ""6 days ago""}]",,"{""standout_dishes"": [""Chicken over rice with white sauce"", ""Lamb platter with yellow rice"", ""Combo platter with lamb and chicken""], ""vibe_and_service"": [""Portions are huge and the price is fair for how much food you get"", ""The crew works hard and has a friendly, relaxed energy"", ""Online orders cost a bit more than ordering in person, so in-person is the cheaper way to go""], ""wait_time_note"": ""Expect a line most times, from about 15 minutes late on a Friday night to 30 minutes or more at peak times, and some people report waiting well over an hour.""}"
r_ed8346,50.0,0.3099175688568554,0.0,0.66,4.941920040008077,4.910155660828382,0.0,4.941920040008077,La Pecora Bianca Bryant Park,Midtown,Italian,NYC,ChIJKykw-aZZwokRW7K0ykZUxNo,"20 W 40th St, New York, NY 10018",4.8,6718.0,https://komriwzkkknrsirifgqg.supabase.co/storage/v1/object/public/restaurant-photos/r_ed8346.jpg,https://www.google.com/maps/search/?api=1&query=La%20Pecora%20Bianca%20Bryant%20Park&query_place_id=ChIJKykw-aZZwokRW7K0ykZUxNo,40.0,40.7525176,-73.9831529,0.64,0.8794284013099136,10.0,0.0160762131586781,0.8633521881512355,6718.0,2972.0,1.0,1.0,10018.0,0.48,0.0416666666666666,0.0416666666666666,0.4166666666666667,0.0416666666666666,1.0,74.875,0.6146392000433074,(212) 924-4040,https://www.lapecorabianca.com/,"[{""day"": ""Monday"", ""hours"": ""7\u202fAM to 10\u202fPM""}, {""day"": ""Tuesday"", ""hours"": ""7\u202fAM to 10\u202fPM""}, {""day"": ""Wednesday"", ""hours"": ""7\u202fAM to 10\u202fPM""}, {""day"": ""Thursday"", ""hours"": ""7\u202fAM to 11\u202fPM""}, {""day"": ""Friday"", ""hours"": ""7\u202fAM to 11\u202fPM""}, {""day"": ""Saturday"", ""hours"": ""8\u202fAM to 11\u202fPM""}, {""day"": ""Sunday"", ""hours"": ""8\u202fAM to 10\u202fPM""}]","[""https://lh3.googleusercontent.com/gps-cs-s/AHVAwer5VAhRvX3Dn4VhJLr4CMyEssemjEshEMae3DoF4PJys0_Y5uBRWO1c1ThPIT32UfP7FemErdaq1JPvQqpWxE95pQ9V-sjJQTVwLkTzc8zzgcreUUCHxwzvSepWtSIDpV3Kp0Q8lw=w1920-h1080-k-no""]","[{""text"": ""Definitely a big location and a bit loud but still able to hear the people at my table.\nEverything was delicious! The kale salad with the carrots and whipped ricotta was my tables favorite dish.\ngarganelli pasta with mushrooms, pesto and pecorino was a kind portion. I was able to take a bit home.\nTiramisu is big enough for 2 or 4 people, and as a group of 4, we were satisfied."", ""rating"": 5, ""author"": ""Marlene Castillo"", ""published"": ""16 hours ago""}, {""text"": ""Break, pizza, Great atmosphere, Great Service"", ""rating"": 5, ""author"": ""wendy .rojas"", ""published"": ""a day ago""}, {""text"": ""For the average check, you can do better in NYC"", ""rating"": 2, ""author"": ""Sanderson Sims"", ""published"": ""21 hours ago""}]",Universally Loved,"{""standout_dishes"": [""Tiramisu big enough to share"", ""Homemade pastas""], ""vibe_and_service"": [""Friendly, fast, knowledgeable service, with a shout-out to Hakan"", ""Nice atmosphere with lots of different seating options, though it's a big, slightly loud room""], ""wait_time_note"": null}"
r_f5d347,50.0,0.3445732021621944,0.0,0.6,4.614820092902598,4.500665326650406,0.0,4.614820092902598,Fresh Bites Deli,Far Rockaway,Deli,NYC,ChIJTRUF00ZpwokRAduUtuQHJlA,"2-35 Beach 20th St, Far Rockaway, NY 11691",4.6,60.0,https://komriwzkkknrsirifgqg.supabase.co/storage/v1/object/public/restaurant-photos/r_f5d347.jpg,https://www.google.com/maps/search/?api=1&query=Fresh%20Bites%20Deli&query_place_id=ChIJTRUF00ZpwokRAduUtuQHJlA,15.0,40.5964015,-73.7543777,26.603,0.9166666666666666,10.0,0.0666666666666666,0.85,60.0,589.0,1.0,1.0,11691.0,0.68,0.5,0.0,0.5588235294117647,0.088235294117647,17.0,266.3529411764706,0.6140858709583245,(347) 619-9500,,"[{""day"": ""Monday"", ""hours"": ""7\u202fAM to 12\u202fAM""}, {""day"": ""Tuesday"", ""hours"": ""7\u202fAM to 12\u202fAM""}, {""day"": ""Wednesday"", ""hours"": ""7\u202fAM to 12\u202fAM""}, {""day"": ""Thursday"", ""hours"": ""7\u202fAM to 12\u202fAM""}, {""day"": ""Friday"", ""hours"": ""7\u202fAM to 12\u202fAM""}, {""day"": ""Saturday"", ""hours"": ""7\u202fAM to 12\u202fAM""}, {""day"": ""Sunday"", ""hours"": ""8\u202fAM to 10\u202fPM""}]","[""https://lh3.googleusercontent.com/gps-cs-s/AHVAweq_Ip5sUds2cPJton4p6xdUwewEYGCqtOXy1vagK1yvj1UpmfmInYyKz3Ov5-Lk3XyJg1btK1YZpxI-_3MMnGVoY7TWn7PyplPm0ecIVPFpU6QEMnLF5Bmrakx2ZZI8F-fcuWCcSg=w1920-h1080-k-no""]","[{""text"": ""These guys are the best. The food is quick, healthy, and delicious."", ""rating"": 5, ""author"": ""Andrew Lew"", ""published"": ""8 months ago""}, {""text"": ""I have to say this deli\u2019s food is so delicious and fresh!  This is honestly my Go to for breakfast."", ""rating"": 5, ""author"": ""Tashoy Mitchem"", ""published"": ""5 months ago""}, {""text"": ""this place need to be inspection for the food\n\nI swear I\u2019m not lying to you\nBut they deli meat is really old and have smell to it"", ""rating"": 1, ""author"": ""Kevin Ford"", ""published"": ""7 months ago""}]",Local Favorite,"{""standout_dishes"": [""Fresh fruit smoothies"", ""Fresh-squeezed juices""], ""vibe_and_service"": [""Friendly, attentive staff who get your order right"", ""Clean, well-lit shop with a welcoming atmosphere"", ""Food is made fresh daily""], ""wait_time_note"": null}"
r_fe68e1,50.0,0.1921757145548824,0.0,0.94,4.433270137771436,4.590148142693924,0.1568780049224871,4.354831135310192,Hearth,East Village,Italian,NYC,ChIJQTZ0-Z1ZwokRhl9v1FaVF0A,"403 E 12th St, New York, NY 10009",4.5,989.0,https://komriwzkkknrsirifgqg.supabase.co/storage/v1/object/public/restaurant-photos/r_fe68e1.jpg,https://www.google.com/maps/search/?api=1&query=Hearth&query_place_id=ChIJQTZ0-Z1ZwokRhl9v1FaVF0A,75.0,40.7300263,-73.9831883,3.111,0.7067745197168858,10.0,0.025278058645096,0.6814964610717897,989.0,1097.0,1.0,8.0,10009.0,0.76,0.131578947368421,0.131578947368421,0.4736842105263157,0.0526315789473684,1.0,251.3684210526316,0.6138642827701253,(646) 602-1300,https://www.restauranthearth.com/?utm_source=google&utm_medium=organic&utm_campaign=gbp-website-link,"[{""day"": ""Monday"", ""hours"": ""11:30\u202fAM to 3\u202fPM, 5 to 9:30\u202fPM""}, {""day"": ""Tuesday"", ""hours"": ""11:30\u202fAM to 3\u202fPM, 5 to 9:30\u202fPM""}, {""day"": ""Wednesday"", ""hours"": ""11:30\u202fAM to 3\u202fPM, 5 to 9:30\u202fPM""}, {""day"": ""Thursday"", ""hours"": ""11:30\u202fAM to 3\u202fPM, 5 to 9:30\u202fPM""}, {""day"": ""Friday"", ""hours"": ""11:30\u202fAM to 3\u202fPM, 5 to 10:30\u202fPM""}, {""day"": ""Saturday"", ""hours"": ""11\u202fAM to 3\u202fPM, 5 to 10:30\u202fPM""}, {""day"": ""Sunday"", ""hours"": ""11\u202fAM to 3\u202fPM, 5 to 9:30\u202fPM""}]","[""https://lh3.googleusercontent.com/gps-cs-s/AHVAwepHAedu_0ceynjyGjcHqnBCa1zh3O8l_iFuhzeOLmffzLTj_CnLbYppZaay2ciyQUth8cjpdN0VUWbcJb9e_k3IixNwUOC60dnJfLbSKSFvEpZGnhBntbn_gWN72JRQnQaWHH0J=w1920-h1080-k-no""]","[{""text"": ""The food was so delicious, it\u2019s a must try"", ""rating"": 5, ""author"": ""Danielle Shelton"", ""published"": ""a month ago""}, {""text"": ""Excellent food. The monkfish and Campanella pasta were exceptional"", ""rating"": 5, ""author"": ""Geraldine T"", ""published"": ""3 months ago""}, {""text"": ""Every time we enjoy the time spending here.  The entrance on 12th street ."", ""rating"": 4, ""author"": ""Hugo Gibson"", ""published"": ""3 weeks ago""}]",,"{""standout_dishes"": [""Campanelle pasta"", ""Vegetable soup with sourdough bread"", ""Brisket (restaurant week menu)"", ""Italian breakfast with polenta, sausage, and eggs""], ""vibe_and_service"": [""Cozy, candlelit atmosphere with soft music and a lively buzz"", ""Friendly, attentive staff in many reviews, and the interior is charming"", ""Good pick for date night, and about half the menu can be made vegan""], ""wait_time_note"": null}"
r_e27327,100.0,0.2829739968669738,0.02,0.77,4.476706367086763,4.690497264827465,0.2137908977407026,4.369810918216412,KAL,Astoria,Korean,NYC,ChIJK78WHdJfwokRUSB1Tkuz_xU,"34-05 30th Ave., Astoria, NY 11103",4.6,427.0,https://komriwzkkknrsirifgqg.supabase.co/storage/v1/object/public/restaurant-photos/r_e27327.jpg,https://www.google.com/maps/search/?api=1&query=KAL&query_place_id=ChIJK78WHdJfwokRUSB1Tkuz_xU,25.0,40.7658007,-73.9186187,5.75,0.8313817330210773,10.0,0.0444964871194379,0.7868852459016393,427.0,546.0,1.0,4.0,11103.0,0.76,0.2631578947368421,0.0,0.4210526315789473,0.3157894736842105,10.0,254.52631578947367,0.613245898199916,(929) 349-1230,http://kalnyc.net/,"[{""day"": ""Monday"", ""hours"": ""12 to 10\u202fPM""}, {""day"": ""Tuesday"", ""hours"": ""12 to 10\u202fPM""}, {""day"": ""Wednesday"", ""hours"": ""12 to 10\u202fPM""}, {""day"": ""Thursday"", ""hours"": ""12 to 10\u202fPM""}, {""day"": ""Friday"", ""hours"": ""12 to 11\u202fPM""}, {""day"": ""Saturday"", ""hours"": ""11\u202fAM to 11\u202fPM""}, {""day"": ""Sunday"", ""hours"": ""11\u202fAM to 10\u202fPM""}]","[""https://lh3.googleusercontent.com/gps-cs-s/AHVAwerkiK3HoHVSZRqwxBQow7pXvWioz6Y1OrCYWkdxAgj9szry6J51oSpHGfsJrEXo5EJLFLhlk9VIUkJkICr3tRtuw-FFOCUpxllxbVhvT6H4HDDvLmki8nW8o4UG74mDd879sgeD=w1920-h1080-k-no""]","[{""text"": ""Had to try the bibimbap and it was great"", ""rating"": 5, ""author"": ""Runako Taylor"", ""published"": ""8 months ago""}, {""text"": ""A cozy Korean restaurant offering delicious traditional dishes and friendly service."", ""rating"": 4, ""author"": ""Jia Sun"", ""published"": ""8 months ago""}, {""text"": ""The store is not big but my wife love their food, especially the cold noodle. I also like the fried chicken \ud83d\ude06"", ""rating"": 5, ""author"": ""Vincent Yu"", ""published"": ""5 months ago""}]",,"{""standout_dishes"": [""Bulgogi bibimbap"", ""Tofu stew (soondubu)"", ""Cold noodles (naengmyeon)"", ""Fried chicken and wings""], ""vibe_and_service"": [""Good value with big portions, including a $15 lunch special before 4 p.m."", ""Small, cozy spot with some servers described as attentive and friendly"", ""Delivery arrives hot with free banchan included""], ""wait_time_note"": null}"
r_9b4eec,50.0,0.2632201539257084,0.0,0.78,4.952551134361771,4.908370861875751,0.0,4.952551134361771,Aquarelle seafood & mediterranean east village restaurant NYC,East Village,Italian,NYC,ChIJsSGRfXhZwokROD3euzl_76s,"47 Avenue B, New York, NY 10009",4.8,924.0,https://komriwzkkknrsirifgqg.supabase.co/storage/v1/object/public/restaurant-photos/r_9b4eec.jpg,https://www.google.com/maps/search/?api=1&query=Aquarelle%20seafood%20%26%20mediterranean%20east%20village%20restaurant%20NYC&query_place_id=ChIJsSGRfXhZwokROD3euzl_76s,75.0,40.7229625,-73.9825102,3.897,0.9523809523809524,10.0,0.0238095238095238,0.9285714285714286,924.0,916.0,1.0,7.0,10009.0,0.72,0.0555555555555555,0.0277777777777777,0.5,0.0555555555555555,2.0,102.58333333333331,0.6131089816881439,(212) 777-4547,http://www.aquarellenyc.com/,"[{""day"": ""Monday"", ""hours"": ""4:30\u202fPM to 12\u202fAM""}, {""day"": ""Tuesday"", ""hours"": ""4:30\u202fPM to 12\u202fAM""}, {""day"": ""Wednesday"", ""hours"": ""4:30\u202fPM to 12\u202fAM""}, {""day"": ""Thursday"", ""hours"": ""4:30\u202fPM to 1\u202fAM""}, {""day"": ""Friday"", ""hours"": ""4:30\u202fPM to 1\u202fAM""}, {""day"": ""Saturday"", ""hours"": ""11\u202fAM to 1\u202fAM""}, {""day"": ""Sunday"", ""hours"": ""11\u202fAM to 1\u202fAM""}]","[""https://lh3.googleusercontent.com/gps-cs-s/AHVAweoEpkR5tR2LzL3dhFmqXZePeXmHOoQ04n07tjMSanRevQ7d-j9rENwIdBXZtAWAo0sdDcc8V49ESadM3Y502caAWRptPsAP1U7N889ZkgvVBMkebM7h-bGS5B3mOYeEar-XusD5CPSq2JX0=w1920-h1080-k-no""]","[{""text"": ""Absolutely amazing seafood spot. I highly recommend the snapper!!"", ""rating"": 5, ""author"": ""Jordan Jennings"", ""published"": ""2 weeks ago""}, {""text"": ""Aquarelle is a beautiful oasis. Every dish was a delight. Every bite was fresh and light and Barbara recommended a Cabernet that paired well with the meals. I loved the atmosphere."", ""rating"": 5, ""author"": ""iormares rodas"", ""published"": ""2 weeks ago""}, {""text"": ""This place is so gorgeous! The design is just stunning. I went there with my close friend to celebrate international woman\u2019s day. And we had such a great time! We enjoyed the food, the drinks and the atmosphere to the maximum! We would go there again!"", ""rating"": 5, ""author"": ""Olga Sokolova (Aisha Dance)"", ""published"": ""2 weeks ago""}]",Local Favorite,"{""standout_dishes"": [], ""vibe_and_service"": [""Gorgeous, dreamy ocean-themed decor that makes you feel like you're under the sea"", ""Attentive service, with Barbara named by several reviewers as a great server"", ""Works well for date nights, special occasions, girls' dinners, and big groups""], ""wait_time_note"": null}"
r_2c7d2a,50.0,0.2105006620124178,0.0,0.88,4.56288309071673,4.381903723361038,0.0,4.56288309071673,Bánh Anh Em,East Village,Vietnamese,NYC,ChIJDyMGAgBZwokRggrgBWarG0o,"99 3rd Ave, New York, NY 10003",4.4,359.0,https://komriwzkkknrsirifgqg.supabase.co/storage/v1/object/public/restaurant-photos/r_2c7d2a.jpg,https://www.google.com/maps/search/?api=1&query=B%C3%A1nh%20Anh%20Em&query_place_id=ChIJDyMGAgBZwokRggrgBWarG0o,40.0,40.7322635,-73.9876172,2.862,0.7938718662952646,10.0,0.0557103064066852,0.7381615598885793,359.0,802.0,1.0,1.0,10003.0,0.78,0.5897435897435898,0.2051282051282051,0.3076923076923077,0.1282051282051282,2.875,422.38461538461536,0.6119744966748228,(833) 674-5878,http://banhanhem.com/,"[{""day"": ""Monday"", ""hours"": ""Closed""}, {""day"": ""Tuesday"", ""hours"": ""6 to 10\u202fPM""}, {""day"": ""Wednesday"", ""hours"": ""6 to 10\u202fPM""}, {""day"": ""Thursday"", ""hours"": ""6 to 10\u202fPM""}, {""day"": ""Friday"", ""hours"": ""12 to 4\u202fPM, 6 to 10\u202fPM""}, {""day"": ""Saturday"", ""hours"": ""12 to 4\u202fPM, 6 to 10\u202fPM""}, {""day"": ""Sunday"", ""hours"": ""12 to 4\u202fPM, 6 to 10\u202fPM""}]","[""https://lh3.googleusercontent.com/gps-cs-s/AHVAwer-hgch8OAq4Lh_dVWA8aNsgi8xW9LxY8Sp6vrf8X6GzEZ58Qg4SbFhfA8N9O0IDdBmH9IF5mF5Wr-6GUifm9P2ze4qCdUMbrqlles5x1-8gbQ80u0iGhvPcnBBanUIi88nbf8=w1920-h1080-k-no""]","[{""text"": ""Amazing food and atmosphere. Great for friends and family's gatherings."", ""rating"": 5, ""author"": ""Alex Thanh Vong"", ""published"": ""a week ago""}, {""text"": ""Very popular restaurant, and very long line. You can feel that is great food \ud83c\udf71"", ""rating"": 5, ""author"": ""Jacky Chen"", ""published"": ""a month ago""}, {""text"": ""Amazing fresh rice noodles and love the pork belly banh mi. Top tier food and great price"", ""rating"": 5, ""author"": ""Xiaolan You"", ""published"": ""3 weeks ago""}]",,"{""standout_dishes"": [""Crispy pork belly banh mi with fresh house-made baguette"", ""Pho with house-made rice noodles"", ""Pate chaud and savory pate dishes"", ""X\u00f4i sticky rice""], ""vibe_and_service"": [""Attentive, gracious staff and a fun open kitchen where you can watch fresh baguettes come out"", ""Cute, cozy space with a good vibe, though it gets cramped for big groups and can be chilly"", ""Authentic, high-quality food at reasonable prices""], ""wait_time_note"": ""Expect a long wait of an hour or more, especially at dinner and on weekends; get in line 30-60 minutes before opening or join the digital waitlist and wait nearby until your name is called.""}"
r_e29dca,50.0,0.2491151956993951,0.0,0.82,4.007342395374031,4.237281267005329,0.2299388716312984,3.8923729595583816,N Bakery,Homecrest,Bakery,NYC,ChIJcxnXUyZFwokRsIGUJwxkiIo,"1323 Avenue U, Brooklyn, NY 11229",4.7,150.0,https://komriwzkkknrsirifgqg.supabase.co/storage/v1/object/public/restaurant-photos/r_e29dca.jpg,https://www.google.com/maps/search/?api=1&query=N%20Bakery&query_place_id=ChIJcxnXUyZFwokRsIGUJwxkiIo,,40.5988348,-73.9575259,17.827,0.9333333333333332,10.0,0.0466666666666666,0.8866666666666667,150.0,95.0,1.0,2.0,11229.0,0.6,0.4,0.1,0.5333333333333333,0.0666666666666666,4.0,209.16666666666663,0.6117531268999685,(718) 758-4411,https://www.facebook.com/profile.php?id=100088973140711&mibextid=LQQJ4d,"[{""day"": ""Monday"", ""hours"": ""9\u202fAM to 9\u202fPM""}, {""day"": ""Tuesday"", ""hours"": ""9\u202fAM to 9\u202fPM""}, {""day"": ""Wednesday"", ""hours"": ""9\u202fAM to 9\u202fPM""}, {""day"": ""Thursday"", ""hours"": ""9\u202fAM to 9\u202fPM""}, {""day"": ""Friday"", ""hours"": ""9\u202fAM to 9\u202fPM""}, {""day"": ""Saturday"", ""hours"": ""9:30\u202fAM to 9\u202fPM""}, {""day"": ""Sunday"", ""hours"": ""9:30\u202fAM to 9\u202fPM""}]","[""https://lh3.googleusercontent.com/gps-cs-s/AHVAwepnExDLSddyDZChH0LwUz5BgO6YJdkGnH0nfjqR8bH-UhF-f9HuCEjraKvff97qnpryrOLz3E-nLo5k5Jae6u1x7pcTNxL4iQNy4rtsHOTMatsNG6PmOxH2RMPYOTic6DufDsm3UA=w1920-h1080-k-no""]","[{""text"": ""I\u2019m excited of the cake \ud83c\udf70 It\u2019s super cozy and testy \ud83e\udef6\ud83c\udffb\u2764\ufe0f"", ""rating"": 5, ""author"": ""\u0421\u043e\u0444\u044c\u044f \u041a\u0443\u0437\u044e\u0431\u0435\u0440\u0434\u0438\u043d\u0430"", ""published"": ""2 weeks ago""}, {""text"": ""Absolutely the most moist and freshest cake I have ever had. Everything tastes beyond impeccable."", ""rating"": 5, ""author"": ""Vadim"", ""published"": ""11 months ago""}, {""text"": ""Small space but good variety and the cakes were all good.  Need to work a lil more with customer service.  Never know who might walk in your shop."", ""rating"": 5, ""author"": ""ANGELICA RICO"", ""published"": ""11 months ago""}]",,"{""standout_dishes"": [""Cheesecake with blueberry topping"", ""Fresh, moist fruit cakes"", ""Georgian-style torti cakes""], ""vibe_and_service"": [""Cozy, clean little shop with a friendly, welcoming staff behind the counter"", ""Custom cakes made exactly as ordered at an affordable price"", ""Good variety of cakes and pastries packed into a small space""], ""wait_time_note"": null}"
r_9aa2f4,50.0,0.1754084088976321,0.0,0.98,3.89450676224563,3.828405236552454,0.0,3.89450676224563,Tra Di Noi,Belmont,Italian,NYC,ChIJYYDOMof0wokRvCMy2r_-3S0,"622 E 187th St, Bronx, NY 10458",4.4,538.0,https://komriwzkkknrsirifgqg.supabase.co/storage/v1/object/public/restaurant-photos/r_9aa2f4.jpg,https://www.google.com/maps/search/?api=1&query=Tra%20Di%20Noi&query_place_id=ChIJYYDOMof0wokRvCMy2r_-3S0,25.0,40.855011,-73.886821,13.649,0.7806691449814126,9.0,0.0780669144981412,0.7026022304832714,538.0,377.0,1.0,1.0,10458.0,0.9,0.3777777777777777,0.1777777777777777,0.3777777777777777,0.1555555555555555,2.125,391.1333333333333,0.6116558733921622,(718) 295-1784,,"[{""day"": ""Monday"", ""hours"": ""Closed""}, {""day"": ""Tuesday"", ""hours"": ""12 to 3\u202fPM, 4 to 9\u202fPM""}, {""day"": ""Wednesday"", ""hours"": ""12 to 3\u202fPM, 4 to 9\u202fPM""}, {""day"": ""Thursday"", ""hours"": ""12 to 3\u202fPM, 4 to 9\u202fPM""}, {""day"": ""Friday"", ""hours"": ""12 to 3\u202fPM, 4 to 9\u202fPM""}, {""day"": ""Saturday"", ""hours"": ""12 to 3\u202fPM, 4 to 9\u202fPM""}, {""day"": ""Sunday"", ""hours"": ""12 to 3\u202fPM, 4 to 9\u202fPM""}]","[""https://lh3.googleusercontent.com/gps-cs-s/AHVAwepPLEGYH3fdOA1m1gQRy2osr268ha_6Xtbzlwi_8hfRHwUJvj8n2h2cVp6xSspD2XoT3EIZ8O_J9ik0klzAmfAX_DdJk1AOjELcgq3G0TAJLOfOtOqE4dt5HKYMMT9WMFaKMDU_PXWnAdY=w1920-h1080-k-no""]","[{""text"": ""No better place to go to. Great food great atmosphere"", ""rating"": 5, ""author"": ""John Molnar"", ""published"": ""9 months ago""}, {""text"": ""We went there 2 weeks ago. The Italian food was amazing."", ""rating"": 4, ""author"": ""Rachal Azani"", ""published"": ""4 months ago""}, {""text"": ""Food was fantastic.  Service was great.   The food is worth the money."", ""rating"": 5, ""author"": ""Garrick Vogt"", ""published"": ""8 months ago""}]",,"{""standout_dishes"": [""Mussels in white wine (marechiaro)"", ""Gnocchi with fresh tomato sauce"", ""Homemade Italian cheesecake"", ""Prosciutto and melon appetizer""], ""vibe_and_service"": [""Cozy, old-school family-run Italian spot with red checkered tablecloths and specials on a chalkboard"", ""Warm, attentive service and fair prices for authentic, near-homemade cooking"", ""Kid friendly and works for big family gatherings, though one family felt unwelcome""], ""wait_time_note"": ""You need reservations during peak times, especially for larger groups like a party of 12.""}"
r_4df787,50.0,0.2444900225036713,0.0,0.82,4.877113086179231,4.827989861755088,0.0,4.877113086179231,"Amélie West Village Restaurant, Bistro & Wine Bar",Chelsea,French,NYC,ChIJja0-KpdZwokRuOHSWneCBxE,"22 W 8th St, New York, NY 10011",4.5,1436.0,https://komriwzkkknrsirifgqg.supabase.co/storage/v1/object/public/restaurant-photos/r_4df787.jpg,https://www.google.com/maps/search/?api=1&query=Am%C3%A9lie%20West%20Village%20Restaurant%2C%20Bistro%20%26%20Wine%20Bar&query_place_id=ChIJja0-KpdZwokRuOHSWneCBxE,75.0,40.732629,-73.997668,3.0,0.7284122562674095,10.0,0.0215877437325905,0.7068245125348189,1436.0,1352.0,1.0,3.0,10011.0,0.68,0.0588235294117647,0.0588235294117647,0.4705882352941176,0.0,1.0,163.05882352941177,0.6113230255921259,(212) 533-2962,http://www.ameliewinebar.com/,"[{""day"": ""Monday"", ""hours"": ""12 to 11\u202fPM""}, {""day"": ""Tuesday"", ""hours"": ""12 to 11\u202fPM""}, {""day"": ""Wednesday"", ""hours"": ""12 to 11\u202fPM""}, {""day"": ""Thursday"", ""hours"": ""12 to 11\u202fPM""}, {""day"": ""Friday"", ""hours"": ""12\u202fPM to 12\u202fAM""}, {""day"": ""Saturday"", ""hours"": ""11\u202fAM to 12\u202fAM""}, {""day"": ""Sunday"", ""hours"": ""11\u202fAM to 11\u202fPM""}]","[""https://lh3.googleusercontent.com/gps-cs-s/AHVAweoBPJotQpj6jIR82cY4lBnyDTgtH2VNGiInD_wRMm34RRXcf1XJTh3ii2FhzKRckOt4gJ5bl7CmONpgUt0He74unh-54dBEtjU-Bg1_aDpQlCI-CSpYIiDEy0vdnvHe1hEklXq_Rg=w1920-h1080-k-no""]","[{""text"": ""I love the atmosphere,  great vibe and good wine"", ""rating"": 5, ""author"": ""Pamela Banks"", ""published"": ""3 months ago""}, {""text"": ""Great service ! I recommend to go for happy hours !!"", ""rating"": 5, ""author"": ""Alvin Gereral"", ""published"": ""a month ago""}, {""text"": ""Nice French bistro vibe. Excellent service and food. Loved the French onion soup!"", ""rating"": 5, ""author"": ""Neil J"", ""published"": ""a month ago""}]",Universally Loved,"{""standout_dishes"": [""Ravioli"", ""Steak frites"", ""Wine flights""], ""vibe_and_service"": [""Friendly, attentive staff, including French servers, make it feel welcoming without rushing you"", ""Cozy but buzzy atmosphere with great music, good for a date or a laid-back night out"", ""Happy hour and the lunch two-course deal are good value, and the wine flights let you try a few bottles without spending much""], ""wait_time_note"": null}"
r_008607,50.0,0.1940488694963895,0.0,0.94,4.6896458464081725,4.677677569371144,0.0,4.6896458464081725,Piccante,Bay Ridge,Italian,NYC,ChIJq6q2g1dFwokROj-WwfhUPjI,"7410 3rd Ave, Brooklyn, NY 11209",4.6,405.0,https://komriwzkkknrsirifgqg.supabase.co/storage/v1/object/public/restaurant-photos/r_008607.jpg,https://www.google.com/maps/search/?api=1&query=Piccante&query_place_id=ChIJq6q2g1dFwokROj-WwfhUPjI,25.0,40.6319113,-74.0278434,14.451,0.8246913580246914,10.0,0.0320987654320987,0.7925925925925926,405.0,381.0,1.0,3.0,11209.0,0.86,0.4418604651162791,0.0,0.7441860465116279,0.1627906976744186,19.0,331.0232558139535,0.6110269648212777,(718) 833-3919,http://www.piccanteny.com/,"[{""day"": ""Monday"", ""hours"": ""4 to 10\u202fPM""}, {""day"": ""Tuesday"", ""hours"": ""4 to 10\u202fPM""}, {""day"": ""Wednesday"", ""hours"": ""4 to 10\u202fPM""}, {""day"": ""Thursday"", ""hours"": ""4 to 10\u202fPM""}, {""day"": ""Friday"", ""hours"": ""1 to 10\u202fPM""}, {""day"": ""Saturday"", ""hours"": ""12 to 10\u202fPM""}, {""day"": ""Sunday"", ""hours"": ""12 to 10\u202fPM""}]","[""https://lh3.googleusercontent.com/gps-cs-s/AHVAwepbj7-Tf7b-KJUbiR2B0nloV2b2QSfKTaWNJk_axVvd-bwTDQSn5-pCGj1feVFFQyMBB02x7RQ7rYTJ0dO3Og06b5rUektUhB7LPzLUPQQ_t7BaHdxYKXgg05t7ehHVEr76D1Pr8q0gZMc-=w1920-h1080-k-no""]","[{""text"": ""The fettuccine with shrimp was very good"", ""rating"": 4, ""author"": ""Michael Brocking"", ""published"": ""Edited 4 months ago""}, {""text"": ""The flavors were rich and perfectly balanced."", ""rating"": 5, ""author"": ""Sheba Secrest"", ""published"": ""7 months ago""}, {""text"": ""Great food, great service, great drinks. Well worth it."", ""rating"": 5, ""author"": ""Bill Lewis"", ""published"": ""6 months ago""}]",Local Favorite,"{""standout_dishes"": [""Shrimp pasta (fettuccine with shrimp)"", ""Seafood risotto"", ""Steak with chimichurri and vegetables""], ""vibe_and_service"": [""Friendly, attentive staff, with the owner stopping by tables to check on everyone"", ""Relaxed, welcoming family-run feel in the newer, larger space"", ""Unrushed meals, and a staff that handles mistakes well (one family got a comped order after a takeout mix-up)""], ""wait_time_note"": null}"
r_0ff097,50.0,0.1998244922566079,0.0,0.92,4.158036863151213,4.135495729391597,0.0,4.158036863151213,Spiga Trattoria,Upper West Side,Italian,NYC,ChIJq5dFPYVYwokR7SJ1_3TWq1E,"57 W 84th St, New York, NY 10024",4.6,271.0,https://komriwzkkknrsirifgqg.supabase.co/storage/v1/object/public/restaurant-photos/r_0ff097.jpg,https://www.google.com/maps/search/?api=1&query=Spiga%20Trattoria&query_place_id=ChIJq5dFPYVYwokR7SJ1_3TWq1E,40.0,40.7851546,-73.9727459,3.203,0.8708487084870848,10.0,0.062730627306273,0.8081180811808119,271.0,341.0,0.0,1.0,10024.0,0.72,0.6111111111111112,0.1388888888888889,0.3611111111111111,0.1666666666666666,4.4,315.6666666666667,0.6105476363698189,(212) 874-0008,http://spigarestaurantnyc.com/,"[{""day"": ""Monday"", ""hours"": ""4:30 to 10\u202fPM""}, {""day"": ""Tuesday"", ""hours"": ""4:30 to 10\u202fPM""}, {""day"": ""Wednesday"", ""hours"": ""4:30 to 10\u202fPM""}, {""day"": ""Thursday"", ""hours"": ""4:30 to 10\u202fPM""}, {""day"": ""Friday"", ""hours"": ""4:30 to 10:30\u202fPM""}, {""day"": ""Saturday"", ""hours"": ""4:30 to 10:30\u202fPM""}, {""day"": ""Sunday"", ""hours"": ""Closed""}]","[""https://lh3.googleusercontent.com/gps-cs-s/AHVAwep91CZ2zm-RTfyOBOT6z_VMd2B0Y1KgwaVDYUyGEtfh53ZDjEIw23sQcHIWJse86gCudwlvoEcQSmlHTIZKezbdXWNlXr6VwjzNXY3OC1zMZr6B4-U_hVPADRV6BjS5_as3BzEm=w1920-h1080-k-no""]","[{""text"": ""Amazing food and the small restaurant gives it such a cute European feel."", ""rating"": 5, ""author"": ""Gretchen DeVuyst"", ""published"": ""4 months ago""}, {""text"": ""Food was yummy. We shared most of the items to try more and was not disappointed."", ""rating"": 4, ""author"": ""Akyra"", ""published"": ""11 months ago""}, {""text"": ""Small quaint setting.  Pasta was good, but the tiramisu was the best I\u2019ve ever had."", ""rating"": 5, ""author"": ""Lauren Kalkstein"", ""published"": ""8 months ago""}]",,"{""standout_dishes"": [], ""vibe_and_service"": [""Tiny, intimate room with a cozy European feel that works well for a date night or small family dinner"", ""Warm, attentive service where staff (including Marco) make you feel like family"", ""Good wine list by the glass or bottle, with staff who know their wine""], ""wait_time_note"": ""The room has fewer than 10 tables, so book ahead, and one reviewer said their reservation wasn't honored, so it's worth confirming.""}"
r_56a9cb,50.0,0.1971551991210073,0.0,0.92,4.606987173970815,4.772664059320957,0.165676885350142,4.524148731295744,Casa Verde Restaurant,Lighthouse Hill,Italian,NYC,ChIJ1-OrIoJLwokR_i4HunJOIpE,"3471 Richmond Rd, Staten Island, NY 10306",4.6,363.0,https://komriwzkkknrsirifgqg.supabase.co/storage/v1/object/public/restaurant-photos/r_56a9cb.jpg,https://www.google.com/maps/search/?api=1&query=Casa%20Verde%20Restaurant&query_place_id=ChIJ1-OrIoJLwokR_i4HunJOIpE,40.0,40.5732187,-74.1365732,24.199,0.7878787878787878,10.0,0.0303030303030303,0.7575757575757576,363.0,146.0,1.0,2.0,10306.0,0.8,0.35,0.025,0.625,0.025,14.0,190.975,0.6104072298705382,(718) 983-8344,https://casaverdesi.com/,"[{""day"": ""Monday"", ""hours"": ""12 to 9\u202fPM""}, {""day"": ""Tuesday"", ""hours"": ""12 to 9\u202fPM""}, {""day"": ""Wednesday"", ""hours"": ""12 to 9\u202fPM""}, {""day"": ""Thursday"", ""hours"": ""12 to 9\u202fPM""}, {""day"": ""Friday"", ""hours"": ""12 to 10\u202fPM""}, {""day"": ""Saturday"", ""hours"": ""12 to 10\u202fPM""}, {""day"": ""Sunday"", ""hours"": ""1 to 9\u202fPM""}]","[""https://lh3.googleusercontent.com/gps-cs-s/AHVAwerC2l6ukBTv1ITK7LtGTQS5P4l18zON5mUr-76GmYy-cgwsRwrViDP8Nkll1NP_5Nw93k6Sfu09jHN595TEV6uLJ0zyQAJNmnXEED_YdnKtTFJOZVuaQBEbJjvb7SfNyrg42kXB=w1920-h1080-k-no""]","[{""text"": ""The food was great, prices are reasonable."", ""rating"": 5, ""author"": ""Joseph Marinaro"", ""published"": ""5 months ago""}, {""text"": ""One of the best Italian meals I've ever tasted, congratulations!"", ""rating"": 5, ""author"": ""Cristiana Ara\u00fajo"", ""published"": ""4 months ago""}, {""text"": ""This place was good once.\nUnder new ownership now.\nNot returning."", ""rating"": 2, ""author"": ""James Wieland"", ""published"": ""Edited 9 months ago""}]",,"{""standout_dishes"": [], ""vibe_and_service"": [""Friendly, welcoming owner-and-staff feel that makes you feel like family, with attentive service that goes the extra mile"", ""Cozy, elegant dining room with white tablecloths, tucked away in a small shopping center and often called a hidden gem on Staten Island"", ""Good for birthdays and celebrations, with reasonable, average-for-Staten-Island prices""], ""wait_time_note"": null}"
r_06cada,50.0,0.2620687616729019,0.0,0.78,4.795536727363866,4.584762715795431,0.0,4.795536727363866,TORA NYC,Bushwick,Japanese,NYC,ChIJ39bSFABdwokR05BHt42BmR4,"242 Himrod St, Brooklyn, NY 11237",4.8,243.0,https://komriwzkkknrsirifgqg.supabase.co/storage/v1/object/public/restaurant-photos/r_06cada.jpg,https://www.google.com/maps/search/?api=1&query=TORA%20NYC&query_place_id=ChIJ39bSFABdwokR05BHt42BmR4,40.0,40.7000417,-73.9197864,8.52,0.9053497942386832,10.0,0.0082304526748971,0.897119341563786,243.0,771.0,1.0,7.0,11237.0,0.62,0.2258064516129032,0.064516129032258,0.5161290322580645,0.1290322580645161,3.5,450.7741935483871,0.6098586621751384,(929) 554-4996,https://www.instagram.com/tora_nyc?igsh=ZmtqYnNxYXBsM2Ew&utm_source=qr,"[{""day"": ""Monday"", ""hours"": ""12 to 10\u202fPM""}, {""day"": ""Tuesday"", ""hours"": ""12 to 10\u202fPM""}, {""day"": ""Wednesday"", ""hours"": ""12 to 10\u202fPM""}, {""day"": ""Thursday"", ""hours"": ""12 to 10\u202fPM""}, {""day"": ""Friday"", ""hours"": ""12 to 11\u202fPM""}, {""day"": ""Saturday"", ""hours"": ""12 to 11\u202fPM""}, {""day"": ""Sunday"", ""hours"": ""12 to 10\u202fPM""}]","[""https://lh3.googleusercontent.com/gps-cs-s/AHVAwepJtLIq8pMrpDzbI6uHFqePuCvWrFdnOS-5gsVETEPVEGxVn9dWInNbXH1KkI2gQz1cyj_fiJubOXoId53Pq1g4XdVrAAoDq6sX6vMNPB0j58ZJz5LWMKwb4T1P4ga6M5_ybXrJ=w1920-h1080-k-no""]","[{""text"": ""Fantastic food, beautiful atmosphere, and excellent service!"", ""rating"": 5, ""author"": ""Elon Admony"", ""published"": ""4 months ago""}, {""text"": ""Throughly enjoyed my lunch here. The tastes were excellent, and service was perfect. Very filling and delicious."", ""rating"": 5, ""author"": ""Ethan"", ""published"": ""3 weeks ago""}, {""text"": ""Can confirm the great reviews. Excellent, friendly and attentive service. Every dish was delicious and beautifully plated. The space was warm and impeccably clean and decorated. Excellent."", ""rating"": 5, ""author"": ""David Chasteen"", ""published"": ""3 months ago""}]",Hidden Gem,"{""standout_dishes"": [""Mackerel (grilled and glazed)"", ""Yakitori skewers including pork jowl""], ""vibe_and_service"": [""Attentive, friendly service that doesn't feel intrusive"", ""Warm, clean, nicely decorated space that works for a date"", ""Creative, refined Japanese food that's hard to find in Bushwick""], ""wait_time_note"": null}"
r_7b2de4,50.0,0.215698113048414,0.0,0.9,4.821335891781918,4.717631064425128,0.0,4.821335891781918,Eyval,Bushwick,Restaurant,NYC,ChIJR9OEk_BdwokR9Qxlpi3I1ro,"25 Bogart St, Brooklyn, NY 11206",4.6,941.0,https://komriwzkkknrsirifgqg.supabase.co/storage/v1/object/public/restaurant-photos/r_7b2de4.jpg,https://www.google.com/maps/search/?api=1&query=Eyval&query_place_id=ChIJR9OEk_BdwokR9Qxlpi3I1ro,75.0,40.7041424,-73.9331596,7.452,0.8501594048884166,10.0,0.0297555791710945,0.820403825717322,941.0,2255.0,0.0,1.0,11206.0,0.68,0.088235294117647,0.0588235294117647,0.7058823529411765,0.088235294117647,1.5,254.52941176470588,0.6090253571023106,,http://www.eyvalnyc.com/,"[{""day"": ""Monday"", ""hours"": ""Closed""}, {""day"": ""Tuesday"", ""hours"": ""6 to 10\u202fPM""}, {""day"": ""Wednesday"", ""hours"": ""6 to 10\u202fPM""}, {""day"": ""Thursday"", ""hours"": ""6 to 10\u202fPM""}, {""day"": ""Friday"", ""hours"": ""6 to 10\u202fPM""}, {""day"": ""Saturday"", ""hours"": ""6 to 10\u202fPM""}, {""day"": ""Sunday"", ""hours"": ""5 to 9:30\u202fPM""}]","[""https://lh3.googleusercontent.com/gps-cs-s/AHVAweotxCkMvaBf5NDCx8lPudocIdRtRldT419JLU7xPCk8ciRGLDAc_Hbk390oxq6APxXrMMZuVscjdOS7-OsYRT-hYwr0CbR_6-bnmPSRBEpakkT5pqO4qV2PZOMnxmHt8cwux-Q6=w1920-h1080-k-no""]","[{""text"": ""Service was outstanding. Food was superb"", ""rating"": 5, ""author"": ""Claude sharpe"", ""published"": ""2 weeks ago""}, {""text"": ""Phenomenal food! You can\u2019t go wrong w anything on their menu"", ""rating"": 5, ""author"": ""Sarah Rizvi"", ""published"": ""a month ago""}, {""text"": ""This was one of the best restaurants I've ever been to in NYC!"", ""rating"": 5, ""author"": ""Logan Debiase"", ""published"": ""3 weeks ago""}]",Local Favorite,"{""standout_dishes"": [""Smoky, tender lamb chops"", ""Lamb ribs, even for non-lamb fans""], ""vibe_and_service"": [""Friendly, attentive, warm service that makes you want to come back"", ""Lively, beautifully decorated space with great drinks"", ""A welcoming, family-style feel, with the owners greeting guests and cooking""], ""wait_time_note"": null}"
r_02d238,50.0,0.2009682498793758,0.0,0.92,4.296456436950657,4.401012436179387,0.1045559992287303,4.244178437336291,Talay,Mid Island,Thai,NYC,ChIJw8wLuO9PwokRo2I6Shn9tsU,"154 Stuyvesant Pl, Staten Island, NY 10301",4.5,221.0,https://komriwzkkknrsirifgqg.supabase.co/storage/v1/object/public/restaurant-photos/r_02d238.jpg,https://www.google.com/maps/search/?api=1&query=Talay&query_place_id=ChIJw8wLuO9PwokRo2I6Shn9tsU,15.0,40.642439,-74.0766948,14.988,0.8687782805429864,10.0,0.0633484162895927,0.8054298642533937,221.0,233.0,1.0,1.0,10301.0,0.84,0.4761904761904761,0.0714285714285714,0.5238095238095238,0.0714285714285714,6.666666666666667,234.1428571428572,0.6086328674460145,(716) 599-1365,https://talay.restaurant/,"[{""day"": ""Monday"", ""hours"": ""11\u202fAM to 9:30\u202fPM""}, {""day"": ""Tuesday"", ""hours"": ""11\u202fAM to 9:30\u202fPM""}, {""day"": ""Wednesday"", ""hours"": ""11\u202fAM to 9:30\u202fPM""}, {""day"": ""Thursday"", ""hours"": ""11\u202fAM to 9:30\u202fPM""}, {""day"": ""Friday"", ""hours"": ""11\u202fAM to 9:30\u202fPM""}, {""day"": ""Saturday"", ""hours"": ""11\u202fAM to 9:30\u202fPM""}, {""day"": ""Sunday"", ""hours"": ""11\u202fAM to 9:30\u202fPM""}]","[""https://lh3.googleusercontent.com/gps-cs-s/AHVAwepDIdFK36xSTeO4zvJg8p2vxQ96XkXjjLViC86eUfoliZ9jU6MYJ_H1jIhOTAZmA_67TkeKT9GHMueiGVEK4t9nlWvzrccTCsG_9lXJHBS_XiGtiMj0Q6Wqgpp1IXU1ts9a1A48OzcFJrY=w1920-h1080-k-no""]","[{""text"": ""Be prepared to wait 45 - 60 mins for food. Food is okay."", ""rating"": 2, ""author"": ""P McGrady"", ""published"": ""a year ago""}, {""text"": ""Best Thai food in NY!! So good and the owner is super sweet too."", ""rating"": 5, ""author"": ""Haridher Pandiyan"", ""published"": ""a year ago""}, {""text"": ""The staff is very kind. Their food is amazing and they also have delicious boba tea."", ""rating"": 5, ""author"": ""Mary"", ""published"": ""5 months ago""}]",,"{""standout_dishes"": [""Pad Thai""], ""vibe_and_service"": [""The owner is super friendly and kind, and the food feels made with love"", ""Tiny, no-frills family-run spot where the food beats pricier Thai places in Manhattan"", ""Easy stop close to the ferry and the outlet mall, and often quiet enough to sit inside""], ""wait_time_note"": null}"
r_1428cb,50.0,0.3245730934925939,0.0,0.7,4.835681594061184,4.930907895114843,0.0952263010536595,4.788068443534353,Myrtle Thai,Clinton Hill,Thai,NYC,ChIJr0EwabhbwokR-0FVsMLLPiw,"438 Myrtle Ave, Brooklyn, NY 11205",4.8,3824.0,https://komriwzkkknrsirifgqg.supabase.co/storage/v1/object/public/restaurant-photos/r_1428cb.jpg,https://www.google.com/maps/search/?api=1&query=Myrtle%20Thai&query_place_id=ChIJr0EwabhbwokR-0FVsMLLPiw,25.0,40.6930589,-73.9680927,7.359,0.9388075313807532,10.0,0.0219665271966527,0.9168410041841004,3824.0,2976.0,1.0,2.0,11205.0,0.86,0.2093023255813953,0.0232558139534883,0.4418604651162791,0.0697674418604651,9.0,103.81395348837208,0.6081008081798539,(718) 422-1142,https://www.myrtlethaibk.com/,"[{""day"": ""Monday"", ""hours"": ""12 to 3:45\u202fPM, 5 to 10\u202fPM""}, {""day"": ""Tuesday"", ""hours"": ""12 to 3:45\u202fPM, 5 to 10\u202fPM""}, {""day"": ""Wednesday"", ""hours"": ""12 to 3:45\u202fPM, 5 to 10\u202fPM""}, {""day"": ""Thursday"", ""hours"": ""12 to 3:45\u202fPM, 5 to 10\u202fPM""}, {""day"": ""Friday"", ""hours"": ""12 to 3:45\u202fPM, 5 to 10\u202fPM""}, {""day"": ""Saturday"", ""hours"": ""12 to 3:45\u202fPM, 5 to 10\u202fPM""}, {""day"": ""Sunday"", ""hours"": ""12 to 3:45\u202fPM, 5 to 10\u202fPM""}]","[""https://lh3.googleusercontent.com/gps-cs-s/AHVAweo9dO3vn49MuJQPikCvAvbbzy4P91m4_t0m5eyPEJgs3OUbXZVfxH68CKxn_4qBkGhTXNKV9pCBNatpdv9m0ItgEjrUAkpjQJCBYsTAVGcnItNYg0Ji3Lf_aS8WzLsPr2NN4t_XGA=w1920-h1080-k-no""]","[{""text"": ""Love the food. Must try - Pad see ew, tom yum soup.\nI\u2019d for sure visit it again. They also have a great deal for on their lunch special on weekdays."", ""rating"": 5, ""author"": ""Saachee Deshmukh"", ""published"": ""Edited 2 weeks ago""}, {""text"": ""Excellent service and really tasty food!!"", ""rating"": 5, ""author"": ""Mandy"", ""published"": ""2 days ago""}, {""text"": ""Amazing food, enjoyed every dish we ordered."", ""rating"": 5, ""author"": ""Prerna Bansal"", ""published"": ""2 weeks ago""}]",Universally Loved,"{""standout_dishes"": [""Mango sticky rice dessert"", ""Sticky rice with coconut ice cream"", ""Pad see ew""], ""vibe_and_service"": [""Friendly, accommodating staff (welcoming even with a toddler)"", ""Cute, well-designed space with a good playlist"", ""Great weekday lunch deal and reasonable prices""], ""wait_time_note"": null}"
r_f2167e,50.0,0.252386324452219,0.0,0.84,4.969224175370308,4.95688601774692,0.0,4.969224175370308,AURA Tapas & Cocktail Bar,East Village,Italian,NYC,ChIJ5QOQdQtZwokRSy16jOl97Uc,"111 1st Ave, New York, NY 10003",4.9,338.0,https://komriwzkkknrsirifgqg.supabase.co/storage/v1/object/public/restaurant-photos/r_f2167e.jpg,https://www.google.com/maps/search/?api=1&query=AURA%20Tapas%20%26%20Cocktail%20Bar&query_place_id=ChIJ5QOQdQtZwokRSy16jOl97Uc,40.0,40.7269506,-73.9860913,3.447,0.9349112426035504,10.0,0.0118343195266272,0.9230769230769232,338.0,456.0,1.0,10.0,10003.0,0.96,0.1875,0.0208333333333333,0.6666666666666666,0.0208333333333333,9.0,212.0208333333333,0.6071088088665051,(646) 573-5578,http://www.aurabarandkitchen.com/,"[{""day"": ""Monday"", ""hours"": ""Closed""}, {""day"": ""Tuesday"", ""hours"": ""3:30\u202fPM to 1\u202fAM""}, {""day"": ""Wednesday"", ""hours"": ""3:30\u202fPM to 1\u202fAM""}, {""day"": ""Thursday"", ""hours"": ""3:30\u202fPM to 1:30\u202fAM""}, {""day"": ""Friday"", ""hours"": ""3:30\u202fPM to 2\u202fAM""}, {""day"": ""Saturday"", ""hours"": ""3:30\u202fPM to 2\u202fAM""}, {""day"": ""Sunday"", ""hours"": ""3:30 to 11:30\u202fPM""}]","[""https://lh3.googleusercontent.com/gps-cs-s/AHVAwep4FBZ8UXiZtyYGZgp7hj6SH9CIkxogvkFdYzhWfmQAoZp6WSLXYJBF7La8L4eviyJv4wPBtnszRQl-GkL8-zizZu7aDk3mEyYN2wWRJJmeFcMRwqf19YdDkpVcDe6gZ8_25qKm=w1920-h1080-k-no""]","[{""text"": ""Cocktail bar with tapas and some fine wines."", ""rating"": 4, ""author"": ""Hugo Gibson"", ""published"": ""3 weeks ago""}, {""text"": ""Food and service were top notch. Erkan was wonderful to us. Would highly recommend this place!"", ""rating"": 5, ""author"": ""Jim Murray"", ""published"": ""a week ago""}, {""text"": ""Great drinks and food..but even more- the service was warm and friendly. A great east village spot."", ""rating"": 5, ""author"": ""Kim Ong"", ""published"": ""a month ago""}]",Hidden Gem,"{""standout_dishes"": [""Steak bites"", ""Mezze plate"", ""Espresso martini""], ""vibe_and_service"": [""Warm, friendly service with staff like Erkan getting repeated shout-outs"", ""Cozy, inviting spot that looks small from outside but feels great inside"", ""Works for happy hour, drinks with friends, or a group celebration""], ""wait_time_note"": ""Reservations are recommended for a sit-down meal, though one group of four without a booking still got a table; it's a small spot, so larger groups may want to call ahead.""}"
r_9a6eaf,50.0,0.222152639622356,0.0,0.82,4.970290697372673,4.957060984325017,0.0,4.970290697372673,Pita on J,Midwood,Restaurant,NYC,ChIJzSf2TLlFwokR8263QjDy2zw,"2919 Avenue J, Brooklyn, NY 11210",5.0,99.0,https://komriwzkkknrsirifgqg.supabase.co/storage/v1/object/public/restaurant-photos/r_9a6eaf.jpg,https://www.google.com/maps/search/?api=1&query=Pita%20on%20J&query_place_id=ChIJzSf2TLlFwokR8263QjDy2zw,15.0,40.6269072,-73.9472363,14.91,0.9797979797979798,10.0,0.0,0.9797979797979798,99.0,12.0,0.0,1.0,11210.0,0.52,0.4615384615384615,0.0,0.5,0.0384615384615384,12.0,115.96153846153848,0.6064950682293562,(718) 532-0144,https://www.pitaonj.com/,"[{""day"": ""Monday"", ""hours"": ""10:30\u202fAM to 9\u202fPM""}, {""day"": ""Tuesday"", ""hours"": ""10:30\u202fAM to 9\u202fPM""}, {""day"": ""Wednesday"", ""hours"": ""10:30\u202fAM to 9\u202fPM""}, {""day"": ""Thursday"", ""hours"": ""10:30\u202fAM to 9\u202fPM""}, {""day"": ""Friday"", ""hours"": ""10:30\u202fAM to 2:30\u202fPM""}, {""day"": ""Saturday"", ""hours"": ""Closed""}, {""day"": ""Sunday"", ""hours"": ""10:30\u202fAM to 9\u202fPM""}]","[""https://lh3.googleusercontent.com/gps-cs-s/AHVAweq532e8M9O03b7tvgORWdAK78QwvbeWa8Fb32IE3bA3-kJxWcYg4xoK0Brdnz3K7cXLPi_qV45Nw0vSuk-GEjQKq56MfQAqFDSY-rqzMcsI450E0GyXFaHAAUyS84ciKaNJvqeidQ=w1920-h1080-k-no""]","[{""text"": ""Fantastic food and service. Very good falafel"", ""rating"": 5, ""author"": ""Sara Gerlitz"", ""published"": ""9 months ago""}, {""text"": ""The freshest food in Brooklyn and it's spotless clean environment"", ""rating"": 5, ""author"": ""Yisachar Gohnmardi"", ""published"": ""9 months ago""}, {""text"": ""All the staff here are amazing, they make great food that is really fresh."", ""rating"": 5, ""author"": ""Yosef Uzan"", ""published"": ""9 months ago""}]",Hidden Gem,"{""standout_dishes"": [""Fresh, crispy falafel in a pita"", ""Shakshuka"", ""Hummus""], ""vibe_and_service"": [""Friendly, welcoming staff who greet you"", ""Spotless clean and very fresh, though the decor is plain"", ""Affordable prices, like a half falafel with all toppings for $5, and easy on the wallet for a family""], ""wait_time_note"": null}"
r_628803,50.0,0.2159207452451757,0.0,0.92,4.734677393773747,4.792480997110281,0.0578036033365334,4.70577559210548,Antidote,Williamsburg,Chinese,NYC,ChIJN7sVKcJZwokRZp59H74tSFg,"66 S 2nd St, Brooklyn, NY 11249",4.8,2080.0,https://komriwzkkknrsirifgqg.supabase.co/storage/v1/object/public/restaurant-photos/r_628803.jpg,https://www.google.com/maps/search/?api=1&query=Antidote&query_place_id=ChIJN7sVKcJZwokRZp59H74tSFg,,40.7142531,-73.9654481,5.146,0.9014423076923076,10.0,0.0149038461538461,0.8865384615384615,2080.0,2782.0,1.0,10.0,11249.0,0.72,0.3611111111111111,0.0277777777777777,0.5833333333333334,0.0277777777777777,13.0,442.8888888888889,0.6064117633971791,(833) 998-8711,http://antidoteny.com/,"[{""day"": ""Monday"", ""hours"": ""12:15 to 10\u202fPM""}, {""day"": ""Tuesday"", ""hours"": ""12:15 to 10\u202fPM""}, {""day"": ""Wednesday"", ""hours"": ""12:15 to 10\u202fPM""}, {""day"": ""Thursday"", ""hours"": ""12:15 to 10\u202fPM""}, {""day"": ""Friday"", ""hours"": ""12:15 to 10\u202fPM""}, {""day"": ""Saturday"", ""hours"": ""12:15 to 10\u202fPM""}, {""day"": ""Sunday"", ""hours"": ""12:15 to 10\u202fPM""}]","[""https://lh3.googleusercontent.com/gps-cs-s/AHVAwepGA4M7kGNmhz30fdASO4XHnOSGh8I_k5jdzScTZqc29p1ftJjA93KO4PWemnXLZgevWwPWrW0FMCboKHsMLnKAgNRCg3g5iY2F4ocBCs-T7sjYaVQytgwCY_MlI8pNvtxq5MmKBg=w1920-h1080-k-no""]","[{""text"": ""Sat at the bar, great food. Will be coming back"", ""rating"": 5, ""author"": ""Gio"", ""published"": ""2 days ago""}, {""text"": ""Mapo lunch is delicious, especially with cucumber"", ""rating"": 5, ""author"": ""Tammy Tarng"", ""published"": ""a month ago""}, {""text"": ""Absolutely stunning experience at Antidote. The atmosphere was amazing, service and food were unbelievable."", ""rating"": 5, ""author"": ""Kristin Woo"", ""published"": ""5 days ago""}]",Local Favorite,"{""standout_dishes"": [""Shredded duck fried rice"", ""Crab tofu"", ""Crispy ribs"", ""Caramelized eggplant"", ""Cucumber salad"", ""Kung pao shrimp or chicken""], ""vibe_and_service"": [""Stylish, intimate, plant-filled space that works well for date nights and group dinners"", ""Warm, attentive staff who give good menu and drink recommendations"", ""Live jazz adds energy, though it can get loud enough that you talk a bit louder""], ""wait_time_note"": null}"
r_004586,50.0,0.2711494081261204,0.02,0.78,4.948367949254427,4.936886927838347,0.0,4.948367949254427,Gyu-Kaku Japanese BBQ,Midtown East,Japanese,NYC,ChIJszmN0-JYwokRk-XCDbO6X_Y,"805 3rd Ave #2, New York, NY 10022",4.5,3486.0,https://komriwzkkknrsirifgqg.supabase.co/storage/v1/object/public/restaurant-photos/r_004586.jpg,https://www.google.com/maps/search/?api=1&query=Gyu-Kaku%20Japanese%20BBQ&query_place_id=ChIJszmN0-JYwokRk-XCDbO6X_Y,75.0,40.7555178,-73.9704168,1.311,0.7237521514629949,10.0,0.033849684452094,0.6899024670109007,3486.0,2887.0,1.0,5.0,10022.0,0.8,0.125,0.0,0.375,0.025,5.0,114.85,0.605962965470582,(212) 702-8816,https://www.gyu-kaku.com/midtown/,"[{""day"": ""Monday"", ""hours"": ""11\u202fAM to 10\u202fPM""}, {""day"": ""Tuesday"", ""hours"": ""11\u202fAM to 10\u202fPM""}, {""day"": ""Wednesday"", ""hours"": ""11\u202fAM to 10\u202fPM""}, {""day"": ""Thursday"", ""hours"": ""11\u202fAM to 10\u202fPM""}, {""day"": ""Friday"", ""hours"": ""11\u202fAM to 11\u202fPM""}, {""day"": ""Saturday"", ""hours"": ""11\u202fAM to 11\u202fPM""}, {""day"": ""Sunday"", ""hours"": ""11\u202fAM to 10\u202fPM""}]","[""https://lh3.googleusercontent.com/gps-cs-s/AHVAwepC2AlV-a89TiKsSwUHCLZQKNqIAeAfKSrXEw9-9wqhZGWCW9jjHeHJbRL_uH17t8Zgke_2mqHCp4wsSF2J_eTjyclqw1FBGNtINw2MPuYvzv5AAOM_--RQiyAE5VCroO6ie0yMXA=w1920-h1080-k-no""]","[{""text"": ""Great food with lunch specials.  Server Jennifer E was friendly and attentive.  Great experience again!"", ""rating"": 5, ""author"": ""David H"", ""published"": ""a month ago""}, {""text"": ""I love this place! They have a good happy hour, they let you cook the meat yourself, and the s\u2019more\u2019s are a great dessert. Service may vary if they\u2019re busy, but Babisha went out of her way and was very attentive!"", ""rating"": 5, ""author"": ""Alexandra T"", ""published"": ""a week ago""}, {""text"": ""Such a wonderful experience! I came with my husband and two little boys and were taken care of by Hira. Drinks and food were amazing and came quickly. Hira took great care of us and made sure our (multiple) orders were put in on time \u2014 like right before the hh cut off, yay! Just a very smooth and warm service and reliably quality meal!"", ""rating"": 5, ""author"": ""Suzy Vang"", ""published"": ""3 weeks ago""}]",Universally Loved,"{""standout_dishes"": [], ""vibe_and_service"": [""Servers get repeated shout-outs for being attentive, friendly, and quick, with several reviews naming Babisha, Jose, Hira, and Yoyo"", ""Happy hour and lunch specials make it good value, and the group set menu for 4 people got high marks"", ""Cooking the meat yourself at the table makes it a fun, interactive meal that works well for birthdays, families with kids, or first-timers""], ""wait_time_note"": null}"
r_b5a5ce,50.0,0.2237991497557766,0.0,0.88,4.616676646620907,4.543658629952832,0.0,4.616676646620907,Bourbon Steak by Michael Mina,Midtown,Steakhouse,NYC,ChIJvbDuO1lZwokRhz97XRAAtHA,"160 Central Park S Suite 1101-62, New York, NY 10019",4.6,419.0,https://komriwzkkknrsirifgqg.supabase.co/storage/v1/object/public/restaurant-photos/r_b5a5ce.jpg,https://www.google.com/maps/search/?api=1&query=Bourbon%20Steak%20by%20Michael%20Mina&query_place_id=ChIJvbDuO1lZwokRhz97XRAAtHA,100.0,40.7662802,-73.9785674,1.092,0.8353221957040573,10.0,0.0334128878281622,0.801909307875895,419.0,719.0,1.0,1.0,10019.0,0.74,0.054054054054054,0.027027027027027,0.8108108108108109,0.081081081081081,2.0,393.4054054054054,0.6055393865047309,(212) 484-5120,https://www.bourbonsteaknyc.com/,"[{""day"": ""Monday"", ""hours"": ""6:30\u202fAM to 1\u202fAM""}, {""day"": ""Tuesday"", ""hours"": ""6:30\u202fAM to 1\u202fAM""}, {""day"": ""Wednesday"", ""hours"": ""6:30\u202fAM to 1\u202fAM""}, {""day"": ""Thursday"", ""hours"": ""6:30\u202fAM to 1\u202fAM""}, {""day"": ""Friday"", ""hours"": ""6:30\u202fAM to 1\u202fAM""}, {""day"": ""Saturday"", ""hours"": ""7\u202fAM to 1\u202fAM""}, {""day"": ""Sunday"", ""hours"": ""7\u202fAM to 1\u202fAM""}]","[""https://lh3.googleusercontent.com/gps-cs-s/AHVAwepIBscMQoVleDna5mKXINWsVN3kmL3SDZIO5t5fwU_TpxBB7YryEobqxB8HvfbeBFskJ9FUNiXPSwY70hCk_gePp3Wj2l18YfN1DvAqjE0TOisCUt_RhPlVJsrEwPXV9xzjQOP2Nw=w1920-h1080-k-no""]","[{""text"": ""Jaaaaaaaaames is the best! Attentive and wonderful service."", ""rating"": 5, ""author"": ""Jalynn Steele"", ""published"": ""a month ago""}, {""text"": ""Great food. Quick service. Loved the appetizers we ordered."", ""rating"": 4, ""author"": ""Arzan Sam Wadia"", ""published"": ""2 months ago""}, {""text"": ""Everything from food to service was very nice and exceptional. Cheese cake was great too."", ""rating"": 5, ""author"": ""Thanit P."", ""published"": ""a week ago""}]",Local Favorite,"{""standout_dishes"": [""Perfectly cooked filet mignon"", ""French onion soup"", ""Basque-style br\u00fbl\u00e9e cheesecake"", ""Flavored fries with dipping sauces""], ""vibe_and_service"": [""Moody, dark-wood speakeasy-style room with a classic steakhouse feel"", ""Attentive, friendly staff who go out of their way for birthdays and anniversaries"", ""Polished, no-corners-cut experience, though expect to spend $100+ per person""], ""wait_time_note"": null}"
r_642f9f,50.0,0.2081234313682241,0.0,0.9,4.414836632983753,4.37084412914702,0.0,4.414836632983753,Loong Ramen,Battery Park City,Chinese,NYC,ChIJ88jmJw9bwokRcr4mCoaTzIA,"21 S End Ave, New York, NY 10280",4.7,143.0,https://komriwzkkknrsirifgqg.supabase.co/storage/v1/object/public/restaurant-photos/r_642f9f.jpg,https://www.google.com/maps/search/?api=1&query=Loong%20Ramen&query_place_id=ChIJ88jmJw9bwokRcr4mCoaTzIA,25.0,40.7080246,-74.0180158,6.198,0.8881118881118881,10.0,0.0349650349650349,0.8531468531468531,143.0,549.0,0.0,5.0,10280.0,0.78,0.2307692307692307,0.1025641025641025,0.4102564102564102,0.1025641025641025,2.25,326.4102564102564,0.605457287349874,(646) 912-9999,http://loongramen.com/,"[{""day"": ""Monday"", ""hours"": ""11\u202fAM to 9\u202fPM""}, {""day"": ""Tuesday"", ""hours"": ""11\u202fAM to 9\u202fPM""}, {""day"": ""Wednesday"", ""hours"": ""11\u202fAM to 9\u202fPM""}, {""day"": ""Thursday"", ""hours"": ""11\u202fAM to 9\u202fPM""}, {""day"": ""Friday"", ""hours"": ""11\u202fAM to 9:30\u202fPM""}, {""day"": ""Saturday"", ""hours"": ""11\u202fAM to 9:30\u202fPM""}, {""day"": ""Sunday"", ""hours"": ""11\u202fAM to 9:30\u202fPM""}]","[""https://lh3.googleusercontent.com/gps-cs-s/AHVAweoYEsGS9FIgY9OZEiLxyv0L7VstTGfaKylqBgVAuGMJZ-98AauKtNSa48Gp3ZQc6gX7Q0m0qfePRPGwJh4-LrMswK31HQuOqkSnwjqnmazlJv1sHK4G6jwT-pxLVmazvSUjNpQ7p3DNefk=w1920-h1080-k-no""]","[{""text"": ""Come here for an awesome selection of ramen!!"", ""rating"": 5, ""author"": ""Arnab Majumdar"", ""published"": ""a week ago""}, {""text"": ""The food is priced very fairly. Bring your date here because they will be impressed."", ""rating"": 5, ""author"": ""Riken Acharya"", ""published"": ""a month ago""}, {""text"": ""Randomly I walked in and tried their rice, it is amazing \ud83e\udd29 very new restaurant with welcoming crew, service is very fast I will definetely come more"", ""rating"": 5, ""author"": ""Deniz Turkyilmaz"", ""published"": ""3 weeks ago""}]",,"{""standout_dishes"": [""Tonkotsu ramen with rich, creamy broth"", ""Soup dumplings (including the spicy ones)""], ""vibe_and_service"": [""Relaxing, cozy atmosphere with waterfront views of the Hudson in Battery Park City"", ""Friendly staff, with a specific shout-out to host Thomas for being kind and accommodating"", ""Beautifully plated dishes and a visual menu that makes ordering easy""], ""wait_time_note"": ""Service can be slow and uneven when it's busy, with reviewers describing waits of 15-25 minutes before being seated or checked on and dishes arriving at different times, so go with some patience.""}"
r_eb2591,30.0,0.2303937927157216,0.0,0.9,4.817821527998215,4.751352649697378,0.0,4.817821527998215,Sushi By Bou - East Village NYC,East Village,Restaurant,NYC,ChIJJVLmplRZwokRfydM9XI41u8,"320 E 11th St, New York, NY 10003",4.8,30.0,https://komriwzkkknrsirifgqg.supabase.co/storage/v1/object/public/restaurant-photos/r_eb2591.jpg,https://www.google.com/maps/search/?api=1&query=Sushi%20By%20Bou%20-%20East%20Village%20NYC&query_place_id=ChIJJVLmplRZwokRfydM9XI41u8,95.0,40.7297817,-73.9853292,3.132,0.9666666666666668,10.0,0.0333333333333333,0.9333333333333332,30.0,37.0,0.0,1.0,10003.0,0.8333333333333334,0.08,0.04,0.76,0.0,2.0,213.28,0.6039017733932885,(888) 670-5996,https://www.sushibybou.com/location/east-village-nyc/,"[{""day"": ""Monday"", ""hours"": ""Closed""}, {""day"": ""Tuesday"", ""hours"": ""Closed""}, {""day"": ""Wednesday"", ""hours"": ""5 to 10\u202fPM""}, {""day"": ""Thursday"", ""hours"": ""5 to 10\u202fPM""}, {""day"": ""Friday"", ""hours"": ""5 to 10\u202fPM""}, {""day"": ""Saturday"", ""hours"": ""5 to 10\u202fPM""}, {""day"": ""Sunday"", ""hours"": ""5 to 10\u202fPM""}]","[""https://lh3.googleusercontent.com/gps-cs-s/AHVAwepQwHQTkXKNBP41JdoitfxIqlh-Ww_W0n9DXmJ4Bs2Y4XajtKRdkPIfAd9bGRI5YiL30RQ9PlcpAK7imF2YRZ2jOPBjVhRjqRdar0yjiLNzVlIPCjzpHmMuU8Rbyo7n0H56AwBpDIYrFBCR=w1920-h1080-k-no""]","[{""text"": ""The design of this venue is great! Karaoke was so much fun!"", ""rating"": 5, ""author"": ""Mark Giraldo"", ""published"": ""4 days ago""}, {""text"": ""Everything was delicious\nAnd karaoke room downstairs is a fun place\nSpent 3h singing karaoke \ud83c\udfa4"", ""rating"": 5, ""author"": ""egor C"", ""published"": ""2 weeks ago""}, {""text"": ""Amazing experience!! The sushi was delicious and so fresh. Hands down to the best Omakase ever"", ""rating"": 5, ""author"": ""virgie cruz"", ""published"": ""a month ago""}]",Hidden Gem,"{""standout_dishes"": [], ""vibe_and_service"": [""A hidden karaoke room with retro rock memorabilia makes it a fun, one-of-a-kind spot for dates or groups of friends"", ""The 22-course omakase for about $60 is a strong value for the area"", ""Chefs and bartenders get named for being attentive and creative, including Ryan, Htike, and Mike on cocktails""], ""wait_time_note"": null}"
r_2ab317,50.0,0.2242774907235621,0.0,0.86,4.770260111725017,4.705468757698308,0.0,4.770260111725017,WEST10WEST,West Village,American,NYC,ChIJwy2dHvJZwokRcAXCKKlZEk8,"242 W 10th St Storefront 2, New York, NY 10014",4.8,300.0,https://komriwzkkknrsirifgqg.supabase.co/storage/v1/object/public/restaurant-photos/r_2ab317.jpg,https://www.google.com/maps/search/?api=1&query=WEST10WEST&query_place_id=ChIJwy2dHvJZwokRcAXCKKlZEk8,55.0,40.7336769,-74.0057112,3.2,0.9333333333333332,10.0,0.0266666666666666,0.9066666666666666,300.0,309.0,0.0,8.0,10014.0,0.92,0.1304347826086956,0.0,0.6086956521739131,0.108695652173913,6.0,218.5652173913044,0.603294826064396,(201) 305-9628,http://www.west10west.com/,"[{""day"": ""Monday"", ""hours"": ""5 to 11\u202fPM""}, {""day"": ""Tuesday"", ""hours"": ""5 to 11\u202fPM""}, {""day"": ""Wednesday"", ""hours"": ""5 to 11\u202fPM""}, {""day"": ""Thursday"", ""hours"": ""5 to 11\u202fPM""}, {""day"": ""Friday"", ""hours"": ""5 to 11\u202fPM""}, {""day"": ""Saturday"", ""hours"": ""12 to 11\u202fPM""}, {""day"": ""Sunday"", ""hours"": ""12 to 11\u202fPM""}]","[""https://lh3.googleusercontent.com/gps-cs-s/AHVAweq9DCHYOPKwoqrfh5wAYWj5hIDmhQtzYlQ3-gRVBh-3BDTswK2Ukud0k5Ik7CZCGbBgScmrNniNj0LJ7u9ggW9vSvGPxnlpEiuyv29CDT1FRXqHpb5ZxBuOPfckjH2umtvbdFJxGA=w1920-h1080-k-no""]","[{""text"": ""Quaint wine bar in the heart of west village."", ""rating"": 5, ""author"": ""Lionel"", ""published"": ""4 months ago""}, {""text"": ""Every dish was delicious and so flavorful, and our server was the best"", ""rating"": 5, ""author"": ""Elisa Burguera"", ""published"": ""Edited 4 months ago""}, {""text"": ""Super, super cozy tiny spot, perf for date night, the food is fun and interesting."", ""rating"": 4, ""author"": ""Alex B"", ""published"": ""3 months ago""}]",Local Favorite,"{""standout_dishes"": [], ""vibe_and_service"": [""Tiny, cozy, romantic spot that's great for date night, with two-person booths and a beautiful room"", ""Warm, knowledgeable, friendly staff and bartenders who really get into the natural wines and low-alcohol cocktails"", ""Creative small plates and an interesting curated wine list make it a good place to linger""], ""wait_time_note"": null}"
r_19779c,50.0,0.1818182520362346,0.0,0.94,4.338092212598501,4.389312846040639,0.0512206334421376,4.312481895877433,Carmine's - Upper West Side,Upper West Side,Italian,NYC,ChIJrXva_oJYwokROtv_EdGJgH0,"2450 Broadway, New York, NY 10024",4.4,7024.0,https://komriwzkkknrsirifgqg.supabase.co/storage/v1/object/public/restaurant-photos/r_19779c.jpg,https://www.google.com/maps/search/?api=1&query=Carmine's%20-%20Upper%20West%20Side&query_place_id=ChIJrXva_oJYwokROtv_EdGJgH0,,40.7911087,-73.9739812,3.803,0.7132687927107062,10.0,0.0464123006833713,0.6668564920273349,7024.0,5960.0,1.0,6.0,10024.0,0.8,0.2,0.225,0.25,0.525,0.8888888888888888,441.725,0.6028471621897759,(212) 362-2200,https://carminesnyc.com/locations/upper-west-side,"[{""day"": ""Monday"", ""hours"": ""11:30\u202fAM to 10\u202fPM""}, {""day"": ""Tuesday"", ""hours"": ""11:30\u202fAM to 10\u202fPM""}, {""day"": ""Wednesday"", ""hours"": ""11:30\u202fAM to 10\u202fPM""}, {""day"": ""Thursday"", ""hours"": ""11:30\u202fAM to 10\u202fPM""}, {""day"": ""Friday"", ""hours"": ""11:30\u202fAM to 11\u202fPM""}, {""day"": ""Saturday"", ""hours"": ""11:30\u202fAM to 11\u202fPM""}, {""day"": ""Sunday"", ""hours"": ""11:30\u202fAM to 10\u202fPM""}]","[""https://lh3.googleusercontent.com/gps-cs-s/AHVAwerPUTMELZlqOKkr4v_My6VmiHR1CJwGu9GQLXXyVFjvhyTHltceXbN1sJkUYjSfTgBoKO6AxJdGoPeePb9gEDsW7dhJBF539HNIJYuIlhOD14wr2skyy--KzvRJ49g54BoRfQ0P=w1920-h1080-k-no""]","[{""text"": ""It's family style so share and enjoy the great food!!!!"", ""rating"": 5, ""author"": ""paul materasso"", ""published"": ""2 weeks ago""}, {""text"": ""One of our favorite Italian places to visit in the city"", ""rating"": 5, ""author"": ""Todd Roberts"", ""published"": ""a month ago""}, {""text"": ""Great experience amd service! Huge portions! My first time was memorable!"", ""rating"": 5, ""author"": ""Kevin H."", ""published"": ""a month ago""}]",,"{""standout_dishes"": [""Calamari, praised for the squid itself"", ""Spaghetti and meatballs"", ""Pasta dishes, cooked well and full of flavor""], ""vibe_and_service"": [""Family-style portions that are huge and easy to share, great for groups and families"", ""Attentive, friendly, professional staff"", ""Lively, warm atmosphere that suits celebrations and birthdays""], ""wait_time_note"": null}"
r_b83ea1,100.0,0.2951842101666577,0.04,0.71,4.649826908678324,4.735201118776405,0.085374210098081,4.607139803629283,Macosa Trattoria,Bedford-Stuyvesant,Italian,NYC,ChIJS-vA-dRbwokRH3li5S8p6HM,"310 Tompkins Ave, Brooklyn, NY 11216",4.6,444.0,https://komriwzkkknrsirifgqg.supabase.co/storage/v1/object/public/restaurant-photos/r_b83ea1.jpg,https://www.google.com/maps/search/?api=1&query=Macosa%20Trattoria&query_place_id=ChIJS-vA-dRbwokRH3li5S8p6HM,40.0,40.687296,-73.9448443,8.575,0.8198198198198198,10.0,0.0382882882882882,0.7815315315315315,444.0,235.0,1.0,1.0,11216.0,0.72,0.3611111111111111,0.0833333333333333,0.5,0.1666666666666666,4.333333333333333,179.91666666666666,0.6021867643683914,,https://www.macosanyc.com/,"[{""day"": ""Monday"", ""hours"": ""5 to 10\u202fPM""}, {""day"": ""Tuesday"", ""hours"": ""5 to 10\u202fPM""}, {""day"": ""Wednesday"", ""hours"": ""5 to 10\u202fPM""}, {""day"": ""Thursday"", ""hours"": ""5 to 10\u202fPM""}, {""day"": ""Friday"", ""hours"": ""5 to 11\u202fPM""}, {""day"": ""Saturday"", ""hours"": ""5 to 11\u202fPM""}, {""day"": ""Sunday"", ""hours"": ""5 to 10\u202fPM""}]","[""https://lh3.googleusercontent.com/gps-cs-s/AHVAweqrgm_v-SvWzooI513aXpW7tjNs4iaea5m0-dZtYqmn-RPCa1cDjHoV4rknO6jrmht5DknLhwwFhhnSyvsrfdsuF0zln8oevObyUs8L4RE1i_B4I-v5LA2T93cs3b17yMK3YNQ8Fw=w1920-h1080-k-no""]","[{""text"": ""This place is delicious and always a great vibe."", ""rating"": 5, ""author"": ""Carl Romanos"", ""published"": ""3 months ago""}, {""text"": ""Great atmosphere and you have to try the oxtail ragu!!"", ""rating"": 5, ""author"": ""Alex"", ""published"": ""5 months ago""}, {""text"": ""Nice, cozy restaurant. The food and ambience were perfect"", ""rating"": 5, ""author"": ""Nick Moffitt"", ""published"": ""4 months ago""}]",Local Favorite,"{""standout_dishes"": [""Oxtail ragu"", ""Oxtail risotto"", ""Wild boar ragu"", ""Seafood and frutti di mare starters""], ""vibe_and_service"": [""Cozy, intimate, warm setting that works well for a date night"", ""Service is fast, friendly, and attentive, with one reviewer praising their waitress"", ""Authentic, seasonal Italian with a small menu at affordable prices, plus strong drinks like the negronis""], ""wait_time_note"": ""Reservations are a good idea, since one reviewer only got a table on a busy Saturday night thanks to a cancelation and another urged making a reservation.""}"
r_688e9d,50.0,0.250083647727166,0.0,0.8,4.202654677859591,4.30579327712602,0.1031385992664297,4.151085378226376,Ann & Tony’s Restaurant,Belmont,Italian,NYC,ChIJf5gfuYD0wokRpIa9duwFG5k,"2407 Arthur Ave, Bronx, NY 10458",4.4,427.0,https://komriwzkkknrsirifgqg.supabase.co/storage/v1/object/public/restaurant-photos/r_688e9d.jpg,https://www.google.com/maps/search/?api=1&query=Ann%20%26%20Tony%E2%80%99s%20Restaurant&query_place_id=ChIJf5gfuYD0wokRpIa9duwFG5k,25.0,40.85586,-73.887596,13.684,0.7423887587822015,9.566666666666666,0.0702576112412178,0.6721311475409836,427.0,520.0,1.0,1.0,10458.0,0.72,0.0833333333333333,0.0833333333333333,0.4722222222222222,0.0555555555555555,1.0,217.8333333333333,0.602164108685054,(718) 933-1469,http://www.annandtonysonline.com/,"[{""day"": ""Monday"", ""hours"": ""Closed""}, {""day"": ""Tuesday"", ""hours"": ""12 to 9\u202fPM""}, {""day"": ""Wednesday"", ""hours"": ""12 to 9\u202fPM""}, {""day"": ""Thursday"", ""hours"": ""12 to 9\u202fPM""}, {""day"": ""Friday"", ""hours"": ""12 to 10\u202fPM""}, {""day"": ""Saturday"", ""hours"": ""12 to 10\u202fPM""}, {""day"": ""Sunday"", ""hours"": ""12 to 8\u202fPM""}]","[""https://lh3.googleusercontent.com/gps-cs-s/AHVAwepePGWoT0y95Iam28pxungsIJUHHPf6fGI6hqqonZ_LR_HVCMn8GT2EtVokoY171AxIt6WrRM4G6ygPfQfswmnxHbgGFBEZjlIcDivvtjmtw_t2K9WVog4lA_BtZtAq6rLpyuTz=w1920-h1080-k-no""]","[{""text"": ""Delicious food!!!!\nRigatoni vodka - 10++++"", ""rating"": 5, ""author"": ""Lauren Nichols"", ""published"": ""6 months ago""}, {""text"": ""Food was hot and great for the first time visit."", ""rating"": 5, ""author"": ""George Wong"", ""published"": ""2 months ago""}, {""text"": ""Great food awesome people feels like your part of the family in there .. get the chicken alfredo too"", ""rating"": 5, ""author"": ""Vann Berg"", ""published"": ""10 months ago""}]",,"{""standout_dishes"": [""Veal dishes (veal parmesan, tender and plentiful)"", ""Eggplant parmigiana"", ""Chicken Alfredo"", ""Chicken parm and chicken Marsala""], ""vibe_and_service"": [""Attentive, polite, friendly wait staff and a welcoming owner/chef"", ""Big portions, so nobody leaves hungry"", ""Old-school, family-run feel in the heart of Little Italy on Arthur Ave""], ""wait_time_note"": ""Reviews mention being seated right away and getting quick service, and a couple of visits found the place fairly empty, so you probably won't wait long.""}"
r_a7e490,50.0,0.1906152914971541,0.0,0.92,4.65772215538879,4.586406062086804,0.0,4.65772215538879,Trattoria Oliveto,Dongan Hills,Restaurant,NYC,ChIJeTH_eNtPwokRbKsybZ5ySz8,"1642 Hylan Blvd, Staten Island, NY 10305",4.7,145.0,https://komriwzkkknrsirifgqg.supabase.co/storage/v1/object/public/restaurant-photos/r_a7e490.jpg,https://www.google.com/maps/search/?api=1&query=Trattoria%20Oliveto&query_place_id=ChIJeTH_eNtPwokRbKsybZ5ySz8,75.0,40.5884597,-74.0900654,20.812,0.903448275862069,10.0,0.0344827586206896,0.8689655172413793,145.0,180.0,1.0,1.0,10305.0,0.78,0.2051282051282051,0.0256410256410256,0.6666666666666666,0.1282051282051282,8.0,225.6153846153846,0.6019744456845845,(347) 466-5556,https://olivetonyc.com/,"[{""day"": ""Monday"", ""hours"": ""12 to 9\u202fPM""}, {""day"": ""Tuesday"", ""hours"": ""Closed""}, {""day"": ""Wednesday"", ""hours"": ""12 to 9:30\u202fPM""}, {""day"": ""Thursday"", ""hours"": ""12 to 9:30\u202fPM""}, {""day"": ""Friday"", ""hours"": ""12 to 10\u202fPM""}, {""day"": ""Saturday"", ""hours"": ""12 to 10\u202fPM""}, {""day"": ""Sunday"", ""hours"": ""1 to 9\u202fPM""}]","[""https://lh3.googleusercontent.com/gps-cs-s/AHVAweo0Yc-XtMZwfEnDeLnfPb23noHG-YrJKJ4iV0GzOW5v89-AweiYTS6I3PLIRqq8IRMYgtE3g_3dqI_uDvF5PEc2Pq7R1Wbb_GpnBWp08jASVdPtEAoo6iFkdEz2fug6bHb7kcgQ=w1920-h1080-k-no""]","[{""text"": ""Great neighborhood place with excellent food."", ""rating"": 5, ""author"": ""PETER ATTINA"", ""published"": ""a month ago""}, {""text"": ""We loved the food, service and atmosphere,   very intimate cozy setting."", ""rating"": 4, ""author"": ""Frank Abbaticchio"", ""published"": ""a year ago""}, {""text"": ""Definitely lovely place. Everything were great. Just the foods too salty."", ""rating"": 4, ""author"": ""Kary Peng"", ""published"": ""4 months ago""}]",Local Favorite,"{""standout_dishes"": [""Linguine with clams or marinara"", ""Penne alla vodka"", ""Baked clams""], ""vibe_and_service"": [""Attentive, friendly service that keeps water filled and makes you feel looked after"", ""Cozy, intimate, family-run feel with the owner stopping by tables"", ""Roomy and clean, with easy parking, and handles big groups and celebrations well""], ""wait_time_note"": null}"
r_85b0d0,50.0,0.208694010519031,0.0,0.88,4.852616226644331,4.8366726765991634,0.0,4.852616226644331,Tequila Restaurant,Bay Ridge,Mexican,NYC,ChIJiVO74zdFwokRC8Sbs3siAVs,"8321 5th Ave, Brooklyn, NY 11209",4.9,67.0,https://komriwzkkknrsirifgqg.supabase.co/storage/v1/object/public/restaurant-photos/r_85b0d0.jpg,https://www.google.com/maps/search/?api=1&query=Tequila%20Restaurant&query_place_id=ChIJiVO74zdFwokRC8Sbs3siAVs,25.0,40.6229339,-74.0250892,15.365,0.9253731343283582,10.0,0.0149253731343283,0.9104477611940298,67.0,79.0,1.0,1.0,11209.0,0.78,0.5128205128205128,0.0,0.5128205128205128,0.0769230769230769,20.0,200.89743589743588,0.6019119771202687,(347) 578-7461,https://tequilarestaurantny.com/,"[{""day"": ""Monday"", ""hours"": ""10\u202fAM to 9:45\u202fPM""}, {""day"": ""Tuesday"", ""hours"": ""10\u202fAM to 9:45\u202fPM""}, {""day"": ""Wednesday"", ""hours"": ""10\u202fAM to 9:45\u202fPM""}, {""day"": ""Thursday"", ""hours"": ""10\u202fAM to 9:45\u202fPM""}, {""day"": ""Friday"", ""hours"": ""10\u202fAM to 10:45\u202fPM""}, {""day"": ""Saturday"", ""hours"": ""10\u202fAM to 10:45\u202fPM""}, {""day"": ""Sunday"", ""hours"": ""10\u202fAM to 10:45\u202fPM""}]","[""https://lh3.googleusercontent.com/gps-cs-s/AHVAwerPaO9mwV88--cQH32ae5JFjJOH3bSHjYGt-jKmMNIfEJ9qn3WoSPzoffHfv69rzkJ0-3444P3RGU8608oRxitjIQhIydqWi152GhNRjAMrDcPVF1FM_gW1TgFjCegPUnj_bq01Uw=w1920-h1080-k-no""]","[{""text"": ""Simply they best Mexican food in Bay Ridge"", ""rating"": 5, ""author"": ""Jesus Aviles"", ""published"": ""2 years ago""}, {""text"": ""Great food and the prices are on point. Also the portions are great!"", ""rating"": 5, ""author"": ""Julian Gerena-Quinones"", ""published"": ""a year ago""}, {""text"": ""Delicious burritos the shrimp and chipotle chicken are our favorites"", ""rating"": 5, ""author"": ""Adam B"", ""published"": ""a year ago""}]",Hidden Gem,"{""standout_dishes"": [""Burritos (shrimp and chipotle chicken)"", ""Chicken fajitas"", ""Rib eye steak""], ""vibe_and_service"": [""Friendly, attentive staff and a peaceful, small-restaurant atmosphere"", ""Food made fresh from scratch and cooked to order, with generous portions for the price"", ""Kid-friendly and accommodating of small or large parties""], ""wait_time_note"": null}"
r_4b267f,50.0,0.247510883423879,0.0,0.84,4.432409393305585,4.442496724174838,0.0100873308692523,4.427365727870959,Rice Thief,Long Island City,Korean,NYC,ChIJnxFt6K5fwokRKBa4WLOwtk0,"39-37 30th St, Long Island City, NY 11101",4.4,378.0,https://komriwzkkknrsirifgqg.supabase.co/storage/v1/object/public/restaurant-photos/r_4b267f.jpg,https://www.google.com/maps/search/?api=1&query=Rice%20Thief&query_place_id=ChIJnxFt6K5fwokRKBa4WLOwtk0,75.0,40.7521036,-73.9343977,4.393,0.8121693121693122,9.964285714285714,0.074074074074074,0.7380952380952381,378.0,755.0,1.0,2.0,11101.0,0.88,0.3181818181818182,0.0454545454545454,0.3409090909090909,0.0681818181818181,7.0,188.8409090909091,0.601470816071654,(917) 832-7108,https://www.instagram.com/ricethief.nyc,"[{""day"": ""Monday"", ""hours"": ""Closed""}, {""day"": ""Tuesday"", ""hours"": ""5 to 10\u202fPM""}, {""day"": ""Wednesday"", ""hours"": ""5 to 10\u202fPM""}, {""day"": ""Thursday"", ""hours"": ""5 to 10\u202fPM""}, {""day"": ""Friday"", ""hours"": ""12 to 10\u202fPM""}, {""day"": ""Saturday"", ""hours"": ""11:30\u202fAM to 10\u202fPM""}, {""day"": ""Sunday"", ""hours"": ""11:30\u202fAM to 10\u202fPM""}]","[""https://lh3.googleusercontent.com/gps-cs-s/AHVAwepfkTiH6rX5J7dyPFNkzOR6-FybYLaMbqgbMO686aBlNOpJqy2HYIGGQsh8ymcgyKjKFOd6S80Sz3MWUTDezvpudmCelJ9FJHYlFptOYKZp7ApWcYGeXvYYlXJEsGvF24N9AjJUTbqsAoCx=w1920-h1080-k-no""]","[{""text"": ""not good but crab was ok didn\u2019t finish anything but the crab"", ""rating"": 3, ""author"": ""lina"", ""published"": ""a day ago""}, {""text"": ""Food, service, and ambiance was amazing! I\u2019d highly recommend!"", ""rating"": 5, ""author"": ""Alyson Ferro"", ""published"": ""5 months ago""}, {""text"": ""Raw marinated crab was very delicious! Staff was also very kind and generous with the banchans. Highly recommend!"", ""rating"": 5, ""author"": ""Nicole Tam"", ""published"": ""3 months ago""}]",,"{""standout_dishes"": [""Soy-marinated crab"", ""Raw marinated crab"", ""Abalone congee"", ""Seafood tower""], ""vibe_and_service"": [""Attentive, kind staff who keep checking in with gloves, fresh plates, rice, and generous banchan refills"", ""Lively, packed room that smells great and works for a special-occasion feast like the seafood tower""], ""wait_time_note"": ""The space is small and reviews mention seating and table-size hiccups even with a reservation, so book ahead, especially for a bigger group.""}"
r_52255e,50.0,0.1817648150691986,0.0,0.96,4.084608115318219,4.1767477422497565,0.0921396269315373,4.0385383018524506,La Masa Restaurant Throggs Neck,East Bronx,Restaurant,NYC,ChIJjVcHjOmLwokRwhnVHsDFuMo,"3399 E Tremont Ave, Bronx, NY 10461",4.3,128.0,https://komriwzkkknrsirifgqg.supabase.co/storage/v1/object/public/restaurant-photos/r_52255e.jpg,https://www.google.com/maps/search/?api=1&query=La%20Masa%20Restaurant%20Throggs%20Neck&query_place_id=ChIJjVcHjOmLwokRwhnVHsDFuMo,25.0,40.833458,-73.8282542,15.773,0.78125,10.0,0.0703125,0.7109375,128.0,174.0,1.0,1.0,10461.0,0.76,0.2105263157894736,0.131578947368421,0.631578947368421,0.2105263157894736,1.6,292.07894736842104,0.5997595875420728,(347) 281-4391,http://la-masa.square.site/,"[{""day"": ""Monday"", ""hours"": ""10\u202fAM to 9\u202fPM""}, {""day"": ""Tuesday"", ""hours"": ""10\u202fAM to 9\u202fPM""}, {""day"": ""Wednesday"", ""hours"": ""10\u202fAM to 9\u202fPM""}, {""day"": ""Thursday"", ""hours"": ""10\u202fAM to 10\u202fPM""}, {""day"": ""Friday"", ""hours"": ""10\u202fAM to 10\u202fPM""}, {""day"": ""Saturday"", ""hours"": ""10\u202fAM to 10\u202fPM""}, {""day"": ""Sunday"", ""hours"": ""10\u202fAM to 9\u202fPM""}]","[""https://lh3.googleusercontent.com/gps-cs-s/AHVAwepZCcdt5LDvsFyXCRhAYCJjtNWGrlNQf9kY8bFAwQJTOZzsYr9EMp-dnKLJJiQboJlx-_AvfY-_CdRcmf7w37aSO9o_d8rHsZhAC72q8El1UWkQqnGycQV9kxro85mWyxm9Pzfc1zNMeChg=w1920-h1080-k-no""]","[{""text"": ""Great for,  a bit pricey,  great service"", ""rating"": 5, ""author"": ""Cesar Pereyra"", ""published"": ""3 months ago""}, {""text"": ""The lunch special menu is my fav; variety and a good deal"", ""rating"": 4, ""author"": ""Cynthia De Jesus"", ""published"": ""5 months ago""}, {""text"": ""Atmosphere, live music, food and servers were so awesome."", ""rating"": 5, ""author"": ""Michele Ruiz Richards"", ""published"": ""7 months ago""}]",,"{""standout_dishes"": [], ""vibe_and_service"": [""Friendly, attentive staff, with servers like Maria and Rosemary singled out for warm service"", ""Lively atmosphere with live music, and a team that handled a 50-person birthday party well"", ""Lunch specials and happy hour deals get called out as good value""], ""wait_time_note"": null}"
r_7a42c0,50.0,0.2628755848495633,0.0,0.8,4.82770971630238,4.708720690162905,0.0,4.82770971630238,iNine Bistro,Port Morris,Deli,NYC,ChIJwSbhU1j1wokR15Mc9bFPbuI,"53 Bruckner Blvd, Bronx, NY 10454",4.4,455.0,https://komriwzkkknrsirifgqg.supabase.co/storage/v1/object/public/restaurant-photos/r_7a42c0.jpg,https://www.google.com/maps/search/?api=1&query=iNine%20Bistro&query_place_id=ChIJwSbhU1j1wokR15Mc9bFPbuI,25.0,40.8067311,-73.9267094,7.364,0.7978021978021979,10.0,0.0725274725274725,0.7252747252747253,455.0,653.0,1.0,10.0,10454.0,0.7,0.1714285714285714,0.1142857142857142,0.6285714285714286,0.0857142857142857,1.5,297.42857142857144,0.5997278033036241,(929) 265-9682,https://ininebistro.com/,"[{""day"": ""Monday"", ""hours"": ""4\u202fPM to 12\u202fAM""}, {""day"": ""Tuesday"", ""hours"": ""4\u202fPM to 12\u202fAM""}, {""day"": ""Wednesday"", ""hours"": ""3\u202fPM to 12\u202fAM""}, {""day"": ""Thursday"", ""hours"": ""3\u202fPM to 12\u202fAM""}, {""day"": ""Friday"", ""hours"": ""3\u202fPM to 2\u202fAM""}, {""day"": ""Saturday"", ""hours"": ""12\u202fPM to 2\u202fAM""}, {""day"": ""Sunday"", ""hours"": ""12 to 11\u202fPM""}]","[""https://lh3.googleusercontent.com/gps-cs-s/AHVAweowd_AdTJ1PSN-Ch0HuEgR34sNzUE_hkDXMR4KRanJsZ-1Z9ciAR4S45BIsOx1Kc_6huEiXrJ_YkRy8XzfeRp5Hektr6qFNEJ8RwEHit0wGzzgTD6GhTVEioR0LEV9JS0O5PMqg=w1920-h1080-k-no""]","[{""text"": ""Amazing experience, great food, great atmosphere, nice staff and amazing drinks."", ""rating"": 5, ""author"": ""Paulette Young"", ""published"": ""2 weeks ago""}, {""text"": ""Salima was our waitress and she was very kind!\n\nFood was great and I left sleepy because of the good portions too!"", ""rating"": 5, ""author"": ""Angelina Curet"", ""published"": ""3 months ago""}, {""text"": ""We had a great experience. Sali & Joelvis were very hospitable and made sure we were well taken care of. Thank you !! We will be back"", ""rating"": 5, ""author"": ""Jazlyn Aleah"", ""published"": ""3 months ago""}]",Local Favorite,"{""standout_dishes"": [""Rum punch and cocktails"", ""Brunch with unlimited mimosas""], ""vibe_and_service"": [""Attentive, friendly staff, with Salimata, Joelvis, and Nate called out by name"", ""Great music, lively atmosphere, and a hookah area that's well ventilated"", ""Good for brunch, birthdays, and groups of friends""], ""wait_time_note"": null}"
r_646fb1,100.0,0.2670383432419842,0.02,0.78,4.556454368313731,4.697724557185908,0.141270188872177,4.485819273877643,Bou'ote,Crown Heights,Restaurant,NYC,ChIJRw5kdnpbwokRvQdxQHCT_Po,"302 Troy Ave, Brooklyn, NY 11213",4.6,188.0,https://komriwzkkknrsirifgqg.supabase.co/storage/v1/object/public/restaurant-photos/r_646fb1.jpg,https://www.google.com/maps/search/?api=1&query=Bou'ote&query_place_id=ChIJRw5kdnpbwokRvQdxQHCT_Po,40.0,40.6687162,-73.9369127,10.737,0.9308510638297872,10.0,0.0744680851063829,0.8563829787234043,188.0,180.0,1.0,2.0,11213.0,0.72,0.1944444444444444,0.0,0.5,0.0833333333333333,7.0,209.8333333333333,0.5993402954514303,(347) 365-6359,https://instagram.com/bou_ote?igshid=YmMyMTA2M2Y=,"[{""day"": ""Monday"", ""hours"": ""9\u202fAM to 4\u202fPM""}, {""day"": ""Tuesday"", ""hours"": ""9\u202fAM to 4\u202fPM""}, {""day"": ""Wednesday"", ""hours"": ""9\u202fAM to 4\u202fPM""}, {""day"": ""Thursday"", ""hours"": ""9\u202fAM to 4\u202fPM""}, {""day"": ""Friday"", ""hours"": ""9\u202fAM to 2\u202fPM""}, {""day"": ""Saturday"", ""hours"": ""Closed""}, {""day"": ""Sunday"", ""hours"": ""9\u202fAM to 4\u202fPM""}]","[""https://lh3.googleusercontent.com/gps-cs-s/AHVAwerDJE8kGxp1Osu3F37HKGHJEXWNijwSccxVn_bqD4UtCtxXZNTTGypUQC0w9UqiTI-ORHwx_DNOIY89hqNcDu-GIb5VrG002oR8WLMxIwTelOWosdtXeGlAKUaYF53JLEBCpmqO=w1920-h1080-k-no""]","[{""text"": ""Super nice staff. Very patient with kids"", ""rating"": 5, ""author"": ""Jonathan Polak"", ""published"": ""a year ago""}, {""text"": ""Definitely the best food in crown heights."", ""rating"": 5, ""author"": ""Dvorah Leah"", ""published"": ""4 months ago""}, {""text"": ""Creative menu, executed very well\nCozy, friendly"", ""rating"": 5, ""author"": ""Mark B"", ""published"": ""a year ago""}]",,"{""standout_dishes"": [""Savory babka"", ""Maryuma (matbucha-style shakshuka)"", ""Chocolate babka""], ""vibe_and_service"": [""The owner is hands-on and friendly, chatting about each dish and caring a lot about quality"", ""Cozy, transporting decor that feels like old Europe, with a warm welcoming staff patient with kids""], ""wait_time_note"": null}"
r_938339,50.0,0.2077377574576766,0.0,0.88,4.934309679374814,4.891003716358432,0.0,4.934309679374814,RYNN Thai Restaurant & Bar,East Village,Thai,NYC,ChIJ-zI-4PJZwokR4_xle0aFCIk,"309 E 5th St, New York, NY 10003",4.9,750.0,https://komriwzkkknrsirifgqg.supabase.co/storage/v1/object/public/restaurant-photos/r_938339.jpg,https://www.google.com/maps/search/?api=1&query=RYNN%20Thai%20Restaurant%20%26%20Bar&query_place_id=ChIJ-zI-4PJZwokR4_xle0aFCIk,40.0,40.7268045,-73.9882662,3.471,0.916,10.0,0.008,0.908,750.0,1058.0,1.0,5.0,10003.0,0.84,0.3333333333333333,0.0238095238095238,0.6666666666666666,0.0476190476190476,14.0,233.97619047619048,0.5986078428726582,(646) 922-8558,https://www.rynnnyc.com/,"[{""day"": ""Monday"", ""hours"": ""12 to 4\u202fPM, 5 to 10\u202fPM""}, {""day"": ""Tuesday"", ""hours"": ""12 to 4\u202fPM, 5 to 10\u202fPM""}, {""day"": ""Wednesday"", ""hours"": ""12 to 4\u202fPM, 5 to 10\u202fPM""}, {""day"": ""Thursday"", ""hours"": ""12 to 4\u202fPM, 5 to 10\u202fPM""}, {""day"": ""Friday"", ""hours"": ""12 to 4\u202fPM, 5 to 10\u202fPM""}, {""day"": ""Saturday"", ""hours"": ""12 to 4\u202fPM, 5 to 10\u202fPM""}, {""day"": ""Sunday"", ""hours"": ""12 to 4\u202fPM, 5 to 10\u202fPM""}]","[""https://lh3.googleusercontent.com/gps-cs-s/AHVAweryqpV13Vatz4WtCJpmilrEkW7525mqd-Z1Qkt04JcBjlfEoN3QUzVOkHTEUPnC8Nocm_CwC8Uak5GkYWPYJOimLsXDmGrbTXM3jPZQ7GOrEKpVgSSgxMEY498m7K-JDYyn8pprqrWMRegU=w1920-h1080-k-no""]","[{""text"": ""great, fast service! the wok dishes were so good"", ""rating"": 5, ""author"": ""Gilad Levy"", ""published"": ""a month ago""}, {""text"": ""Not bad, I love the presentation and the flavours."", ""rating"": 4, ""author"": ""Grace Bian"", ""published"": ""a month ago""}, {""text"": ""Great service, fantastic food and the right amount of heat"", ""rating"": 5, ""author"": ""Matt H"", ""published"": ""3 weeks ago""}]",Local Favorite,"{""standout_dishes"": [""Strawberry salad"", ""Duck curry"", ""Pad see ew"", ""Ribeye""], ""vibe_and_service"": [""Friendly, attentive service comes up in nearly every review, including a staffer juggling ten tables and drinks on time"", ""Cozy, modern room that's comfy and quiet enough to talk, though a couple people found it a bit tight"", ""Fair prices for the quality, plus a lunch special""], ""wait_time_note"": null}"
r_12cde4,50.0,0.1931546450573083,0.0,0.92,4.588216115202108,4.602821001659847,0.0146048864577386,4.580913671973239,Unoriginal Noodles,South Slope,Restaurant,NYC,ChIJqY12QTdbwokRZIHJ_gTdLo8,"687 6th Ave, Brooklyn, NY 11215",4.7,109.0,https://komriwzkkknrsirifgqg.supabase.co/storage/v1/object/public/restaurant-photos/r_12cde4.jpg,https://www.google.com/maps/search/?api=1&query=Unoriginal%20Noodles&query_place_id=ChIJqY12QTdbwokRZIHJ_gTdLo8,25.0,40.6606187,-73.9903469,10.817,0.8532110091743119,10.0,0.0,0.8532110091743119,109.0,77.0,0.0,1.0,11215.0,0.74,0.4864864864864865,0.054054054054054,0.5405405405405406,0.1081081081081081,9.0,369.0810810810811,0.5980565673339548,(347) 422-0232,https://www.unoriginalnoodles.com/,"[{""day"": ""Monday"", ""hours"": ""Closed""}, {""day"": ""Tuesday"", ""hours"": ""Closed""}, {""day"": ""Wednesday"", ""hours"": ""4:30 to 10\u202fPM""}, {""day"": ""Thursday"", ""hours"": ""4:30 to 10\u202fPM""}, {""day"": ""Friday"", ""hours"": ""4:30 to 10\u202fPM""}, {""day"": ""Saturday"", ""hours"": ""4:30 to 10\u202fPM""}, {""day"": ""Sunday"", ""hours"": ""4:30 to 10\u202fPM""}]","[""https://lh3.googleusercontent.com/gps-cs-s/AHVAwep-_f18g1dhIj16XLE5K0C-1nnrS0f8oKQnVel8cGXH1RygTq6Vak30ru5UTjMVfjO5smGxiaQC4F6lkApq7d0DVH5Vei-o8rxhv2UM-kh5i8rndP6HFwDG5tnmR_eJASO4_8HMrw=w1920-h1080-k-no""]","[{""text"": ""Terrific food, personable service. The ramen is delicious!"", ""rating"": 5, ""author"": ""Richard Swanson"", ""published"": ""11 months ago""}, {""text"": ""Arguably the most delicious renovated Taiwan noodle I have had"", ""rating"": 5, ""author"": ""Los Eater No.1"", ""published"": ""7 months ago""}, {""text"": ""Good flavors, but the noodles were a bit overdone. Pleasant staff."", ""rating"": 4, ""author"": ""Jeff Tsang"", ""published"": ""11 months ago""}]",,"{""standout_dishes"": [""Mochi fried tofu"", ""Spicy Taiwanese beef noodle soup"", ""Seafood ramen"", ""Sweet and spicy duck wings""], ""vibe_and_service"": [""The owner is warm and hospitable, chatting with guests and clearly caring about every dish"", ""Comfortable, kid-friendly dining room that works for families, a casual date, or eating solo"", ""Wide menu with plenty of vegan, vegetarian, and gluten-free options, plus a good drink selection""], ""wait_time_note"": null}"
r_10c148,50.0,0.1977378227095693,0.0,0.94,4.629536861058979,4.468072361390707,0.0,4.629536861058979,Nan Xiang Xiao Long Bao,Chelsea,Restaurant,NYC,ChIJ5bXhW_pZwokRS1dCnTWL3WA,"24 W 33rd St, New York, NY 10001",4.7,2550.0,https://komriwzkkknrsirifgqg.supabase.co/storage/v1/object/public/restaurant-photos/r_10c148.jpg,https://www.google.com/maps/search/?api=1&query=Nan%20Xiang%20Xiao%20Long%20Bao&query_place_id=ChIJ5bXhW_pZwokRS1dCnTWL3WA,25.0,40.7482492,-73.9864798,1.086,0.852156862745098,10.0,0.0211764705882352,0.8309803921568627,2550.0,3434.0,1.0,3.0,10001.0,0.68,0.0588235294117647,0.088235294117647,0.3823529411764705,0.1764705882352941,0.6666666666666666,246.5,0.5976997264788868,(212) 970-3888,https://nanxiangxiaolongbao.com/?utm_source=gbp&utm_medium=organic&utm_campaign=ktown,"[{""day"": ""Monday"", ""hours"": ""11\u202fAM to 10:30\u202fPM""}, {""day"": ""Tuesday"", ""hours"": ""11\u202fAM to 10:30\u202fPM""}, {""day"": ""Wednesday"", ""hours"": ""11\u202fAM to 10:30\u202fPM""}, {""day"": ""Thursday"", ""hours"": ""11\u202fAM to 10:30\u202fPM""}, {""day"": ""Friday"", ""hours"": ""11\u202fAM to 11:30\u202fPM""}, {""day"": ""Saturday"", ""hours"": ""10\u202fAM to 11:30\u202fPM""}, {""day"": ""Sunday"", ""hours"": ""10\u202fAM to 10:30\u202fPM""}]","[""https://lh3.googleusercontent.com/gps-cs-s/AHVAweqUZ1FriRPwN5xx3av3yXshDz3rJkq4wPeGHmsobGEWVVUmwHNaCUAtqtFRpEZhLLqZ3OiPEr9Vdw4NR65RECnW3Mqj4KAfUPshgNmg8YxiWsztdCFXsIjZqU2XZNkVBL4WD-T2=w1920-h1080-k-no""]","[{""text"": ""Delicious! Some of the best xiao long bao i've had."", ""rating"": 5, ""author"": ""Jonathan Levene"", ""published"": ""a month ago""}, {""text"": ""The derive and good were good but not out of this world."", ""rating"": 4, ""author"": ""Ann"", ""published"": ""3 weeks ago""}, {""text"": ""Food was great!! Not a long wait time.\nThe soy milk was so delicious"", ""rating"": 5, ""author"": ""\u0633\u062f\u0631\u0627\u0643 \u0627\u0646\u062f\u0631\u0627\u0648\u0633"", ""published"": ""a month ago""}]",Local Favorite,"{""standout_dishes"": [""Classic pork soup dumplings"", ""Chicken soup dumplings"", ""Pork wontons in spicy peanut sauce"", ""Fried rice""], ""vibe_and_service"": [""Staff come across as friendly, kind, and attentive"", ""Food comes out fast and hot"", ""Good value, and sharing family style works well""], ""wait_time_note"": ""Waits seem to vary: about 25 minutes on a Saturday at 5:30pm, a short wait the day before Chinese New Year, but a line around 8:30pm on a busy holiday-week Tuesday.""}"
r_b347ef,50.0,0.2134034109278832,0.0,0.88,4.730151290162478,4.691819964319778,0.0,4.730151290162478,Amaranto,Bushwick,Mexican,NYC,ChIJn85R-Qj7ZUAR8ozeRAybcbY,"887 Hart St, Brooklyn, NY 11237",4.6,638.0,https://komriwzkkknrsirifgqg.supabase.co/storage/v1/object/public/restaurant-photos/r_b347ef.jpg,https://www.google.com/maps/search/?api=1&query=Amaranto&query_place_id=ChIJn85R-Qj7ZUAR8ozeRAybcbY,25.0,40.7031266,-73.9218759,8.145,0.799373040752351,10.0,0.0313479623824451,0.768025078369906,638.0,476.0,1.0,1.0,11237.0,0.76,0.3947368421052631,0.0,0.5789473684210527,0.0526315789473684,15.0,162.76315789473685,0.5952068681357602,(718) 576-6001,http://www.amarantobklyn.com/,"[{""day"": ""Monday"", ""hours"": ""2 to 10\u202fPM""}, {""day"": ""Tuesday"", ""hours"": ""2 to 10\u202fPM""}, {""day"": ""Wednesday"", ""hours"": ""2 to 10\u202fPM""}, {""day"": ""Thursday"", ""hours"": ""2 to 10\u202fPM""}, {""day"": ""Friday"", ""hours"": ""2 to 10\u202fPM""}, {""day"": ""Saturday"", ""hours"": ""12 to 10\u202fPM""}, {""day"": ""Sunday"", ""hours"": ""12 to 10\u202fPM""}]","[""https://lh3.googleusercontent.com/gps-cs-s/AHVAwepbpeKv6oOoRhMvZsdV9aC21WDiHNU1XIBdkCT1PVCQRDnxqw1o6iNhTMVdD0YBO6UqXxLlLu34hFq9YH4qjyRcLZX0Yb2nk3c9R2efhxVN94aSFHcrUJ3yh2uP0O6hohbD-f2F=w1920-h1080-k-no""]","[{""text"": ""Awesome tacos, friendly staff, and good margaritas."", ""rating"": 5, ""author"": ""Derek Hodgson"", ""published"": ""8 months ago""}, {""text"": ""Thomasa Paulina was an amazing server and food was 10/10"", ""rating"": 5, ""author"": ""Pari Patel"", ""published"": ""a week ago""}, {""text"": ""The fish tacos were delicious and the guacamole was so fresh and tasty"", ""rating"": 5, ""author"": ""Dolores C."", ""published"": ""3 months ago""}]",Local Favorite,"{""standout_dishes"": [""Mole sauces (chicken, short rib, enchiladas)"", ""Short rib with mole"", ""Chicken burrito and burrito bowl"", ""Fish tacos and other tacos""], ""vibe_and_service"": [""Warm, cozy, intimate room with a mural and a bar"", ""Friendly owners and staff who make you feel at home"", ""Fairly priced, with generous portions and a gluten-free-friendly menu""], ""wait_time_note"": null}"
r_7785fa,50.0,0.2103987535772142,0.0,0.88,4.749455140085756,4.762809804813068,0.0133546647273119,4.742777807722099,Sunny House,Sheepshead Bay,Restaurant,NYC,ChIJKVABJABFwokRerR4z2-Ow1Q,"1788 Sheepshead Bay Rd, Brooklyn, NY 11235",4.8,239.0,https://komriwzkkknrsirifgqg.supabase.co/storage/v1/object/public/restaurant-photos/r_7785fa.jpg,https://www.google.com/maps/search/?api=1&query=Sunny%20House&query_place_id=ChIJKVABJABFwokRerR4z2-Ow1Q,,40.5840242,-73.9508532,19.535,0.9707112970711296,10.0,0.0418410041841004,0.9288702928870292,239.0,302.0,1.0,1.0,11235.0,0.82,0.6585365853658537,0.0,1.0,0.073170731707317,27.0,275.7073170731707,0.5944011429198249,(347) 462-3383,https://sunnyhouse.nyc/,"[{""day"": ""Monday"", ""hours"": ""12\u202fPM to 12\u202fAM""}, {""day"": ""Tuesday"", ""hours"": ""Closed""}, {""day"": ""Wednesday"", ""hours"": ""12\u202fPM to 12\u202fAM""}, {""day"": ""Thursday"", ""hours"": ""12\u202fPM to 12\u202fAM""}, {""day"": ""Friday"", ""hours"": ""11\u202fAM to 12\u202fAM""}, {""day"": ""Saturday"", ""hours"": ""11\u202fAM to 12\u202fAM""}, {""day"": ""Sunday"", ""hours"": ""11\u202fAM to 12\u202fAM""}]","[""https://lh3.googleusercontent.com/gps-cs-s/AHVAweqdNBHYJZHzD9CjyqUI-MabNCVDax4jnyjZ8VD0IkX3Iys0TcRV884onJL-4e1c3D7YYSzPkxQxMkUVuQQb-_r4bZv4SuVYpQuinatbuIhEh7g7BY0NsHCsu1SUi8EzEAq3VnZ9fg=w1920-h1080-k-no""]","[{""text"": ""Best Georgian food in Brooklyn! Best Khinkalis for sure!"", ""rating"": 5, ""author"": ""Alexandr Kuzmin"", ""published"": ""4 months ago""}, {""text"": ""Just had my wives bday here. Food was great. My Georgian friend said it reminded her of home. Would definitely come back."", ""rating"": 5, ""author"": ""Alex Mandolov"", ""published"": ""5 months ago""}, {""text"": ""Disgusting food disgusting service and if you want to see people fighting all day you should come here. The blonde waitress is rude and nasty and answers back to you thinking that it\u2019s ok."", ""rating"": 1, ""author"": ""Alice Asher"", ""published"": ""a month ago""}]",Local Favorite,"{""standout_dishes"": [""Khinkali (beef and lamb)"", ""Khachapuri (Megrelian and Adjaruli)"", ""Napoleon cake""], ""vibe_and_service"": [""Warm, cozy, home-like atmosphere with friendly, attentive staff (Eka gets a shout-out)"", ""Great for birthdays, parties, and groups, with two dining rooms and live music on weekend evenings"", ""Generous portions at reasonable prices, and the food reminds Georgian diners of home""], ""wait_time_note"": null}"
r_ff4253,50.0,0.1936645440174951,0.02,0.92,4.170362243028016,4.107904065535808,0.0,4.170362243028016,Tènten,Tribeca,Vietnamese,NYC,ChIJb8ADOwBZwokR0g8U1OMjIQQ,"119 Baxter St Unit B, New York, NY 10013",4.4,180.0,https://komriwzkkknrsirifgqg.supabase.co/storage/v1/object/public/restaurant-photos/r_ff4253.jpg,https://www.google.com/maps/search/?api=1&query=T%C3%A8nten&query_place_id=ChIJb8ADOwBZwokR0g8U1OMjIQQ,15.0,40.7179112,-73.9988653,4.593,0.7166666666666667,10.0,0.0333333333333333,0.6833333333333333,180.0,279.0,1.0,1.0,10013.0,0.82,0.4390243902439024,0.4390243902439024,0.1951219512195122,0.2926829268292683,1.0,429.9512195121951,0.5938688593831251,,https://tentennyc.square.site/,"[{""day"": ""Monday"", ""hours"": ""12 to 8\u202fPM""}, {""day"": ""Tuesday"", ""hours"": ""12 to 8\u202fPM""}, {""day"": ""Wednesday"", ""hours"": ""12 to 8\u202fPM""}, {""day"": ""Thursday"", ""hours"": ""12 to 8\u202fPM""}, {""day"": ""Friday"", ""hours"": ""12 to 8\u202fPM""}, {""day"": ""Saturday"", ""hours"": ""12 to 8\u202fPM""}, {""day"": ""Sunday"", ""hours"": ""12 to 8\u202fPM""}]","[""https://lh3.googleusercontent.com/gps-cs-s/AHVAwerkU55FJzjdJt8OOJrPxIz7DtEBUZejjNYvhEazlkA0irt9uy71NKwb27-QzWbQSa9v4KNrUUevQrLVHjS72qDQ2kojAmJewf8fHRk3xiqT74KLs7khkjYccjIBSoS2vHsbrRc6DQ=w1920-h1080-k-no""]","[{""text"": ""Great pho. Northern style so it's not sweet.\ud83e\udd24"", ""rating"": 5, ""author"": ""Alf"", ""published"": ""7 months ago""}, {""text"": ""love the northern Pho. coffee drink and quay are also legit"", ""rating"": 5, ""author"": ""Alexis H\u00e0"", ""published"": ""8 months ago""}, {""text"": ""Their pho broth + lime + chili sauce is so good. I also love their rice noodle."", ""rating"": 5, ""author"": ""Ye Y"", ""published"": ""5 months ago""}]",,"{""standout_dishes"": [""Northern-style pho with clear, unsweet broth"", ""Fried dough sticks (quay) alongside the pho"", ""House favorite #5 pho""], ""vibe_and_service"": [""Small, minimal, no-frills space with only a few tables, so it's better for solo or small parties than big groups"", ""Order and pay at the counter, which keeps things simple and streamlined""], ""wait_time_note"": ""Reviews are mixed: you order at the counter and some say food comes in about 10-15 minutes, while others report waits of 25 minutes or more even when it wasn't full, so allow extra time.""}"
r_db60db,50.0,0.2363524974381919,0.02,0.84,4.728869676415392,4.7172547933893405,0.0,4.728869676415392,Rob's of Brooklyn – Sunset Park,Sunset Park,Pizza,NYC,ChIJQ341AFtbwokRwcwO6IC7Dng,"4201 7th Ave, Brooklyn, NY 11232",4.4,131.0,https://komriwzkkknrsirifgqg.supabase.co/storage/v1/object/public/restaurant-photos/r_db60db.jpg,https://www.google.com/maps/search/?api=1&query=Rob's%20of%20Brooklyn%20%E2%80%93%20Sunset%20Park&query_place_id=ChIJQ341AFtbwokRwcwO6IC7Dng,5.5,40.6467455,-74.0011607,12.421,0.9083969465648856,8.153846153846153,0.099236641221374,0.8091603053435115,131.0,186.0,1.0,1.0,11232.0,0.86,0.627906976744186,0.0232558139534883,0.5116279069767442,0.0232558139534883,27.0,238.7209302325581,0.593797131203349,(347) 599-0179,https://www.robsofbrooklyn.com/,"[{""day"": ""Monday"", ""hours"": ""11\u202fAM to 10\u202fPM""}, {""day"": ""Tuesday"", ""hours"": ""11\u202fAM to 10\u202fPM""}, {""day"": ""Wednesday"", ""hours"": ""11\u202fAM to 10\u202fPM""}, {""day"": ""Thursday"", ""hours"": ""11\u202fAM to 10\u202fPM""}, {""day"": ""Friday"", ""hours"": ""11\u202fAM to 10\u202fPM""}, {""day"": ""Saturday"", ""hours"": ""11\u202fAM to 10\u202fPM""}, {""day"": ""Sunday"", ""hours"": ""11\u202fAM to 10\u202fPM""}]","[""https://lh3.googleusercontent.com/gps-cs-s/AHVAwepIDD84gjCPIPBRpWOyLYDNZ2yFmEzKGy3MaZ4n9juSYZ88vomIXNK-a4Qh-VRFUc0mBVQi5MbrN0mX6091dqEczJCsSwL2V5hylEkovoO2fTvwI9kjg164ceeZWpcnYz6Cvt-31Q=w1920-h1080-k-no""]","[{""text"": ""Good is really good. Nice and crispy pizza. Taste is very good"", ""rating"": 5, ""author"": ""Jeff Lim"", ""published"": ""4 months ago""}, {""text"": ""Vibe isn\u2019t very welcoming. Service without smiles, but pizza tastes better than the surrounding pizzerias. So, I will visit again :/"", ""rating"": 4, ""author"": ""Allisea"", ""published"": ""4 months ago""}, {""text"": ""Pizza bread and the crust is a bit soggy. The taste is OK, not tasty.\nIt is a shame that such a great location does not have a good pizza."", ""rating"": 1, ""author"": ""mitra pedrami"", ""published"": ""Edited 5 days ago""}]",Local Favorite,"{""standout_dishes"": [""Crispy pepperoni pizza"", ""Cheese pie with crunchy crust"", ""Chicken parm dinner"", ""Rigatoni in vodka sauce""], ""vibe_and_service"": [""Old school Brooklyn pizzeria feel, clean and good service"", ""Great location right next to the park"", ""Quick and easy for a fast bite or delivery that arrives piping hot""], ""wait_time_note"": null}"
r_5c282a,50.0,0.1855912954748843,0.0,0.94,4.7866530996711205,4.680253083082831,0.0,4.7866530996711205,Otis,Bushwick,American,NYC,ChIJncjrqQFcwokRZZzyxeY-tlQ,"18 Harrison Pl, Brooklyn, NY 11206",4.8,1050.0,https://komriwzkkknrsirifgqg.supabase.co/storage/v1/object/public/restaurant-photos/r_5c282a.jpg,https://www.google.com/maps/search/?api=1&query=Otis&query_place_id=ChIJncjrqQFcwokRZZzyxeY-tlQ,75.0,40.7060683,-73.93261,7.31,0.8866666666666667,10.0,0.0104761904761904,0.8761904761904762,1050.0,1185.0,0.0,3.0,11206.0,0.8,0.3,0.075,0.425,0.1,4.0,261.975,0.5936957490162638,(646) 886-0601,http://www.otisbk.com/,"[{""day"": ""Monday"", ""hours"": ""Closed""}, {""day"": ""Tuesday"", ""hours"": ""6 to 11\u202fPM""}, {""day"": ""Wednesday"", ""hours"": ""6 to 11\u202fPM""}, {""day"": ""Thursday"", ""hours"": ""6 to 11\u202fPM""}, {""day"": ""Friday"", ""hours"": ""6\u202fPM to 12\u202fAM""}, {""day"": ""Saturday"", ""hours"": ""6\u202fPM to 12\u202fAM""}, {""day"": ""Sunday"", ""hours"": ""6 to 11\u202fPM""}]","[""https://lh3.googleusercontent.com/gps-cs-s/AHVAwerXsDMPeFaqWlVgIfbG0AfsPhozFf0zQ0w9fw-j60wte8RxgJK5FT1WJYQYKX6mvV__3fF-T9ulT8yKLCz-1T0oAL8CZ06ihitM8Dk-g4a8IyTd9CNbLTtp14PL6rAo7Mz_FeKZaQ=w1920-h1080-k-no""]","[{""text"": ""Everything is nice and warm. Welcome from the staffs."", ""rating"": 5, ""author"": ""Lulu Lynn"", ""published"": ""4 months ago""}, {""text"": ""Everything was amazing! The food, the drinks and the atmosphere. I would highly recommend the carrots and the pasta!"", ""rating"": 5, ""author"": ""Elisa H."", ""published"": ""5 months ago""}, {""text"": ""Middle Eastern influenced new American food that is so enjoyable. Price was reasonable given the large portion. Rustic chic vibe and good service."", ""rating"": 5, ""author"": ""Robbin"", ""published"": ""5 months ago""}]",Local Favorite,"{""standout_dishes"": [""Mussels"", ""Pork shoulder pasta with burrata"", ""Roasted beet salad"", ""Burrata appetizer""], ""vibe_and_service"": [""Cozy, dimly lit, warm room that's still easy to talk in even when full"", ""Friendly, attentive waitstaff, including helpful beer recommendations"", ""Generous portions for the price, and comfortable for dates, groups, or even dining solo at the bar""], ""wait_time_note"": ""Two reviews say there's a long gap between courses, so plan on a leisurely meal rather than a quick bite.""}"
r_87d8c3,50.0,0.2265446599840505,0.0,0.82,4.660353803970055,4.453032455633706,0.0,4.660353803970055,Cookerz Blend,Queens Village,Caribbean,NYC,ChIJw8b8QABjwokRosL65hSCUVU,"217-84 Hempstead Ave, Queens Village, NY 11429",4.7,285.0,https://komriwzkkknrsirifgqg.supabase.co/storage/v1/object/public/restaurant-photos/r_87d8c3.jpg,https://www.google.com/maps/search/?api=1&query=Cookerz%20Blend&query_place_id=ChIJw8b8QABjwokRosL65hSCUVU,25.0,40.713879,-73.738638,21.547,0.9052631578947368,10.0,0.031578947368421,0.8736842105263158,285.0,295.0,1.0,3.0,11429.0,0.9,0.1111111111111111,0.0888888888888888,0.4,0.1777777777777777,1.25,238.1555555555556,0.5935895779940451,(718) 749-5367,https://jamaicanrestaurantqueens.com/,"[{""day"": ""Monday"", ""hours"": ""Closed""}, {""day"": ""Tuesday"", ""hours"": ""12 to 9\u202fPM""}, {""day"": ""Wednesday"", ""hours"": ""12 to 9\u202fPM""}, {""day"": ""Thursday"", ""hours"": ""12 to 10\u202fPM""}, {""day"": ""Friday"", ""hours"": ""12 to 11\u202fPM""}, {""day"": ""Saturday"", ""hours"": ""12 to 11\u202fPM""}, {""day"": ""Sunday"", ""hours"": ""12 to 9\u202fPM""}]","[""https://lh3.googleusercontent.com/gps-cs-s/AHVAwerNBlRZIp8Jog58dyFG2i4-6OKHepvNx3I67Wpnq4KGNY5UIYp3A3eHEgIc1rdBKMBvPMXTAGVHQJw-_dIaNxCdzCV-CoyiT-f3-lRoliaXmpAoA70C4Al_2pK5prBDP4Mtxri5=w1920-h1080-k-no""]","[{""text"": ""the food was very mushy and underwhelming"", ""rating"": 2, ""author"": ""Onyinye"", ""published"": ""4 months ago""}, {""text"": ""Customer Service Amazing!! Food So0o Fresh And Delicious!"", ""rating"": 5, ""author"": ""Jennifer R"", ""published"": ""5 months ago""}, {""text"": ""Nice cozy place. Makes me think of a cottage somewhere in England"", ""rating"": 4, ""author"": ""charles gittens"", ""published"": ""3 weeks ago""}]",Local Favorite,"{""standout_dishes"": [""Oxtail with rice and gravy""], ""vibe_and_service"": [""Cozy, family-friendly spot that feels like a little luxury, good for a date night"", ""Friendly, attentive staff, including owner Mo who personally handles the bar, kitchen, and tables"", ""Fair prices and good drinks""], ""wait_time_note"": null}"
r_c8b600,50.0,0.2776306823709994,0.0,0.76,4.929480456456573,4.860983006123298,0.0,4.929480456456573,Saranrom Thai,Elmhurst,Thai,NYC,ChIJUU0Hd95fwokR3tAJqfPpDvs,"81-10 Broadway, Elmhurst, NY 11373",4.8,1218.0,https://komriwzkkknrsirifgqg.supabase.co/storage/v1/object/public/restaurant-photos/r_c8b600.jpg,https://www.google.com/maps/search/?api=1&query=Saranrom%20Thai&query_place_id=ChIJUU0Hd95fwokR3tAJqfPpDvs,,40.7430963,-73.8836867,8.811,0.9039408866995072,10.0,0.0246305418719211,0.8793103448275862,1218.0,2455.0,1.0,2.0,11373.0,0.86,0.3023255813953488,0.0697674418604651,0.4883720930232558,0.0930232558139534,4.333333333333333,170.32558139534885,0.5931014013736373,(347) 808-0545,https://saranromthai.dine.online/,"[{""day"": ""Monday"", ""hours"": ""11:30\u202fAM to 10\u202fPM""}, {""day"": ""Tuesday"", ""hours"": ""11:30\u202fAM to 10\u202fPM""}, {""day"": ""Wednesday"", ""hours"": ""11:30\u202fAM to 10\u202fPM""}, {""day"": ""Thursday"", ""hours"": ""11:30\u202fAM to 10\u202fPM""}, {""day"": ""Friday"", ""hours"": ""11:30\u202fAM to 10\u202fPM""}, {""day"": ""Saturday"", ""hours"": ""11:30\u202fAM to 10\u202fPM""}, {""day"": ""Sunday"", ""hours"": ""11:30\u202fAM to 10\u202fPM""}]","[""https://lh3.googleusercontent.com/gps-cs-s/AHVAweo4fEvK3wDwVoOJ8tCbQFR9kDU-zKBGLTkzba3_xHrsTf3jfFOBhCjWT8rtEx_ke7JXX93harI4UXGLKMei_QLVGekPKEhOqdgifwnjbIUnRZhDJ1TkD8wYi5JARP-p13vAUSk=w1920-h1080-k-no""]","[{""text"": ""Good Thai food with nice service from staff. \u2764\ufe0f"", ""rating"": 5, ""author"": ""Real_Lexus"", ""published"": ""a month ago""}, {""text"": ""Must visit ! Amazing food served and friendly staff"", ""rating"": 5, ""author"": ""Mishel pinto"", ""published"": ""a month ago""}, {""text"": ""I ordered takeout. Love the red curry. Highly recommended."", ""rating"": 5, ""author"": ""Chuck Chiu"", ""published"": ""3 weeks ago""}]",Universally Loved,"{""standout_dishes"": [], ""vibe_and_service"": [""Attentive, friendly staff come up again and again, with one reviewer shouting out their waitress Cream by name"", ""Warm, authentic neighborhood feel with a nicely decorated room, though it's small and a bit cramped"", ""Multi-year Michelin recognition and fair prices for the portions, good for a date or a girls' night""], ""wait_time_note"": ""Walk-ins have been seated right away on a weekday and within about 20 minutes on a busier night, but one reviewer felt the wait wasn't worth the hype.""}"
r_9c88ac,50.0,0.2085926304077786,0.0,0.94,4.81503556165916,4.796037050605483,0.0,4.81503556165916,Rampoldi New York,Upper West Side,Italian,NYC,ChIJ5zTwDLZZwokROfyxbqLtu2I,"49 W 64th St, New York, NY 10023",4.7,391.0,https://komriwzkkknrsirifgqg.supabase.co/storage/v1/object/public/restaurant-photos/r_9c88ac.jpg,https://www.google.com/maps/search/?api=1&query=Rampoldi%20New%20York&query_place_id=ChIJ5zTwDLZZwokROfyxbqLtu2I,100.0,40.7720947,-73.9813502,1.604,0.8900255754475703,10.0,0.0358056265984654,0.8542199488491049,391.0,409.0,0.0,3.0,10023.0,0.9,0.1111111111111111,0.0888888888888888,0.3555555555555555,0.0666666666666666,1.25,250.95555555555555,0.5925251531194522,(212) 799-1000,https://rampoldinyc.com/,"[{""day"": ""Monday"", ""hours"": ""Closed""}, {""day"": ""Tuesday"", ""hours"": ""5 to 10\u202fPM""}, {""day"": ""Wednesday"", ""hours"": ""5 to 10\u202fPM""}, {""day"": ""Thursday"", ""hours"": ""4 to 10\u202fPM""}, {""day"": ""Friday"", ""hours"": ""3 to 10\u202fPM""}, {""day"": ""Saturday"", ""hours"": ""3 to 10\u202fPM""}, {""day"": ""Sunday"", ""hours"": ""3 to 9\u202fPM""}]","[""https://lh3.googleusercontent.com/gps-cs-s/AHVAweqtKhSb95GeYokVIoNAyAfxIPgJBnbgCcdiqqVk038b60ad0RnSNSPWbfxIvKxWI8ivrvfSufP84cIk4A2ouRI2-q7jiDLi7-nXb5B6mnxhVrtJ4ZZqXx13zsckpZ7d7tmdjLrq=w1920-h1080-k-no""]","[{""text"": ""great place, amazing live band (piano & bass)"", ""rating"": 4, ""author"": ""Andres Nitola"", ""published"": ""a month ago""}, {""text"": ""It was a wonderful meal and experience with Milena!"", ""rating"": 5, ""author"": ""Tammara Phillips"", ""published"": ""3 weeks ago""}, {""text"": ""Delicious food, excellent service, in quintessential NYC atmosphere."", ""rating"": 5, ""author"": ""Kyle Gehan"", ""published"": ""3 weeks ago""}]",Local Favorite,"{""standout_dishes"": [], ""vibe_and_service"": [""Beautiful, elegant room with live piano music (some nights with bass) that makes it great for birthdays and special occasions"", ""Attentive, professional service, with servers like David and Milena singled out by name"", ""Pre-theater prix fixe is a good value: three courses for $68, with room between tables so you're not crammed in""], ""wait_time_note"": null}"
r_8f05bb,50.0,0.2249546979024167,0.02,0.88,4.337963752137942,4.418005844766802,0.0800420926288598,4.2979427058235125,SEOUL SALON NYC,Chelsea,Korean,NYC,ChIJqdwhvD5ZwokRMjq-dG4AVm4,"28 W 33rd St, New York, NY 10001",4.5,556.0,https://komriwzkkknrsirifgqg.supabase.co/storage/v1/object/public/restaurant-photos/r_8f05bb.jpg,https://www.google.com/maps/search/?api=1&query=SEOUL%20SALON%20NYC&query_place_id=ChIJqdwhvD5ZwokRMjq-dG4AVm4,,40.7483116,-73.9866244,1.08,0.7607913669064749,10.0,0.0359712230215827,0.7248201438848921,556.0,1467.0,1.0,2.0,10001.0,0.64,0.28125,0.125,0.5,0.25,2.25,369.75,0.5914954938746638,(646) 628-4628,https://seoulsalon.nyc/,"[{""day"": ""Monday"", ""hours"": ""5:30\u202fPM to 12\u202fAM""}, {""day"": ""Tuesday"", ""hours"": ""5:30\u202fPM to 12\u202fAM""}, {""day"": ""Wednesday"", ""hours"": ""5:30\u202fPM to 12\u202fAM""}, {""day"": ""Thursday"", ""hours"": ""5:30\u202fPM to 12\u202fAM""}, {""day"": ""Friday"", ""hours"": ""5\u202fPM to 2\u202fAM""}, {""day"": ""Saturday"", ""hours"": ""5\u202fPM to 2\u202fAM""}, {""day"": ""Sunday"", ""hours"": ""5:30\u202fPM to 12\u202fAM""}]","[""https://lh3.googleusercontent.com/gps-cs-s/AHVAwerUlIbYY__Q0RcWejKmJ6mUBMwt5-8bvgEQDSbjWfZqY3vWdAlWtOGr5K8VQqh1S1GX62zVGJPLZGQQXHNaic1hJHiOVAxb-yVzas3p7SzdzCIAN5lV9ED6bcbAoNhF5FAzj-b6=w1920-h1080-k-no""]","[{""text"": ""I heard you guys don\u2019t do this hamachi plate anymoreI really enjoyed it tho \ud83e\udd72"", ""rating"": 5, ""author"": ""Anny s"", ""published"": ""20 hours ago""}, {""text"": ""Food was good, but there\u2019s definitely a room for improvement for everything else.."", ""rating"": 1, ""author"": ""Hazuki Ikimono"", ""published"": ""4 months ago""}, {""text"": ""Sooo disappointed they didn\u2019t have the yellowtail for dinein anymore but everything was good."", ""rating"": 4, ""author"": ""J L"", ""published"": ""5 days ago""}]",,"{""standout_dishes"": [""Soy scallop over gim rice"", ""Rose tteokbokki"", ""Seasonal yellowtail platter"", ""Raw marinated crab noodles""], ""vibe_and_service"": [""Lively, dim, club-music atmosphere that's fun for groups and girls' nights, though tables are cramped and loud"", ""Generous, shareable portions at prices reviewers call a great value"", ""Creative cocktails and drinks, including the fruit wine and rice beer""], ""wait_time_note"": ""The place fills up fast on weekend and Thursday nights, so reservations are a smart move, and the winter yellowtail special is only offered Monday to Thursday and can sell out.""}"
r_91eaeb,50.0,0.3010374393174382,0.0,0.74,4.708761028769271,4.753454368567362,0.0446933397980915,4.686414358870225,SIMILAN ON THE BAY,Far Rockaway,Thai,NYC,ChIJjQW1GQBpwokRAut3VQszkT0,"3-75 Beach 92nd St, Far Rockaway, NY 11693",4.9,957.0,https://komriwzkkknrsirifgqg.supabase.co/storage/v1/object/public/restaurant-photos/r_91eaeb.jpg,https://www.google.com/maps/search/?api=1&query=SIMILAN%20ON%20THE%20BAY&query_place_id=ChIJjQW1GQBpwokRAut3VQszkT0,40.0,40.5889927,-73.8173309,23.585,0.9498432601880876,10.0,0.0073145245559038,0.942528735632184,957.0,742.0,1.0,1.0,11693.0,0.82,0.1951219512195122,0.1219512195121951,0.6829268292682927,0.048780487804878,1.6,182.26829268292684,0.5899885460269381,(718) 887-0240,http://www.similanonthebay.com/,"[{""day"": ""Monday"", ""hours"": ""12 to 10\u202fPM""}, {""day"": ""Tuesday"", ""hours"": ""12 to 10\u202fPM""}, {""day"": ""Wednesday"", ""hours"": ""12 to 10\u202fPM""}, {""day"": ""Thursday"", ""hours"": ""12 to 10\u202fPM""}, {""day"": ""Friday"", ""hours"": ""12 to 10:30\u202fPM""}, {""day"": ""Saturday"", ""hours"": ""12 to 10:30\u202fPM""}, {""day"": ""Sunday"", ""hours"": ""12 to 10\u202fPM""}]","[""https://lh3.googleusercontent.com/gps-cs-s/AHVAwepvwIg4pcf1BUd7mU7oUpyptg-vWEAUu7TiJ_e6U_vhF1r3KBPYlNNtFfJuUXp8KI79agXYzREJAQQ7C7syPNztsusGn3vxjVkfUvA1HYtm6am2fNcbI-7l2KV3ga0x3OP5Md1WJuEAaLae=w1920-h1080-k-no""]","[{""text"": ""The Guavalada drink is to die for. It is so tropical!"", ""rating"": 5, ""author"": ""Michelle St. Louis"", ""published"": ""a week ago""}, {""text"": ""Cutie and Amanda were phenomenal!! The food and service was amazing!!"", ""rating"": 5, ""author"": ""Christine Herndon"", ""published"": ""a day ago""}, {""text"": ""Absolutely delicious. Great vide, food and ambiance! Ticha is adorable and very accommodating."", ""rating"": 5, ""author"": ""Jeanette Garramone"", ""published"": ""Edited 3 days ago""}]",Local Favorite,"{""standout_dishes"": [""Pla Lui Suan (fried Branzino)""], ""vibe_and_service"": [""Attentive, friendly servers who give great recommendations -- Cutie and Amanda get named more than once"", ""Calming, stylish space with a waterfront sunset view and live music"", ""Generous portions at fair prices, and it works for date nights and kids alike""], ""wait_time_note"": null}"
r_892c2a,50.0,0.2390952883272752,0.0,0.82,4.898164504758263,4.716585257529617,0.0,4.898164504758263,Falafel Bites,Flushing,Mediterranean,NYC,ChIJhWBURL5dwokRIY9PO2HEv-I,"59-04 Myrtle Ave, Flushing, NY 11385",4.9,1122.0,https://komriwzkkknrsirifgqg.supabase.co/storage/v1/object/public/restaurant-photos/r_892c2a.jpg,https://www.google.com/maps/search/?api=1&query=Falafel%20Bites&query_place_id=ChIJhWBURL5dwokRIY9PO2HEv-I,15.0,40.7003965,-73.8996283,9.704,0.9884135472370766,10.0,0.0222816399286987,0.966131907308378,1122.0,311.0,1.0,1.0,11385.0,0.78,0.717948717948718,0.0256410256410256,0.8717948717948718,0.0,28.0,250.46153846153845,0.5892789481428639,(347) 335-0596,,"[{""day"": ""Monday"", ""hours"": ""10\u202fAM to 10\u202fPM""}, {""day"": ""Tuesday"", ""hours"": ""Closed""}, {""day"": ""Wednesday"", ""hours"": ""10\u202fAM to 10\u202fPM""}, {""day"": ""Thursday"", ""hours"": ""10\u202fAM to 10\u202fPM""}, {""day"": ""Friday"", ""hours"": ""10\u202fAM to 10\u202fPM""}, {""day"": ""Saturday"", ""hours"": ""10\u202fAM to 10\u202fPM""}, {""day"": ""Sunday"", ""hours"": ""10\u202fAM to 10\u202fPM""}]","[""https://lh3.googleusercontent.com/gps-cs-s/AHVAweqFyZyLkY8Jcp-ZRS3XuSEwA8km5VOChau7_YqqAB44cf8Qpn6t7rMdba8WZiJ8NtKBwR1YrPBNKjLXCVFPyzl-XnNGIzGLZtlCIFQvouMldGaAv4-8Td3qH8kuX2pl1V4vCoRz-IH0Pmoh=w1920-h1080-k-no""]","[{""text"": ""Literally the best food I have ever had anywhere"", ""rating"": 5, ""author"": ""Mark Conti"", ""published"": ""a month ago""}, {""text"": ""Amazing food and the kindest people running it!! The falafel is next level delicious."", ""rating"": 5, ""author"": ""Carly Elkin"", ""published"": ""2 months ago""}, {""text"": ""We like the food and the friendly vibe of the place\nIt\u2019s small family owned business and they treat you as a family member"", ""rating"": 5, ""author"": ""Moheb Tiger"", ""published"": ""2 weeks ago""}]",Universally Loved,"{""standout_dishes"": [""Falafel, including the house falafel wrap"", ""Lamb and chicken gyro or mixed grill plate"", ""Rice pudding"", ""Lentil soup""], ""vibe_and_service"": [""Family-owned and welcoming, with staff like Sheri (the owner) who make you feel like family"", ""Everything is made fresh in house and to order, which people say you can taste"", ""Cozy spot with board games to play while you wait for your food""], ""wait_time_note"": null}"
r_c3dc9f,50.0,0.1816889889636084,0.0,0.94,4.387288607349796,4.476144056768857,0.0888554494190607,4.342860882640266,Sixty Three Clinton,Lower East Side,American,NYC,ChIJ385rlW9ZwokRHTamoLqoosI,"63 Clinton St, New York, NY 10002",4.7,507.0,https://komriwzkkknrsirifgqg.supabase.co/storage/v1/object/public/restaurant-photos/r_c3dc9f.jpg,https://www.google.com/maps/search/?api=1&query=Sixty%20Three%20Clinton&query_place_id=ChIJ385rlW9ZwokRHTamoLqoosI,100.0,40.719503,-73.985142,4.273,0.854043392504931,10.0,0.0256410256410256,0.8284023668639053,507.0,1676.0,0.0,2.0,10002.0,0.82,0.073170731707317,0.048780487804878,0.6341463414634146,0.0975609756097561,1.5,469.0,0.5883473670362187,(917) 663-6223,https://www.63clinton.com/,"[{""day"": ""Monday"", ""hours"": ""Closed""}, {""day"": ""Tuesday"", ""hours"": ""6 to 11\u202fPM""}, {""day"": ""Wednesday"", ""hours"": ""6 to 11\u202fPM""}, {""day"": ""Thursday"", ""hours"": ""6 to 11\u202fPM""}, {""day"": ""Friday"", ""hours"": ""6 to 11\u202fPM""}, {""day"": ""Saturday"", ""hours"": ""6 to 11\u202fPM""}, {""day"": ""Sunday"", ""hours"": ""Closed""}]","[""https://lh3.googleusercontent.com/gps-cs-s/AHVAweoNHVYtLuOhZL6-1kjmKgZdNroCRM7G0l-Ml8cdzdVuq3LNlfx6Xer0KHzcJpwqh3sq0_2mvYv_fO7oEhlKN0TKDTFIk7CqbsBb8xymA6UUusbF4DpPFjQzdT_9YnRZ9BMXi4rh=w1920-h1080-k-no""]","[{""text"": ""All the food was exceptional. The service from the staff was on point."", ""rating"": 5, ""author"": ""Ethan S"", ""published"": ""3 months ago""}, {""text"": ""Perfect experience! Delicious food, attentive service. Will go back soon."", ""rating"": 5, ""author"": ""Marcela Bastos"", ""published"": ""3 months ago""}, {""text"": ""Everything was great but the add on prices to the tasting menu were a bit egregious"", ""rating"": 5, ""author"": ""Chad Batten"", ""published"": ""2 months ago""}]",,"{""standout_dishes"": [""Caviar hand roll"", ""Breakfast taco"", ""Choco Taco"", ""Le Boeuf"", ""Bread and butter""], ""vibe_and_service"": [""Warm, welcoming atmosphere with a wood-burning fireplace that feels like eating at home"", ""Friendly, attentive staff, including a helpful sommelier, and chefs who greet guests"", ""Tasting menu is widely seen as great value, and solo diners say the chef's counter feels comfortable""], ""wait_time_note"": null}"
r_7b27a1,50.0,0.1947261547536619,0.0,0.92,4.550131361946211,4.562386370738618,0.0122550087924064,4.544003857550008,The Mary Lane,West Village,Brunch,NYC,ChIJvfpl3GpZwokR9Doyl16Ku_w,"99 Bank St, New York, NY 10014",4.6,438.0,https://komriwzkkknrsirifgqg.supabase.co/storage/v1/object/public/restaurant-photos/r_7b27a1.jpg,https://www.google.com/maps/search/?api=1&query=The%20Mary%20Lane&query_place_id=ChIJvfpl3GpZwokR9Doyl16Ku_w,75.0,40.7365543,-74.0064596,2.973,0.7853881278538812,10.0,0.0159817351598173,0.769406392694064,438.0,682.0,1.0,8.0,10014.0,0.68,0.2352941176470588,0.1470588235294117,0.2352941176470588,0.0588235294117647,1.6,349.1764705882353,0.587275683055081,(212) 597-9099,https://www.themarylanenyc.com/,"[{""day"": ""Monday"", ""hours"": ""Closed""}, {""day"": ""Tuesday"", ""hours"": ""12 to 10\u202fPM""}, {""day"": ""Wednesday"", ""hours"": ""12 to 10\u202fPM""}, {""day"": ""Thursday"", ""hours"": ""12 to 10\u202fPM""}, {""day"": ""Friday"", ""hours"": ""12 to 10\u202fPM""}, {""day"": ""Saturday"", ""hours"": ""10\u202fAM to 10\u202fPM""}, {""day"": ""Sunday"", ""hours"": ""10\u202fAM to 10\u202fPM""}]","[""https://lh3.googleusercontent.com/gps-cs-s/AHVAwep5iaWTYvh2Q9MI2d6PtKUmNfPZfim4n3eoMbdQDn7Jc-exT9-D5nbFS5NUfzOI5U10SR-Huai0DWMnlkcZvGI1_-3PbYpl2Jmn6uJ_dyd1HXHCiMPqCqqxIItWmR_KZ5XclPWx=w1920-h1080-k-no""]","[{""text"": ""Very good prices, good food and good service."", ""rating"": 5, ""author"": ""Oleg Vlasov"", ""published"": ""2 weeks ago""}, {""text"": ""Great food, casual atmosphere. Fantastic service."", ""rating"": 5, ""author"": ""Michael Haggerty"", ""published"": ""6 months ago""}, {""text"": ""Can be noisy and difficult to hear eachother across the table."", ""rating"": 4, ""author"": ""Mary T"", ""published"": ""2 months ago""}]",,"{""standout_dishes"": [], ""vibe_and_service"": [""Warm, attentive, friendly staff -- reviewers mention water refills, a knowledgeable bartender, and never feeling rushed"", ""Cozy, sunlit, nicely designed space with a chill vibe that works well for groups, from small tables to a party of 13"", ""Fair prices for good food, including a prix fixe menu that reviewers called fairly priced""], ""wait_time_note"": null}"
r_ccfb67,50.0,0.2136383696062708,0.02,0.9,4.566863017852803,4.787037776456562,0.2201747586037585,4.4567756385509245,Joseph Leonard,West Village,Brunch,NYC,ChIJ2fUkDpRZwokRUfmdRhH-Czg,"170 Waverly Pl, New York, NY 10014",4.6,1358.0,https://komriwzkkknrsirifgqg.supabase.co/storage/v1/object/public/restaurant-photos/r_ccfb67.jpg,https://www.google.com/maps/search/?api=1&query=Joseph%20Leonard&query_place_id=ChIJ2fUkDpRZwokRUfmdRhH-Czg,40.0,40.7335733,-74.0017125,3.041,0.7695139911634757,10.0,0.0206185567010309,0.7488954344624448,1358.0,1088.0,1.0,3.0,10014.0,0.68,0.2647058823529412,0.0,0.4411764705882353,0.0294117647058823,9.0,236.85294117647047,0.5860906215602887,,http://www.josephleonard.com/,"[{""day"": ""Monday"", ""hours"": ""9\u202fAM to 10\u202fPM""}, {""day"": ""Tuesday"", ""hours"": ""9\u202fAM to 11\u202fPM""}, {""day"": ""Wednesday"", ""hours"": ""9\u202fAM to 11\u202fPM""}, {""day"": ""Thursday"", ""hours"": ""9\u202fAM to 12\u202fAM""}, {""day"": ""Friday"", ""hours"": ""9\u202fAM to 12\u202fAM""}, {""day"": ""Saturday"", ""hours"": ""10:30\u202fAM to 12\u202fAM""}, {""day"": ""Sunday"", ""hours"": ""10:30\u202fAM to 10\u202fPM""}]","[""https://lh3.googleusercontent.com/gps-cs-s/AHVAwerdro6YLf6FeCxaLsEFyPI4c33EvN_mZmMSA7QJKmJIkV4Y1AnHqBtl-WiL_r-HLtAK9jttbjSbKbN495NuiYpwW85ztJNhtbiGmsfjy43rJAczK4caWYPGmdez1Vr3GHWxBcxA=w1920-h1080-k-no""]","[{""text"": ""Very cute atmosphere and delicious food!"", ""rating"": 5, ""author"": ""Valeria Deminova"", ""published"": ""5 months ago""}, {""text"": ""Pricy lunch for egg omelet and a glass of wine."", ""rating"": 4, ""author"": ""Richard Barry"", ""published"": ""5 months ago""}, {""text"": ""Very cozy. Liked the food too. Highly recommended."", ""rating"": 5, ""author"": ""M. Radvar"", ""published"": ""2 months ago""}]",,"{""standout_dishes"": [""Cauliflower appetizer"", ""Bloody Mary"", ""Trout dishes""], ""vibe_and_service"": [""Tiny, cozy, hip space that feels intimate and artsy, great for catching up with friends"", ""Warm, friendly staff, with servers like Claire and Kait singled out by name"", ""Creative cocktails, good music, and a menu that keeps delivering on repeat visits""], ""wait_time_note"": ""The place is tiny with few tables, so book ahead for dinner, though walk-ins at the bar have worked for brunch and an early-evening table for two was available without a wait (just expect a firm 90-minute limit if a reservation follows).""}"
r_4de4fe,50.0,0.1925717852594968,0.0,0.9,4.913179182686585,4.921626766247444,0.0084475835608586,4.908955390906156,Oshi's Cafe i.n.c,Sheepshead Bay,Restaurant,NYC,ChIJq6rzkphEwokRHVA1F4zwc8E,"2913 Quentin Rd, Brooklyn, NY 11229",4.9,216.0,https://komriwzkkknrsirifgqg.supabase.co/storage/v1/object/public/restaurant-photos/r_4de4fe.jpg,https://www.google.com/maps/search/?api=1&query=Oshi's%20Cafe%20i.n.c&query_place_id=ChIJq6rzkphEwokRHVA1F4zwc8E,15.0,40.6099566,-73.9439613,16.808,0.9675925925925926,10.0,0.0277777777777777,0.9398148148148148,216.0,68.0,0.0,1.0,11229.0,0.86,0.4186046511627907,0.0232558139534883,0.5813953488372093,0.0,18.0,120.30232558139537,0.5852243825304273,(347) 702-7694,https://oshiscafe.com/,"[{""day"": ""Monday"", ""hours"": ""9\u202fAM to 7\u202fPM""}, {""day"": ""Tuesday"", ""hours"": ""9\u202fAM to 7\u202fPM""}, {""day"": ""Wednesday"", ""hours"": ""9\u202fAM to 7\u202fPM""}, {""day"": ""Thursday"", ""hours"": ""9\u202fAM to 7\u202fPM""}, {""day"": ""Friday"", ""hours"": ""9\u202fAM to 2\u202fPM""}, {""day"": ""Saturday"", ""hours"": ""Closed""}, {""day"": ""Sunday"", ""hours"": ""9\u202fAM to 7\u202fPM""}]","[""https://lh3.googleusercontent.com/gps-cs-s/AHVAwepP4Kl6zlqQrjy5vdaPeyCXaJeBxDxqY0Z8VeZQkBdZj8aEipimS4YzXUcE10fEL1zuhp5PM4G3sdC3S9eUjcOKfHCiBaI1ZekxuNlw_Ck-WxQjLP00i8IrMr22IGIBonfcv9rW=w1920-h1080-k-no""]","[{""text"": ""Amazing food very tasty clean highly recommended"", ""rating"": 5, ""author"": ""kobi abramov"", ""published"": ""4 months ago""}, {""text"": ""10 out of 10, everything tasted great. Plus great on pricing and quick services."", ""rating"": 5, ""author"": ""alex"", ""published"": ""a month ago""}, {""text"": ""Very clean caf\u00e9. The soups are amazing! The sabich is so so delicious! \ud83d\ude0d Highly recommend!"", ""rating"": 5, ""author"": ""Jesus Beristain"", ""published"": ""Edited 4 months ago""}]",Hidden Gem,"{""standout_dishes"": [""Fresh, crisp falafel"", ""Shakshuka, flavorful and perfectly spiced""], ""vibe_and_service"": [""Warm, homestyle feel like eating in grandma's kitchen"", ""Friendly, smiling service with a welcoming owner"", ""Spotless, clean cafe with reasonable prices and quick service""], ""wait_time_note"": null}"
r_fd7589,50.0,0.2431414884348388,0.0,0.86,4.98560508935546,4.978199359922796,0.0,4.98560508935546,BARO + K SUSHI,Chelsea,Restaurant,NYC,ChIJh40VCABZwokRqBpRmqN-C1M,"23 W 31st St, New York, NY 10001",4.9,205.0,https://komriwzkkknrsirifgqg.supabase.co/storage/v1/object/public/restaurant-photos/r_fd7589.jpg,https://www.google.com/maps/search/?api=1&query=BARO%20%2B%20K%20SUSHI&query_place_id=ChIJh40VCABZwokRqBpRmqN-C1M,35.0,40.7472196,-73.9871655,1.205,0.951219512195122,10.0,0.0195121951219512,0.9317073170731708,205.0,267.0,0.0,1.0,10001.0,0.88,0.2045454545454545,0.0227272727272727,0.5909090909090909,0.0,9.0,161.3409090909091,0.5851339223137492,(212) 933-0638,http://www.ksushiandbar.com/,"[{""day"": ""Monday"", ""hours"": ""4\u202fPM to 12\u202fAM""}, {""day"": ""Tuesday"", ""hours"": ""4\u202fPM to 12\u202fAM""}, {""day"": ""Wednesday"", ""hours"": ""4\u202fPM to 12\u202fAM""}, {""day"": ""Thursday"", ""hours"": ""4\u202fPM to 12\u202fAM""}, {""day"": ""Friday"", ""hours"": ""4\u202fPM to 12\u202fAM""}, {""day"": ""Saturday"", ""hours"": ""4\u202fPM to 12\u202fAM""}, {""day"": ""Sunday"", ""hours"": ""Closed""}]","[""https://lh3.googleusercontent.com/gps-cs-s/AHVAwerO2ydkmY8we28tQai2evH1OIttdsEoYQmHTCuU_SoTVNx4WU5imwIpghq9gKuiPO6dVZCG1_Gdn16kXG9bi0lK54kgpVHvbFv7pcixt8JlShnO1gZZytOKIEUdsFl-A22OTk9UP_l03D-B=w1920-h1080-k-no""]","[{""text"": ""The staff made a double birthday celebration really fun and special, thank you!"", ""rating"": 5, ""author"": ""Kate Stark"", ""published"": ""a month ago""}, {""text"": ""Above all good felt fresh, staff was very friendly and caring. Thank you Soel!!"", ""rating"": 5, ""author"": ""Malvina Hasa"", ""published"": ""a month ago""}, {""text"": ""The waiters were very attentive and friendly, and not to mention the food was super delicious and the sushi spectacular."", ""rating"": 5, ""author"": ""Leonel Collazo"", ""published"": ""2 months ago""}]",Hidden Gem,"{""standout_dishes"": [], ""vibe_and_service"": [""Staff are consistently described as friendly, attentive, and welcoming, with reviewers calling out Soel and Seolbin by name"", ""Clean, elevated, calm atmosphere with good lighting and music, plus a more open feel than most New York spots"", ""Works for date nights, birthday celebrations, and even dining with a young child, and it's close to the 33rd St PATH station and Madison Square Garden""], ""wait_time_note"": null}"
r_23ed8e,23.0,0.3092328170845941,0.0,0.7391304347826086,4.936537951839703,4.902525806850889,0.0,4.936537951839703,Caribbean Bites and West Indian Cuisine Restaurant & Bakery,Brownsville,Restaurant,NYC,ChIJLYMTxJpdwokRezOfpUFQA8I,"488 E 98th St, Brooklyn, NY 11212",4.9,23.0,https://komriwzkkknrsirifgqg.supabase.co/storage/v1/object/public/restaurant-photos/r_23ed8e.jpg,https://www.google.com/maps/search/?api=1&query=Caribbean%20Bites%20and%20West%20Indian%20Cuisine%20Restaurant%20%26%20Bakery&query_place_id=ChIJLYMTxJpdwokRezOfpUFQA8I,15.0,40.656805,-73.9141673,12.765,0.9130434782608696,10.0,0.0,0.9130434782608696,23.0,43.0,1.0,1.0,11212.0,0.6956521739130435,0.1875,0.1875,0.5,0.0625,1.0,190.6875,0.5850238153214253,(929) 218-2690,,"[{""day"": ""Monday"", ""hours"": ""5\u202fAM to 9\u202fPM""}, {""day"": ""Tuesday"", ""hours"": ""5\u202fAM to 9\u202fPM""}, {""day"": ""Wednesday"", ""hours"": ""5\u202fAM to 9\u202fPM""}, {""day"": ""Thursday"", ""hours"": ""5\u202fAM to 9\u202fPM""}, {""day"": ""Friday"", ""hours"": ""5\u202fAM to 9\u202fPM""}, {""day"": ""Saturday"", ""hours"": ""5\u202fAM to 9\u202fPM""}, {""day"": ""Sunday"", ""hours"": ""4\u202fAM to 7\u202fPM""}]","[""https://lh3.googleusercontent.com/gps-cs-s/AHVAwerSA8tZYDcYQMoC1Sk5wa4Ab9npCEe0DZGznF5Ry3ZGUNov89v23GER3AR7YmLuJBpqUampuadMaEvIGLnns7QdDCU0SCuZFtqvMNrL_YFngARGFEj0Xw-laYJRuYZaVsyfEv_u=w1920-h1080-k-no""]","[{""text"": ""Excellent service and quality food! A must go to if in Bklyn!"", ""rating"": 5, ""author"": ""Jarvicorp LLC"", ""published"": ""5 months ago""}, {""text"": ""I love the food but it has gotten very expensive over the years"", ""rating"": 4, ""author"": ""Shawnta Goode"", ""published"": ""a year ago""}, {""text"": ""Great spot. I had a roti with curry chicken and greens. Amazing value."", ""rating"": 5, ""author"": ""Q"", ""published"": ""8 months ago""}]",Hidden Gem,"{""standout_dishes"": [], ""vibe_and_service"": [""Friendly, accommodating staff and excellent customer service come up again and again"", ""Food tastes authentically Guyanese and feels like home, with generous portions at fair prices""], ""wait_time_note"": null}"
r_9482cb,50.0,0.2454282164095982,0.0,0.82,4.309419081536363,4.535482290065021,0.2260632085286582,4.196387477272033,Thai Food Near Me,Murray Hill,Thai,NYC,ChIJy63wRcRZwokRs9ZWcKlcMPE,"625 2nd Ave, New York, NY 10016",4.8,900.0,https://komriwzkkknrsirifgqg.supabase.co/storage/v1/object/public/restaurant-photos/r_9482cb.jpg,https://www.google.com/maps/search/?api=1&query=Thai%20Food%20Near%20Me&query_place_id=ChIJy63wRcRZwokRs9ZWcKlcMPE,40.0,40.7450568,-73.97591,1.652,0.9155555555555556,10.0,0.0233333333333333,0.8922222222222222,900.0,974.0,1.0,1.0,10016.0,0.72,0.2222222222222222,0.0833333333333333,0.4444444444444444,0.0555555555555555,2.6666666666666665,121.77777777777776,0.584912740667578,(917) 464-5585,https://www.thaifoodnearmenyc.com/,"[{""day"": ""Monday"", ""hours"": ""11:30\u202fAM to 10\u202fPM""}, {""day"": ""Tuesday"", ""hours"": ""11:30\u202fAM to 10\u202fPM""}, {""day"": ""Wednesday"", ""hours"": ""11:30\u202fAM to 10\u202fPM""}, {""day"": ""Thursday"", ""hours"": ""11:30\u202fAM to 10\u202fPM""}, {""day"": ""Friday"", ""hours"": ""11:30\u202fAM to 11\u202fPM""}, {""day"": ""Saturday"", ""hours"": ""12 to 11\u202fPM""}, {""day"": ""Sunday"", ""hours"": ""11:30\u202fAM to 10\u202fPM""}]","[""https://lh3.googleusercontent.com/gps-cs-s/AHVAweoWhU51bvq_eJssGwX_dXOlLDZ9fyelmJTispz-6aVR1a76hfOZoveXn7PssvyobrAefm50mT_JqwZ_0gaqxwSBl0eipm4ZHooqYId4EJfxlI4TtBUwIfWgaVzEdbW6rRePCZ5AisjlonU=w1920-h1080-k-no""]","[{""text"": ""Expensive given the very small portion sizes. But the food is delicious!"", ""rating"": 3, ""author"": ""Risa W"", ""published"": ""3 months ago""}, {""text"": ""Picked up my order, which took longer than promised, food was good though"", ""rating"": 5, ""author"": ""Igor"", ""published"": ""2 weeks ago""}, {""text"": ""Superrrr great food. Fresh. Great music. Great service. Will def come back."", ""rating"": 5, ""author"": ""Karmendi Martin"", ""published"": ""a month ago""}]",,"{""standout_dishes"": [""Pad see ew (including gluten-free version)"", ""Crispy duck""], ""vibe_and_service"": [""Attentive, friendly service that checks in often"", ""Cozy, nicely decorated space that works for a casual business lunch or a birthday dinner"", ""Clearly marked gluten-free options on the menu""], ""wait_time_note"": null}"
r_3c57c0,50.0,0.2629065161074668,0.04,0.78,4.293603925365112,4.220880551008262,0.0,4.293603925365112,Marina Cafe Restaurant & Tiki Bar,Great Kills,Italian,NYC,ChIJ0VbzEMxLwokRXwhbOPUmO14,"154 Mansion Ave, Staten Island, NY 10308",4.3,1668.0,https://komriwzkkknrsirifgqg.supabase.co/storage/v1/object/public/restaurant-photos/r_3c57c0.jpg,https://www.google.com/maps/search/?api=1&query=Marina%20Cafe%20Restaurant%20%26%20Tiki%20Bar&query_place_id=ChIJ0VbzEMxLwokRXwhbOPUmO14,75.0,40.5441215,-74.1408558,27.166,0.6798561151079137,10.0,0.052757793764988,0.6270983213429256,1668.0,1436.0,1.0,8.0,10308.0,0.58,0.3793103448275862,0.1034482758620689,0.5172413793103449,0.2068965517241379,3.6666666666666665,271.62068965517244,0.5848609896531491,(718) 967-3077,http://www.marinacafesiny.com/,"[{""day"": ""Monday"", ""hours"": ""12 to 10\u202fPM""}, {""day"": ""Tuesday"", ""hours"": ""12 to 10\u202fPM""}, {""day"": ""Wednesday"", ""hours"": ""12 to 10\u202fPM""}, {""day"": ""Thursday"", ""hours"": ""12 to 10\u202fPM""}, {""day"": ""Friday"", ""hours"": ""12\u202fPM to 1\u202fAM""}, {""day"": ""Saturday"", ""hours"": ""12\u202fPM to 1\u202fAM""}, {""day"": ""Sunday"", ""hours"": ""12 to 9\u202fPM""}]","[""https://lh3.googleusercontent.com/gps-cs-s/AHVAwer7OPHxIRSfP5EpjrMo6Asfa7u49NqR50RDJ73ZmeLTfiGS55zuWCyb1iQXlQXvytaSwXSXO-6-lYvpXC4nLwwhPT8Ly9cx1uztySVkLaITYv4RX7ozCd-VTxMSKWHSNPMdH3UK=w1920-h1080-k-no""]","[{""text"": ""This is not a tiki bar. Stop calling yourself that"", ""rating"": 1, ""author"": ""Mike K"", ""published"": ""a month ago""}, {""text"": ""Beautiful restaurant with amazing food and service"", ""rating"": 5, ""author"": ""George Valente"", ""published"": ""4 months ago""}, {""text"": ""Amazing food and time. Came up from South Jersey and worth the trip."", ""rating"": 5, ""author"": ""Robert Simpkins"", ""published"": ""2 months ago""}]",,"{""standout_dishes"": [""Fresh seafood and raw bar"", ""Seafood pasta"", ""Steaks""], ""vibe_and_service"": [""Right on the water with big glass windows, so you get great views and sunset light from nearly any seat"", ""Friendly, attentive wait staff and bartenders, and it handles big birthday party crowds well"", ""Fun tiki bar atmosphere with well-made drinks for the price, plus easy parking""], ""wait_time_note"": null}"
r_1811cc,50.0,0.2345578608365888,0.0,0.86,4.81433386886236,4.821736297926213,0.0074024290638528,4.810632654330433,Ubani - West Village,West Village,Dessert,NYC,ChIJYdUViSRZwokR5oqC_B8esio,"37A Bedford St, New York, NY 10014",4.8,1122.0,https://komriwzkkknrsirifgqg.supabase.co/storage/v1/object/public/restaurant-photos/r_1811cc.jpg,https://www.google.com/maps/search/?api=1&query=Ubani%20-%20West%20Village&query_place_id=ChIJYdUViSRZwokR5oqC_B8esio,40.0,40.7296792,-74.0039848,3.514,0.9055258467023172,10.0,0.0187165775401069,0.8868092691622104,1122.0,1150.0,1.0,3.0,10014.0,0.34,0.3529411764705882,0.0588235294117647,0.6470588235294118,0.0588235294117647,6.0,152.58823529411765,0.584084107200989,(646) 678-5595,http://ubani.us/,"[{""day"": ""Monday"", ""hours"": ""11\u202fAM to 11\u202fPM""}, {""day"": ""Tuesday"", ""hours"": ""11\u202fAM to 11\u202fPM""}, {""day"": ""Wednesday"", ""hours"": ""11\u202fAM to 11\u202fPM""}, {""day"": ""Thursday"", ""hours"": ""11\u202fAM to 11\u202fPM""}, {""day"": ""Friday"", ""hours"": ""11\u202fAM to 11\u202fPM""}, {""day"": ""Saturday"", ""hours"": ""11\u202fAM to 11\u202fPM""}, {""day"": ""Sunday"", ""hours"": ""11\u202fAM to 11\u202fPM""}]","[""https://lh3.googleusercontent.com/gps-cs-s/AHVAweq98546I5xda70A_ZxSeC-s9XmNdGkWOoAv0OqjWD8Mn_oO8t7vEAIeih1VDqZyQb9yM65tvXTcE7KorXkpZMij1Pwmzec8rXWGJdrAMnR2IFVIWKa7o9wPKOlZvHFcpUdSoAF-z7VQTEoL=w1920-h1080-k-no""]","[{""text"": ""Loved the walnut sauce with the cauliflower - so rich and flavorful!"", ""rating"": 5, ""author"": ""Lachlan Keller"", ""published"": ""a week ago""}, {""text"": ""Authentic Georgian cuisine. I had a wonderful time with my friends. Highly recommend \u2705"", ""rating"": 5, ""author"": ""Sarah Butterfield"", ""published"": ""2 weeks ago""}, {""text"": ""Its a rare thing when you go to a restaurant and order many different dishes and every single was is delicious."", ""rating"": 5, ""author"": ""Nickolay Olchanski"", ""published"": ""3 days ago""}]",Universally Loved,"{""standout_dishes"": [""Khachapuri with cheese and egg"", ""Georgian salad"", ""Khinkali dumplings"", ""Pkhali and eggplant rolls""], ""vibe_and_service"": [""Cozy, intimate spot on a cute West Village street"", ""Friendly, helpful waitstaff who guide you through Georgian cuisine"", ""Great for first-timers to Georgian food, with staff happy to recommend dishes""], ""wait_time_note"": null}"
r_c9f3da,50.0,0.1899298244988435,0.02,0.96,4.793436531053055,4.77684965813832,0.0,4.793436531053055,L'Antagoniste,Bedford-Stuyvesant,French,NYC,ChIJM8cEj3NcwokR5_Ja7rhmjoY,"238 Malcolm X Blvd, Brooklyn, NY 11233",4.5,528.0,https://komriwzkkknrsirifgqg.supabase.co/storage/v1/object/public/restaurant-photos/r_c9f3da.jpg,https://www.google.com/maps/search/?api=1&query=L'Antagoniste&query_place_id=ChIJM8cEj3NcwokR5_Ja7rhmjoY,75.0,40.6850199,-73.9296156,9.391,0.7727272727272727,10.0,0.0303030303030303,0.7424242424242424,528.0,475.0,0.0,1.0,11233.0,0.8,0.2,0.0,0.5,0.025,8.0,232.875,0.5839277926556048,(917) 966-5300,http://lantagoniste.com/,"[{""day"": ""Monday"", ""hours"": ""5:30 to 9:30\u202fPM""}, {""day"": ""Tuesday"", ""hours"": ""5:30 to 9:30\u202fPM""}, {""day"": ""Wednesday"", ""hours"": ""5:30 to 9:30\u202fPM""}, {""day"": ""Thursday"", ""hours"": ""5:30 to 9:30\u202fPM""}, {""day"": ""Friday"", ""hours"": ""5:30 to 10\u202fPM""}, {""day"": ""Saturday"", ""hours"": ""12 to 3\u202fPM, 5:30 to 10\u202fPM""}, {""day"": ""Sunday"", ""hours"": ""12 to 3\u202fPM, 5:30 to 9:30\u202fPM""}]","[""https://lh3.googleusercontent.com/gps-cs-s/AHVAweqteynW60u3H26_h18Jh83a4iHPckLGwxlCNA9-f8Xj8wIRSKUezhbQQ0orWw8Lt_ww7zMpQ86hJnMwr6xOBp2Kt7rICnUwc3sRLMCO8Gp75mMQ5WBcjFuyq-ReHzYvIlU880fq=w1920-h1080-k-no""]","[{""text"": ""Can't recommend enough. Spectacular food and wine list."", ""rating"": 5, ""author"": ""Alexis Malandain"", ""published"": ""6 months ago""}, {""text"": ""Wonderful food, amazing (and even somewhat affordable!) wine list"", ""rating"": 5, ""author"": ""John C"", ""published"": ""a year ago""}, {""text"": ""One of the best in BedStuy. We have always been treated very warmly."", ""rating"": 5, ""author"": ""Kirk Noreen"", ""published"": ""a month ago""}]",Local Favorite,"{""standout_dishes"": [""Burger"", ""Mushroom soup"", ""Wine list (excellent and affordable)""], ""vibe_and_service"": [""Warm, cozy atmosphere with friendly, attentive staff who make you feel like family"", ""Knowledgeable servers and an owner who is on-site making sure everyone has a great time"", ""Great value, especially the wine list, with many good bottles in the $40s""], ""wait_time_note"": null}"
r_aff24c,50.0,0.165414071033239,0.0,0.98,4.537051581232843,4.516620394172268,0.0,4.537051581232843,Saigon Social,Lower East Side,Vietnamese,NYC,ChIJq3bkr95ZwokRoSMtHwaDYg0,"172 Orchard St, New York, NY 10002",4.4,508.0,https://komriwzkkknrsirifgqg.supabase.co/storage/v1/object/public/restaurant-photos/r_aff24c.jpg,https://www.google.com/maps/search/?api=1&query=Saigon%20Social&query_place_id=ChIJq3bkr95ZwokRoSMtHwaDYg0,,40.7215023,-73.9883776,4.059,0.7559055118110236,10.0,0.0413385826771653,0.7145669291338582,508.0,949.0,0.0,1.0,10002.0,0.84,0.2619047619047619,0.0238095238095238,0.5,0.0714285714285714,11.0,378.54761904761904,0.5832470364258675,(646) 609-3202,http://saigonsocialnyc.com/,"[{""day"": ""Monday"", ""hours"": ""5 to 10\u202fPM""}, {""day"": ""Tuesday"", ""hours"": ""Closed""}, {""day"": ""Wednesday"", ""hours"": ""5 to 10\u202fPM""}, {""day"": ""Thursday"", ""hours"": ""5 to 10\u202fPM""}, {""day"": ""Friday"", ""hours"": ""5 to 10\u202fPM""}, {""day"": ""Saturday"", ""hours"": ""12 to 10\u202fPM""}, {""day"": ""Sunday"", ""hours"": ""12 to 10\u202fPM""}]","[""https://lh3.googleusercontent.com/gps-cs-s/AHVAwepi3IKxAD-zKj9bGy2efflReSBUghdSsW27k62nFmtnI6ys5KU-umDx0CLXw-7dDVVIwUA5YCCaWk4J8dePRyqHILk2eBx6dlBQVDtXxGUOYQJKaQUU8tWqfftY_XzL79JvBP4YOw=w1920-h1080-k-no""]","[{""text"": ""Such a great place with amazing food. The owner is equally amazing."", ""rating"": 5, ""author"": ""J Liu"", ""published"": ""2 months ago""}, {""text"": ""Really authentic and great Vietnamese foods and I\u2019ve been to A LOT of them . Great menu options !"", ""rating"": 5, ""author"": ""Fushen SHA"", ""published"": ""5 months ago""}, {""text"": ""Very customer-friendly.\nCozy and comfy with Vietnamese music on air.\nThe food is good as pictures shown."", ""rating"": 5, ""author"": ""Bingna Z"", ""published"": ""4 months ago""}]",,"{""standout_dishes"": [""Pho with clear, meaty broth"", ""Spicy dumplings""], ""vibe_and_service"": [""Warm, friendly, attentive staff (Drew gets a shout-out) and a welcoming chef"", ""Cozy, lively atmosphere with a mix of traditional and modern Vietnamese touches"", ""Happy hour and restaurant week deals""], ""wait_time_note"": null}"
r_0b8506,50.0,0.2395867811535309,0.0,0.82,4.936336161749379,4.914852892726045,0.0,4.936336161749379,Maison Provence Restaurant,Williamsburg,French,NYC,ChIJM83r0aZZwokRg1mla_ag7Rw,"52 Havemeyer St, Brooklyn, NY 11211",5.0,592.0,https://komriwzkkknrsirifgqg.supabase.co/storage/v1/object/public/restaurant-photos/r_0b8506.jpg,https://www.google.com/maps/search/?api=1&query=Maison%20Provence%20Restaurant&query_place_id=ChIJM83r0aZZwokRg1mla_ag7Rw,25.0,40.7148797,-73.9546947,5.456,0.9898648648648648,10.0,0.0033783783783783,0.9864864864864864,592.0,688.0,1.0,3.0,11211.0,0.86,0.2790697674418604,0.0232558139534883,0.5581395348837209,0.0465116279069767,12.0,201.53488372093025,0.5832116935115055,(347) 223-4838,https://www.maisonprovencebk.com/,"[{""day"": ""Monday"", ""hours"": ""Closed""}, {""day"": ""Tuesday"", ""hours"": ""4 to 10\u202fPM""}, {""day"": ""Wednesday"", ""hours"": ""4 to 10\u202fPM""}, {""day"": ""Thursday"", ""hours"": ""4 to 10\u202fPM""}, {""day"": ""Friday"", ""hours"": ""11\u202fAM to 10:30\u202fPM""}, {""day"": ""Saturday"", ""hours"": ""11\u202fAM to 10:30\u202fPM""}, {""day"": ""Sunday"", ""hours"": ""11\u202fAM to 10\u202fPM""}]","[""https://lh3.googleusercontent.com/gps-cs-s/AHVAwepPZPcAQdGfAbZCSs_FqbZcRRPhAEValSjtR54TRSOLRq1822V-lFeuM1XTvl3qthIAjQAD-XtjmiZD2QlSmLdNeAMrXpNDFEeX6KwEuHYKBaczRZQawVpD-IRuUol1yNX13xqAKgKKi1k3=w1920-h1080-k-no""]","[{""text"": ""amazing savory & sweet crepes, kind and friendly staff"", ""rating"": 5, ""author"": ""Brittney Johnson"", ""published"": ""2 weeks ago""}, {""text"": ""Really fantastic savory crepes. I can\u2019t wait to come back!"", ""rating"": 5, ""author"": ""Sergi bay\u00f3"", ""published"": ""a month ago""}, {""text"": ""Food was great. Lorenzo is an excellent chef. Would highly recommend!!"", ""rating"": 5, ""author"": ""Peter DesRochers"", ""published"": ""2 weeks ago""}]",Local Favorite,"{""standout_dishes"": [""Savory and sweet crepes"", ""Pasta dishes like carbonara and chicken sausage penne""], ""vibe_and_service"": [""Colorful, cozy space that feels like you've been transported to France"", ""Attentive, welcoming service and friendly staff""], ""wait_time_note"": null}"
r_451d77,50.0,0.2271551189698367,0.0,0.9,4.683092274727829,4.575577459313549,0.0,4.683092274727829,Canlon's,Richmond,American,NYC,ChIJi8yV_-JLwokRjQFcQceii04,"1825 N Railroad Ave #1831, Staten Island, NY 10306",4.6,487.0,https://komriwzkkknrsirifgqg.supabase.co/storage/v1/object/public/restaurant-photos/r_451d77.jpg,https://www.google.com/maps/search/?api=1&query=Canlon's&query_place_id=ChIJi8yV_-JLwokRjQFcQceii04,25.0,40.5651788,-74.1268568,24.545,0.7700205338809035,10.0,0.0246406570841889,0.7453798767967146,487.0,135.0,1.0,1.0,10306.0,0.52,0.3076923076923077,0.0769230769230769,0.5769230769230769,0.0769230769230769,4.0,200.6153846153846,0.5827412206961587,(718) 667-3013,http://www.canlons.com/,"[{""day"": ""Monday"", ""hours"": ""12 to 9\u202fPM""}, {""day"": ""Tuesday"", ""hours"": ""12 to 9\u202fPM""}, {""day"": ""Wednesday"", ""hours"": ""12 to 9\u202fPM""}, {""day"": ""Thursday"", ""hours"": ""12 to 9\u202fPM""}, {""day"": ""Friday"", ""hours"": ""12 to 9:30\u202fPM""}, {""day"": ""Saturday"", ""hours"": ""12 to 9:30\u202fPM""}, {""day"": ""Sunday"", ""hours"": ""12 to 9\u202fPM""}]","[""https://lh3.googleusercontent.com/gps-cs-s/AHVAwepIZuWPmIUIvLbzNK7GPYWmF7R2E95IVLUEC_CjDgssYixhSJz1gWAe5ki0neoS0P8HABUo1AnWS8wMJKIbaU6MK81dZ5Y3Ya8JkcIYVYraxEh0fbHqSn4w05kD-Gp91ozC8Ag=w1920-h1080-k-no""]","[{""text"": ""Excellent service and very delicious food"", ""rating"": 5, ""author"": ""Caroline Bandoo"", ""published"": ""Edited 9 months ago""}, {""text"": ""Delicious as usual and the staff is fabulous"", ""rating"": 5, ""author"": ""Marguerite Bergin"", ""published"": ""3 months ago""}, {""text"": ""Family favorite. Best Pork Chop Milanese i ever had."", ""rating"": 5, ""author"": ""Edward Deighan"", ""published"": ""Edited 5 months ago""}]",Local Favorite,"{""standout_dishes"": [], ""vibe_and_service"": [""Attentive, friendly staff who make you feel at home without hovering"", ""Handles big group events well, from office parties to a surprise 60th birthday"", ""Long-running neighborhood spot with an owner and chef (Eddie) people really like""], ""wait_time_note"": null}"
r_cf1241,50.0,0.2697123679283356,0.0,0.74,4.94872455975531,4.909391345698507,0.0,4.94872455975531,Sarajevo Grill,Long Island City,Restaurant,NYC,ChIJmbTk2jpfwokRbEl8pHWwZJg,"37-18 34th Ave, Long Island City, NY 11101",4.7,865.0,https://komriwzkkknrsirifgqg.supabase.co/storage/v1/object/public/restaurant-photos/r_cf1241.jpg,https://www.google.com/maps/search/?api=1&query=Sarajevo%20Grill&query_place_id=ChIJmbTk2jpfwokRbEl8pHWwZJg,25.0,40.7570174,-73.921899,5.407,0.8520231213872832,10.0,0.0196531791907514,0.8323699421965318,865.0,720.0,1.0,2.0,11101.0,0.68,0.3823529411764705,0.0,0.5294117647058824,0.0294117647058823,13.0,147.02941176470588,0.5819056168140467,(718) 752-9528,https://sarajevogrill.com/,"[{""day"": ""Monday"", ""hours"": ""10:30\u202fAM to 10\u202fPM""}, {""day"": ""Tuesday"", ""hours"": ""10:30\u202fAM to 10\u202fPM""}, {""day"": ""Wednesday"", ""hours"": ""10:30\u202fAM to 10\u202fPM""}, {""day"": ""Thursday"", ""hours"": ""10:30\u202fAM to 10\u202fPM""}, {""day"": ""Friday"", ""hours"": ""10:30\u202fAM to 10\u202fPM""}, {""day"": ""Saturday"", ""hours"": ""10:30\u202fAM to 10\u202fPM""}, {""day"": ""Sunday"", ""hours"": ""10:30\u202fAM to 10\u202fPM""}]","[""https://lh3.googleusercontent.com/gps-cs-s/AHVAwep5G401IQxYL14I1IIix4YLzQHXcFvgzGybG_aIdnwhHxZ5R7eMr5OoDBcLkHu1qVGQKX7ViBKZ4P3IgqlgiS_TYrRz_mkkMRopyCsAR5X1rTwXqsrUTYxGnN-3oCFe2qpEBUNkFls_N2Ro=w1920-h1080-k-no""]","[{""text"": ""Great burek + yougurt is a must try!\nJust like in my country!"", ""rating"": 5, ""author"": ""Marko Pajic"", ""published"": ""a month ago""}, {""text"": ""Burek was not warm or fresh unfortunately and didn't look like on their menu picture, a bit expensive\nbut still cool that they make balkan food exist here in NYC"", ""rating"": 3, ""author"": ""Buba Mara"", ""published"": ""a week ago""}, {""text"": ""I\u2019ve been coming here for about 14 years, and the quality has never changed. The service is always warm, friendly, and welcoming. The staff are kind, attentive, and make you feel at home every time you visit.\n\nThe food is consistently excellent, and the quality has always remained the same over the years. Their b\u00f6rek and cevabi are absolutely amazing \u2014 some of the best I\u2019ve had."", ""rating"": 5, ""author"": ""Tolga Yilmaz"", ""published"": ""2 weeks ago""}]",Local Favorite,"{""standout_dishes"": [""Spinach and cheese burek"", ""Cevapi (grilled meat sausages)"", ""Sarma (cabbage rolls)""], ""vibe_and_service"": [""Warm, friendly staff who patiently guide first-timers through the menu and recommend dishes"", ""Cozy, homey space with authentic Bosnian decor"", ""Big, hearty portions at fair prices, good for sharing or going with a group""], ""wait_time_note"": null}"
r_a44698,100.0,0.2734592600431059,0.0,0.77,4.795650387550929,4.870456395610842,0.0748060080599124,4.758247383520973,La Contenta Greenpoint,Greenpoint,Mexican,NYC,ChIJJadBRB1ZwokRjuBGgN8Zih8,"1079 Manhattan Ave, Brooklyn, NY 11222",4.9,73.0,https://komriwzkkknrsirifgqg.supabase.co/storage/v1/object/public/restaurant-photos/r_a44698.jpg,https://www.google.com/maps/search/?api=1&query=La%20Contenta%20Greenpoint&query_place_id=ChIJJadBRB1ZwokRjuBGgN8Zih8,45.0,40.7355305,-73.9554057,3.573,0.9726027397260274,10.0,0.0273972602739726,0.9452054794520548,73.0,91.0,1.0,1.0,11222.0,0.74,0.2432432432432432,0.054054054054054,0.7297297297297297,0.0,4.5,218.67567567567568,0.5815593111798236,(347) 916-0016,https://lacontentagreenpoint.com/,"[{""day"": ""Monday"", ""hours"": ""2 to 10\u202fPM""}, {""day"": ""Tuesday"", ""hours"": ""2 to 10\u202fPM""}, {""day"": ""Wednesday"", ""hours"": ""2 to 10\u202fPM""}, {""day"": ""Thursday"", ""hours"": ""2 to 10\u202fPM""}, {""day"": ""Friday"", ""hours"": ""12\u202fPM to 12\u202fAM""}, {""day"": ""Saturday"", ""hours"": ""12\u202fPM to 12\u202fAM""}, {""day"": ""Sunday"", ""hours"": ""12 to 10\u202fPM""}]","[""https://lh3.googleusercontent.com/gps-cs-s/AHVAweoDUWsL5ce63MB8wcWLveu8slrCIyxw-WQI1VW_bHvJIaD_myx9LzX6f6PlU5xeQiDN_HjlOAtjxid96EqukW70jFp-C2sQrTD71LTzVnSMzZmb7Mn-n1bY3UbwvgNVqUbUTNmCOsFJzRYr=w1920-h1080-k-no""]","[{""text"": ""Delish and cute outdoor seating for a sunny day \u2600\ufe0f"", ""rating"": 5, ""author"": ""Dimi P"", ""published"": ""3 days ago""}, {""text"": ""chill vibe, good food, excellent service. highly recommend :)"", ""rating"": 5, ""author"": ""Claire Gros"", ""published"": ""2 months ago""}, {""text"": ""New, apparently, and amazing!!!\n\nWill be back!\n\nExcellent Happy Hour specials!"", ""rating"": 5, ""author"": ""Pablo Lane"", ""published"": ""4 months ago""}]",Hidden Gem,"{""standout_dishes"": [""Steak dishes (hangar steak, steak and eggs, steak tacos)"", ""Handmade margaritas and cocktails"", ""Happy hour and brunch food and drinks""], ""vibe_and_service"": [""Friendly, hospitable staff who go out of their way, like moving a table for a family with a stroller"", ""Cozy, vibrant atmosphere with beautiful decor, plus cute outdoor seating"", ""Great happy hour and brunch menus, though a few reviews say food prices run high for Greenpoint""], ""wait_time_note"": null}"
r_f30015,50.0,0.1849886875930784,0.0,0.94,4.709905261722885,4.77137034510826,0.0614650833853751,4.679172720030198,Tasca NYC,Upper West Side,Caribbean,NYC,ChIJg-QDdKFZwokRumpX4_PxJuU,"505 Columbus Ave, New York, NY 10024",4.7,445.0,https://komriwzkkknrsirifgqg.supabase.co/storage/v1/object/public/restaurant-photos/r_f30015.jpg,https://www.google.com/maps/search/?api=1&query=Tasca%20NYC&query_place_id=ChIJg-QDdKFZwokRumpX4_PxJuU,75.0,40.7853151,-73.9727841,3.219,0.8719101123595505,10.0,0.0292134831460674,0.8426966292134831,445.0,623.0,1.0,5.0,10024.0,0.74,0.1351351351351351,0.027027027027027,0.8108108108108109,0.027027027027027,5.0,247.0810810810811,0.5800309580279003,(212) 362-2211,http://www.tasca-nyc.com/,"[{""day"": ""Monday"", ""hours"": ""4:30 to 11\u202fPM""}, {""day"": ""Tuesday"", ""hours"": ""4:30 to 11\u202fPM""}, {""day"": ""Wednesday"", ""hours"": ""4:30 to 11\u202fPM""}, {""day"": ""Thursday"", ""hours"": ""4:30 to 11\u202fPM""}, {""day"": ""Friday"", ""hours"": ""4:30 to 11:30\u202fPM""}, {""day"": ""Saturday"", ""hours"": ""11:30\u202fAM to 11:30\u202fPM""}, {""day"": ""Sunday"", ""hours"": ""11:30\u202fAM to 10:30\u202fPM""}]","[""https://lh3.googleusercontent.com/gps-cs-s/AHVAweqii_EtQJG4ynt8qiG9zYaOjtBngkwOyH_YRjyF3EsNMCMsqrXY1UKHvvgOiat_L71ihe4s1bVvCYj6DOctShp6ubS2otP3vbyGCqlO4DKjyLs0fV4MyIpQ1Dt7so5VwtTjqPEGxK3ZcKUR=w1920-h1080-k-no""]","[{""text"": ""Great food and service! Definitely will be back here."", ""rating"": 5, ""author"": ""Nima"", ""published"": ""2 weeks ago""}, {""text"": ""Truly amazing, can\u2019t wait to try more of their specials next time"", ""rating"": 5, ""author"": ""Ash Yip"", ""published"": ""2 months ago""}, {""text"": ""Amazing food, we loved the chursaco. Came for restaurant week! Superb!"", ""rating"": 5, ""author"": ""jessaleex"", ""published"": ""a month ago""}]",Local Favorite,"{""standout_dishes"": [""Filet mignon with amazing sauce"", ""Perfectly cooked ribeye""], ""vibe_and_service"": [""Attentive, friendly service with staff like Rodrigo repeatedly singled out by name"", ""Great atmosphere with good music at a level you can still talk over, plus nice decor"", ""Handles groups and celebrations well, from holiday parties to NYE to family dinners""], ""wait_time_note"": null}"
r_457cb1,50.0,0.3005159040185716,0.02,0.68,4.379010889119756,4.466202451058948,0.0871915619391927,4.335415108150159,Ayat Industry City,Sunset Park,Middle Eastern,NYC,ChIJx-uXbWxbwokRgOqFfrEIEus,"274 36th St, Brooklyn, NY 11232",4.3,391.0,https://komriwzkkknrsirifgqg.supabase.co/storage/v1/object/public/restaurant-photos/r_457cb1.jpg,https://www.google.com/maps/search/?api=1&query=Ayat%20Industry%20City&query_place_id=ChIJx-uXbWxbwokRgOqFfrEIEus,25.0,40.6557142,-74.0069435,11.499,0.8414322250639387,6.833333333333333,0.1074168797953964,0.7340153452685422,391.0,397.0,1.0,8.0,11232.0,0.62,0.2258064516129032,0.1290322580645161,0.6451612903225806,0.1612903225806451,1.75,185.48387096774192,0.579947806417442,(718) 831-2585,https://www.ayatnyc.com/location/industry-city/?utm_source=google&utm_medium=organic&utm_campaign=gbp-profile%20&utm_content=inc,"[{""day"": ""Monday"", ""hours"": ""11\u202fAM to 10\u202fPM""}, {""day"": ""Tuesday"", ""hours"": ""11\u202fAM to 10\u202fPM""}, {""day"": ""Wednesday"", ""hours"": ""11\u202fAM to 10\u202fPM""}, {""day"": ""Thursday"", ""hours"": ""11\u202fAM to 10\u202fPM""}, {""day"": ""Friday"", ""hours"": ""11\u202fAM to 10\u202fPM""}, {""day"": ""Saturday"", ""hours"": ""11\u202fAM to 10\u202fPM""}, {""day"": ""Sunday"", ""hours"": ""11\u202fAM to 9\u202fPM""}]","[""https://lh3.googleusercontent.com/gps-cs-s/AHVAweoThnnUuIWeX2Eoh1Xvg_iTSKwcQuWeRn4sKcGmCKqiupzfX16JoFFtV9p9z6-wyrXTH8ROAJIq5oO99sMya4G-Y4pOyI7K58K_02w5GYUQ6ncHgtuHMEJAZlhhB96PzqgoGB36=w1920-h1080-k-no""]","[{""text"": ""Delicious and kind service! Will come back!"", ""rating"": 5, ""author"": ""Maria Angelica Ramirez"", ""published"": ""2 months ago""}, {""text"": ""Not bad and I got what I paid for, but it's definitely overpriced"", ""rating"": 3, ""author"": ""Christopher K Wong"", ""published"": ""a month ago""}, {""text"": ""Everything was so delicious. Staff super nice. Portions were great \ud83d\ude4f\ud83c\udffb"", ""rating"": 5, ""author"": ""Tony Alpay"", ""published"": ""3 months ago""}]",,"{""standout_dishes"": [""Chicken shawarma platter"", ""Shawarma pizza""], ""vibe_and_service"": [""Friendly, attentive staff, with manager Danny and the drinks-station server called out by name"", ""Handles big groups well, including a party of 40 with special plates made for nut allergies"", ""Fresh ingredients and a wide menu with vegetarian options at a fair price""], ""wait_time_note"": null}"
r_8f853d,50.0,0.1824245384593063,0.0,0.96,4.400577663951744,4.5711091226448906,0.170531458693147,4.31531193460517,Ziggle Tofu & Grill,Murray Hill,Korean,NYC,ChIJWbS7YXBZwokR6MUHjzagTrY,"542 3rd Ave, New York, NY 10016",4.8,259.0,https://komriwzkkknrsirifgqg.supabase.co/storage/v1/object/public/restaurant-photos/r_8f853d.jpg,https://www.google.com/maps/search/?api=1&query=Ziggle%20Tofu%20%26%20Grill&query_place_id=ChIJWbS7YXBZwokR6MUHjzagTrY,25.0,40.7472225,-73.9773839,1.381,0.942084942084942,10.0,0.0193050193050193,0.9227799227799228,259.0,309.0,1.0,3.0,10016.0,0.72,0.3611111111111111,0.0,0.5277777777777778,0.1388888888888889,13.0,252.91666666666663,0.5796157313048006,(212) 871-3488,https://zigglekfood.com/,"[{""day"": ""Monday"", ""hours"": ""11\u202fAM to 10\u202fPM""}, {""day"": ""Tuesday"", ""hours"": ""11\u202fAM to 10\u202fPM""}, {""day"": ""Wednesday"", ""hours"": ""11\u202fAM to 10\u202fPM""}, {""day"": ""Thursday"", ""hours"": ""11\u202fAM to 10\u202fPM""}, {""day"": ""Friday"", ""hours"": ""11\u202fAM to 10\u202fPM""}, {""day"": ""Saturday"", ""hours"": ""11\u202fAM to 10\u202fPM""}, {""day"": ""Sunday"", ""hours"": ""11\u202fAM to 10\u202fPM""}]","[""https://lh3.googleusercontent.com/gps-cs-s/AHVAweovwkuYpuQlWUGFI-IKBXJ0o7yDKjOqR8WXYAcddTLXbAcBWH4eDk5Hu2mHt4wZPftBB-l9E19ITjFGCNwv0R_zQLqR2pv1qBx3hbSTBigSDHw3HmczY3cb_SpTRPe1Am0vk_a2Jg=w1920-h1080-k-no""]","[{""text"": ""Good food, chill vibes. The tofu stew was like BCD."", ""rating"": 5, ""author"": ""Emma Barron"", ""published"": ""8 months ago""}, {""text"": ""We always come here for soondubu. Seafood base soup is the best."", ""rating"": 5, ""author"": ""Kenta TK"", ""published"": ""2 days ago""}, {""text"": ""No words - absolutely amazing and authentic. Coming from a guy from HK!"", ""rating"": 5, ""author"": ""Harry Tang"", ""published"": ""4 months ago""}]",,"{""standout_dishes"": [""Tofu stew (soondubu)"", ""Homemade kimchi"", ""Bibimbap"", ""Kimchi pancake""], ""vibe_and_service"": [""Friendly, attentive staff and owner who go out of their way, like combining tables and bringing extra free side dishes"", ""Calm, cozy, casual neighborhood atmosphere with soft k-pop music and a mix of booths and open seating"", ""Generous portions and good value, with free banchan included""], ""wait_time_note"": null}"
r_c7d735,100.0,0.2431267090120574,0.0,0.84,4.919447323900223,4.973026537994095,0.0535792140938724,4.892657716853287,Hanami Ramen,Flushing,Ramen,NYC,ChIJEQzd-ZthwokRPhvKnAPYjAs,"147-07 45th Ave, Flushing, NY 11355",4.9,104.0,https://komriwzkkknrsirifgqg.supabase.co/storage/v1/object/public/restaurant-photos/r_c7d735.jpg,https://www.google.com/maps/search/?api=1&query=Hanami%20Ramen&query_place_id=ChIJEQzd-ZthwokRPhvKnAPYjAs,25.0,40.7556536,-73.8150603,14.49,0.941747572815534,10.0,0.0,0.941747572815534,103.0,278.0,1.0,1.0,11355.0,0.88,0.1363636363636363,0.0,0.5909090909090909,0.0681818181818181,6.0,214.1590909090909,0.579323176453593,(917) 672-1988,https://order.toasttab.com/online/hanami,"[{""day"": ""Monday"", ""hours"": ""11:30\u202fAM to 9:30\u202fPM""}, {""day"": ""Tuesday"", ""hours"": ""11:30\u202fAM to 9:30\u202fPM""}, {""day"": ""Wednesday"", ""hours"": ""11:30\u202fAM to 9:30\u202fPM""}, {""day"": ""Thursday"", ""hours"": ""11:30\u202fAM to 9:30\u202fPM""}, {""day"": ""Friday"", ""hours"": ""11:30\u202fAM to 9:30\u202fPM""}, {""day"": ""Saturday"", ""hours"": ""11:30\u202fAM to 9:30\u202fPM""}, {""day"": ""Sunday"", ""hours"": ""11:30\u202fAM to 9:30\u202fPM""}]","[""https://lh3.googleusercontent.com/gps-cs-s/AHVAweqoaHxqNm8djktG6U9GqvMT3utkr5uesCn_z56NLhz3sycZ1pKjich8bibNvptgBeV9ybWt6uWUoxnXSPCGrK-UvlfgM05esZwClGGanD81xcBxWzqcjcaEQbVBcfFqT4TpgIfsvZTgiB0=w1920-h1080-k-no""]","[{""text"": ""Delicious food, awesome service. Shout out to Yong for the great service."", ""rating"": 5, ""author"": ""Salinda Y"", ""published"": ""3 weeks ago""}, {""text"": ""The food here was so good. My daughter and I loved the beef ramen and Kara age"", ""rating"": 5, ""author"": ""Kat"", ""published"": ""a month ago""}, {""text"": ""The tonkatsu ramen was delicious. The chashu on the ramen was definitely on point \ud83d\udc4c\ud83c\udffd\ud83d\udc4c\ud83c\udffd"", ""rating"": 5, ""author"": ""Chun Kit Peng"", ""published"": ""6 months ago""}]",Hidden Gem,"{""standout_dishes"": [""Tonkotsu ramen, rich and flavorful"", ""Kara age (fried chicken)"", ""Curry ramen"", ""Mushroom ramen with clean broth""], ""vibe_and_service"": [""Attentive, friendly service, with staff like Yong getting shout-outs"", ""Small, cozy, very clean spot with a chill vibe and good music"", ""Fast service and fair value, including $2 noodle refills""], ""wait_time_note"": null}"
r_d6137b,100.0,0.2448969027829561,0.0,0.84,4.780825280808327,4.938651039477436,0.1578257586691087,4.7019124014737725,Seichou Ramen,Elmhurst,Restaurant,NYC,ChIJPeWzOO9fwokR_u6ECew2TjY,"85-07 Whitney Ave, Elmhurst, NY 11373",4.9,139.0,https://komriwzkkknrsirifgqg.supabase.co/storage/v1/object/public/restaurant-photos/r_d6137b.jpg,https://www.google.com/maps/search/?api=1&query=Seichou%20Ramen&query_place_id=ChIJPeWzOO9fwokR_u6ECew2TjY,25.0,40.741582,-73.880002,9.151,0.9064748201438848,10.0,0.0071942446043165,0.8992805755395683,139.0,222.0,1.0,1.0,11373.0,0.86,0.3720930232558139,0.0,0.5116279069767442,0.1860465116279069,16.0,181.6046511627907,0.5790643887833066,(718) 799-4463,https://seichouramen.com/,"[{""day"": ""Monday"", ""hours"": ""12 to 10\u202fPM""}, {""day"": ""Tuesday"", ""hours"": ""12 to 10\u202fPM""}, {""day"": ""Wednesday"", ""hours"": ""12 to 10\u202fPM""}, {""day"": ""Thursday"", ""hours"": ""12 to 10\u202fPM""}, {""day"": ""Friday"", ""hours"": ""12 to 10\u202fPM""}, {""day"": ""Saturday"", ""hours"": ""12 to 10\u202fPM""}, {""day"": ""Sunday"", ""hours"": ""12 to 10\u202fPM""}]","[""https://lh3.googleusercontent.com/gps-cs-s/AHVAweqf2O57e647y_u8MHrDCxHFERm3tkaVmhISp1ngCI6VB3X_Jz2-dNXwVpDObG5rN-H4nSZYCzaa5yBgJ8L5nwYKtnN9npdqtyYb4Qm-NZAyCdDg3UhtYDkE3pGEoCpf72saWMYK3oEsRmtu=w1920-h1080-k-no""]","[{""text"": ""Wow, great broth and authentic! Mike is the best!"", ""rating"": 5, ""author"": ""Sebastian Mejia"", ""published"": ""3 weeks ago""}, {""text"": ""Great ramen and Pork Katsu curry. Great prices and good ingredients."", ""rating"": 5, ""author"": ""viki akki"", ""published"": ""a month ago""}, {""text"": ""A nice hidden gem in elmhurst queens. Delicious ramen & very welcoming! \ud83d\ude0b"", ""rating"": 5, ""author"": ""Orlando O"", ""published"": ""2 months ago""}]",,"{""standout_dishes"": [""Steak ramen with perfectly cooked meat"", ""Pork katsu curry, tender and crispy"", ""Fried squid legs, super crispy""], ""vibe_and_service"": [""Friendly, welcoming staff and very good service"", ""Clean, cozy spot with plenty of space inside"", ""Good prices and a lunch special worth ordering""], ""wait_time_note"": null}"
r_df46dc,35.0,0.2278628362016631,0.0,0.8571428571428571,4.931696146533253,4.909147779398725,0.0,4.931696146533253,The Original Famous Pita & Falafel Tanami,Flushing,Restaurant,NYC,ChIJ3QwlzRJhwokR41DYbo3xjxs,"72-15 Kissena Blvd, Flushing, NY 11367",4.9,35.0,https://komriwzkkknrsirifgqg.supabase.co/storage/v1/object/public/restaurant-photos/r_df46dc.jpg,https://www.google.com/maps/search/?api=1&query=The%20Original%20Famous%20Pita%20%26%20Falafel%20Tanami&query_place_id=ChIJ3QwlzRJhwokR41DYbo3xjxs,,40.7283123,-73.8142526,14.924,0.9714285714285714,10.0,0.0,0.9714285714285714,35.0,45.0,0.0,1.0,11367.0,0.8857142857142857,0.5806451612903226,0.064516129032258,0.6451612903225806,0.0967741935483871,9.0,194.70967741935485,0.5788865777373962,(718) 500-3321,https://www.falafeltanami.net/,"[{""day"": ""Monday"", ""hours"": ""10:30\u202fAM to 9\u202fPM""}, {""day"": ""Tuesday"", ""hours"": ""10:30\u202fAM to 9\u202fPM""}, {""day"": ""Wednesday"", ""hours"": ""10:30\u202fAM to 9\u202fPM""}, {""day"": ""Thursday"", ""hours"": ""11\u202fAM to 10\u202fPM""}, {""day"": ""Friday"", ""hours"": ""Closed""}, {""day"": ""Saturday"", ""hours"": ""Closed""}, {""day"": ""Sunday"", ""hours"": ""11\u202fAM to 9\u202fPM""}]","[""https://lh3.googleusercontent.com/gps-cs-s/AHVAweq42-mBHIBtG3D_liA8G7La6EV4wodzHviToislp6xLmQzhBKlvTWsXL3xD4pobb9wW8gYgxwOO90sklNRtwRGL10zux9MYcuoJ7Dwiw0IELAzcfsUyUSDgtwRPzrbOmAYw3TbZJhXB6wez=w1920-h1080-k-no""]","[{""text"": ""Awesome place would definitely recommend a family and friends and great prices too"", ""rating"": 5, ""author"": ""eyal babayev"", ""published"": ""4 months ago""}, {""text"": ""I got a have pita falafel for $6 and change and it was great. I would definitely go here again."", ""rating"": 5, ""author"": ""Jeff Orlick"", ""published"": ""a month ago""}, {""text"": ""Really really REALLY good falafel. Came out tasty, fresh and hot. Worth the visit!! Affordable too. Impressed!! Thanks for the delicious dinner!"", ""rating"": 5, ""author"": ""Yael W"", ""published"": ""4 months ago""}]",Hidden Gem,"{""standout_dishes"": [""Fresh, crisp falafel in pita"", ""Shawarma laffa"", ""Freshly baked pita and lafa""], ""vibe_and_service"": [""Friendly, welcoming staff, with Bruce and Roman called out by name"", ""Generous portions at affordable prices"", ""Tucked into a clean corner of Aron's grocery store, so it's an easy stop while shopping""], ""wait_time_note"": null}"
r_74e491,50.0,0.1831163304432483,0.0,0.94,4.551400890916375,4.463994454018061,0.0,4.551400890916375,Hart's,Bedford-Stuyvesant,Mediterranean,NYC,ChIJhYcE0JlbwokRVjovgUYR65M,"506 Franklin Ave, Brooklyn, NY 11238",4.6,411.0,https://komriwzkkknrsirifgqg.supabase.co/storage/v1/object/public/restaurant-photos/r_74e491.jpg,https://www.google.com/maps/search/?api=1&query=Hart's&query_place_id=ChIJhYcE0JlbwokRVjovgUYR65M,75.0,40.6814716,-73.9558927,8.86,0.7566909975669099,10.0,0.0194647201946472,0.7372262773722628,411.0,251.0,0.0,3.0,11238.0,0.7,0.2857142857142857,0.0571428571428571,0.4,0.0571428571428571,5.0,223.8571428571429,0.5784921734379364,(718) 636-6228,http://www.hartsbrooklyn.com/,"[{""day"": ""Monday"", ""hours"": ""5:30 to 10:30\u202fPM""}, {""day"": ""Tuesday"", ""hours"": ""5:30 to 10:30\u202fPM""}, {""day"": ""Wednesday"", ""hours"": ""5:30 to 10:30\u202fPM""}, {""day"": ""Thursday"", ""hours"": ""5:30 to 10:30\u202fPM""}, {""day"": ""Friday"", ""hours"": ""5:30 to 10:30\u202fPM""}, {""day"": ""Saturday"", ""hours"": ""5:30 to 10:30\u202fPM""}, {""day"": ""Sunday"", ""hours"": ""5:30 to 10:30\u202fPM""}]","[""https://lh3.googleusercontent.com/gps-cs-s/AHVAweq0XoIfb80wDlw1t7FG02cQZR76g4yRZoTez4Q3Uk3xRwUILw6ZVxAaU_1edJ_3tAhmP3yJqE-Pr9sElOtvxG-WmgRHszudMWjDnlpYlBpI4BwdAy0KAhION0_pMBfI7tBiPZfi=w1920-h1080-k-no""]","[{""text"": ""I wish it wowed me more, but it was just good."", ""rating"": 4, ""author"": ""Seanna P"", ""published"": ""a week ago""}, {""text"": ""Cozy place with delicious small plates and wine menu. Clam Toast is a must."", ""rating"": 5, ""author"": ""Bruce"", ""published"": ""7 months ago""}, {""text"": ""Cozy local excellent food, superb staff, highly recommended. Small place, book ahead."", ""rating"": 5, ""author"": ""Kirk Lindgren"", ""published"": ""3 months ago""}]",,"{""standout_dishes"": [""Clam toast with pancetta"", ""Olive oil cake with rhubarb"", ""Lamb burger""], ""vibe_and_service"": [""Small, cozy, stylish room that gets lively by evening, good for an intimate dinner"", ""Attentive, friendly service and a short but high-quality cocktail and wine list""], ""wait_time_note"": ""It's a very small place, so several reviews recommend booking ahead, though one visitor arrived right at opening (5:30pm) and got a bar seat immediately.""}"
r_1d162b,50.0,0.1933594218521446,0.0,0.92,4.089714410730643,4.251230695428976,0.1615162846983331,4.008956268381477,Arepera Guacuco,Bushwick,American,NYC,ChIJA8vi1QJcwokRsUBXcVCMFO4,"44 Irving Ave, Brooklyn, NY 11237",4.5,1266.0,https://komriwzkkknrsirifgqg.supabase.co/storage/v1/object/public/restaurant-photos/r_1d162b.jpg,https://www.google.com/maps/search/?api=1&query=Arepera%20Guacuco&query_place_id=ChIJA8vi1QJcwokRsUBXcVCMFO4,15.0,40.7046089,-73.9245904,7.869,0.7535545023696683,10.0,0.0347551342812006,0.7187993680884676,1266.0,736.0,1.0,4.0,11237.0,0.74,0.1351351351351351,0.1351351351351351,0.3513513513513513,0.1621621621621621,1.0,261.4594594594595,0.577861134558149,(347) 305-3300,http://www.guacuconyc.com/,"[{""day"": ""Monday"", ""hours"": ""12 to 10\u202fPM""}, {""day"": ""Tuesday"", ""hours"": ""12 to 10\u202fPM""}, {""day"": ""Wednesday"", ""hours"": ""12 to 10\u202fPM""}, {""day"": ""Thursday"", ""hours"": ""12 to 10\u202fPM""}, {""day"": ""Friday"", ""hours"": ""12 to 10:30\u202fPM""}, {""day"": ""Saturday"", ""hours"": ""11\u202fAM to 10:30\u202fPM""}, {""day"": ""Sunday"", ""hours"": ""11\u202fAM to 10:30\u202fPM""}]","[""https://lh3.googleusercontent.com/gps-cs-s/AHVAweo3vpImzyrT3JXu6SdCXu3CiwoKJvoBtMMBaUqlEIp-MXZnmGt_8DTVDTTTgMD1SPEB_74UtRe4kkWYnWSRvuUsn6K92Ch9YHPgl-eEhEvWJwZG3Uh6lneckPgL8LQ7a7N01Lg0=w1920-h1080-k-no""]","[{""text"": ""Been here a few times- amazing every time!"", ""rating"": 5, ""author"": ""Kenyon Dunscomb"", ""published"": ""3 months ago""}, {""text"": ""Best arepa in BK, and, dare I say, all of NYC?"", ""rating"": 5, ""author"": ""Jordan Bleckner"", ""published"": ""a week ago""}, {""text"": ""I\u2019ve tried the reina pepiada arepa!!! Thank you guys, this is so good!!"", ""rating"": 5, ""author"": ""Marlene Colombo Baeza"", ""published"": ""5 months ago""}]",,"{""standout_dishes"": [""Arepas (reina pepiada, stuffed shredded beef)"", ""Empanadas"", ""Green sauce""], ""vibe_and_service"": [""Friendly, quick staff mentioned across many reviews"", ""Small, cozy spot with fresh food made to order""], ""wait_time_note"": ""It tends to be busy, but a couple of reviewers say the food is worth being patient for.""}"
r_a2d548,50.0,0.2308111891624968,0.0,0.84,4.803287300946603,4.721009321788671,0.0,4.803287300946603,Thai Villa,East Village,Thai,NYC,ChIJfd-PtKNZwokR-m-0kzVTgBs,"5 E 19th St, New York, NY 10003",4.7,7546.0,https://komriwzkkknrsirifgqg.supabase.co/storage/v1/object/public/restaurant-photos/r_a2d548.jpg,https://www.google.com/maps/search/?api=1&query=Thai%20Villa&query_place_id=ChIJfd-PtKNZwokR-m-0kzVTgBs,40.0,40.7390045,-73.9906704,2.154,0.8221574344023324,10.0,0.0213358070500927,0.8008216273522396,7546.0,11070.0,1.0,1.0,10003.0,0.82,0.073170731707317,0.024390243902439,0.4634146341463415,0.048780487804878,3.0,184.3170731707317,0.5777311753118484,(212) 802-9999,https://thaivillanyc.com/,"[{""day"": ""Monday"", ""hours"": ""11:30\u202fAM to 3:15\u202fPM, 4:30 to 10:15\u202fPM""}, {""day"": ""Tuesday"", ""hours"": ""11:30\u202fAM to 3:15\u202fPM, 4:30 to 10:15\u202fPM""}, {""day"": ""Wednesday"", ""hours"": ""11:30\u202fAM to 3:15\u202fPM, 4:30 to 10:15\u202fPM""}, {""day"": ""Thursday"", ""hours"": ""11:30\u202fAM to 3:15\u202fPM, 4:30 to 10:15\u202fPM""}, {""day"": ""Friday"", ""hours"": ""11:30\u202fAM to 3:15\u202fPM, 4:30 to 10:40\u202fPM""}, {""day"": ""Saturday"", ""hours"": ""11:30\u202fAM to 3:15\u202fPM, 4:30 to 10:40\u202fPM""}, {""day"": ""Sunday"", ""hours"": ""11:30\u202fAM to 3:15\u202fPM, 4:30 to 10:15\u202fPM""}]","[""https://lh3.googleusercontent.com/gps-cs-s/AHVAwernjdirPr4T9_n4rw-GVfXGjoWAN45WJ_4eFapBCEfrSgSzTQycV5QrN27KAi8KkA5mweVGVurmd-QAnok0ywlE9RGXiB5BSXxQLBJcFn5puBIfgXm7f--NAhnE3YbaePvMpHFd=w1920-h1080-k-no""]","[{""text"": ""beautiful restaurant with the kindest, most attentive staff and very delicious, authentic thai food!"", ""rating"": 5, ""author"": ""Tharub Thameem"", ""published"": ""3 days ago""}, {""text"": ""Pear, thank you for your help, great service and delicious food, definitely will come back and recommend !!! \ud83d\udc96\ud83d\udc96\ud83c\udf38\ud83c\udf88\ud83d\ude3b"", ""rating"": 5, ""author"": ""Nino Lordkipanidze"", ""published"": ""4 days ago""}, {""text"": ""Thai Villa is an absolute must go. Their staff and service is utterly amazing! So friendly, helpful and quick. The food is something I crave and wish I could get back home. Every dish that I have tried has been 10/10. Definitely come try it!"", ""rating"": 5, ""author"": ""Meg Slagter"", ""published"": ""2 weeks ago""}]",Universally Loved,"{""standout_dishes"": [""Pad Thai (including Royal Pad Thai)"", ""Mango sticky rice"", ""Thai iced tea"", ""Pad See Ew with beef""], ""vibe_and_service"": [""Beautiful, elegant interior that's roomy and good for dates, friends, and family"", ""Friendly, attentive staff, with servers like Pear singled out by name"", ""Big portions that work well for sharing with a group""], ""wait_time_note"": ""Reserve ahead since it gets packed and popular, and one party got stuck waiting about 30 minutes for a table, though on a busy Friday another group was seated promptly with a reservation.""}"
r_5090e4,50.0,0.2034782433946847,0.02,0.94,4.558003868922018,4.434964079852478,0.0,4.558003868922018,Dante West Village,West Village,Restaurant,NYC,ChIJubHjIlVZwokRaiUpZRO1rgE,"551 Hudson St, New York, NY 10014",4.5,1184.0,https://komriwzkkknrsirifgqg.supabase.co/storage/v1/object/public/restaurant-photos/r_5090e4.jpg,https://www.google.com/maps/search/?api=1&query=Dante%20West%20Village&query_place_id=ChIJubHjIlVZwokRaiUpZRO1rgE,75.0,40.7352026,-74.0062505,3.085,0.7981418918918919,10.0,0.0599662162162162,0.7381756756756757,1184.0,2016.0,1.0,2.0,10014.0,0.74,0.1081081081081081,0.027027027027027,0.5405405405405406,0.027027027027027,4.0,226.16216216216216,0.577143893718413,(212) 982-8799,https://www.dante-nyc.com/wv/,"[{""day"": ""Monday"", ""hours"": ""10\u202fAM to 12\u202fAM""}, {""day"": ""Tuesday"", ""hours"": ""10\u202fAM to 12\u202fAM""}, {""day"": ""Wednesday"", ""hours"": ""10\u202fAM to 12\u202fAM""}, {""day"": ""Thursday"", ""hours"": ""10\u202fAM to 12\u202fAM""}, {""day"": ""Friday"", ""hours"": ""10\u202fAM to 12\u202fAM""}, {""day"": ""Saturday"", ""hours"": ""10\u202fAM to 12\u202fAM""}, {""day"": ""Sunday"", ""hours"": ""10\u202fAM to 11\u202fPM""}]","[""https://lh3.googleusercontent.com/gps-cs-s/AHVAweqYI7eypg1MiWv7B074jEWbHSsevRYLRunBcTmoH6hx804bYG_NcSMvDnk9eeRzxn5bRqV0nEfM45kIdGN-rpL4rYDS0D6FCVfVqQZgZVMatwgTXrPuUa7oEkCecqb7NlW_mDzU1TfQvWA7=w1920-h1080-k-no""]","[{""text"": ""We stopped by for martinis and they were tasty."", ""rating"": 4, ""author"": ""Sam"", ""published"": ""a month ago""}, {""text"": ""Great drinks, desserts, and the best soap on the island"", ""rating"": 5, ""author"": ""Samuel Albert"", ""published"": ""3 months ago""}, {""text"": ""david was serving us and we had a great experience tonight, thank you!"", ""rating"": 5, ""author"": ""Nick Spreen"", ""published"": ""a month ago""}]",,"{""standout_dishes"": [""Martinis during martini hour"", ""Banana bread"", ""Oysters""], ""vibe_and_service"": [""Martini hour and happy hour are a big draw, with good quality, generous pours, and solid value"", ""Relaxed but stylish, cozy, lively atmosphere that works for brunch, pre-theater drinks, or dinner"", ""Several diners mention attentive, friendly service from specific staff""], ""wait_time_note"": null}"
r_3d2418,50.0,0.191047676872428,0.0,0.94,4.39241445487386,4.624301476844323,0.2318870219704631,4.276470943888628,Dominick's,Belmont,Italian,NYC,ChIJn1_QWIf0wokROm8gWiL2oOU,"2335 Arthur Ave, Bronx, NY 10458",4.5,968.0,https://komriwzkkknrsirifgqg.supabase.co/storage/v1/object/public/restaurant-photos/r_3d2418.jpg,https://www.google.com/maps/search/?api=1&query=Dominick's&query_place_id=ChIJn1_QWIf0wokROm8gWiL2oOU,40.0,40.8542919,-73.8888824,13.479,0.7510330578512396,10.0,0.0371900826446281,0.7138429752066116,968.0,745.0,0.0,2.0,10458.0,0.7,0.2571428571428571,0.1428571428571428,0.4857142857142857,0.2,1.8,252.82857142857145,0.5764264177210837,(718) 733-2807,https://www.facebook.com/Dominicks-Restaurant-102210239822815/,"[{""day"": ""Monday"", ""hours"": ""Closed""}, {""day"": ""Tuesday"", ""hours"": ""Closed""}, {""day"": ""Wednesday"", ""hours"": ""Closed""}, {""day"": ""Thursday"", ""hours"": ""12 to 9\u202fPM""}, {""day"": ""Friday"", ""hours"": ""12 to 9\u202fPM""}, {""day"": ""Saturday"", ""hours"": ""12 to 9\u202fPM""}, {""day"": ""Sunday"", ""hours"": ""12 to 8\u202fPM""}]","[""https://lh3.googleusercontent.com/gps-cs-s/AHVAweoh7ymIQWjp5CZlfQneJTGt5rLC9xuyjtz3HGmrQBnMXd78SxPa7sQA4hDrxQycxE2WG17jGhXGgebAznQrgZxJP8RVWNhXpg-pjuxUPGkCHS5wHQRzWjUZlwB5lZIZpA96hFeP=w1920-h1080-k-no""]","[{""text"": ""Kind of pricey delicious meal . Definitely be back"", ""rating"": 5, ""author"": ""Glenn Oneill"", ""published"": ""4 months ago""}, {""text"": ""Traditional Arthur Ave.  I love it, can't wait to go back."", ""rating"": 5, ""author"": ""Kate Fahey"", ""published"": ""10 months ago""}, {""text"": ""Great place, food is amazing. A place for the entire family."", ""rating"": 5, ""author"": ""Martha Reyes"", ""published"": ""7 months ago""}]",,"{""standout_dishes"": [""Chicken parmesan"", ""Linguine with shrimp and calamari""], ""vibe_and_service"": [""Authentic family-style dining on Arthur Avenue, with big shared tables and huge portions"", ""Fast, efficient service, and you can skip the menu and ask the waiter for recommendations or specials"", ""Good for family and group meals, with fair pricing for the quality of ingredients""], ""wait_time_note"": null}"
r_4fef24,50.0,0.2408274101548145,0.0,0.82,4.815148249169472,4.768850148263801,0.0,4.815148249169472,SUteiShi Japanese Restaurant,Financial District,Japanese,NYC,ChIJGxpCtzxawokRWS7MVDYfA8E,"24 Peck Slip, New York, NY 10038",4.6,714.0,https://komriwzkkknrsirifgqg.supabase.co/storage/v1/object/public/restaurant-photos/r_4fef24.jpg,https://www.google.com/maps/search/?api=1&query=SUteiShi%20Japanese%20Restaurant&query_place_id=ChIJGxpCtzxawokRWS7MVDYfA8E,75.0,40.707806,-74.00185,5.742,0.7717086834733894,10.0,0.026610644257703,0.7450980392156863,714.0,1169.0,0.0,2.0,10038.0,0.76,0.3421052631578947,0.0789473684210526,0.2631578947368421,0.0263157894736842,4.333333333333333,181.81578947368425,0.576085935310064,(212) 766-2344,http://www.suteishi.com/,"[{""day"": ""Monday"", ""hours"": ""Closed""}, {""day"": ""Tuesday"", ""hours"": ""11\u202fAM to 10\u202fPM""}, {""day"": ""Wednesday"", ""hours"": ""11\u202fAM to 10\u202fPM""}, {""day"": ""Thursday"", ""hours"": ""11\u202fAM to 10\u202fPM""}, {""day"": ""Friday"", ""hours"": ""11\u202fAM to 10\u202fPM""}, {""day"": ""Saturday"", ""hours"": ""11\u202fAM to 10\u202fPM""}, {""day"": ""Sunday"", ""hours"": ""3 to 10\u202fPM""}]","[""https://lh3.googleusercontent.com/gps-cs-s/AHVAweoo3T6PKjNTroaDsinNtOgCCqqMlKsbCAcSpnbMvfJmIrnWoYwIUWbadZEiheGlc4oqWZjIHVbpPCi5AnUuv3Ky5qDwHgnKZcS_Jm2y70uqEswTmFw_mtAv7ZG-9LZ10KLlmaG93w=w1920-h1080-k-no""]","[{""text"": ""great food! one of my favorite places in seaport District"", ""rating"": 5, ""author"": ""David Robles"", ""published"": ""Edited a month ago""}, {""text"": ""Really good food, enjoyed the service nice and kind staff."", ""rating"": 5, ""author"": ""Shannon Dodd"", ""published"": ""6 months ago""}, {""text"": ""Hands down the best Sushi in the city we will definitely be returning thank you again \ud83d\ude4f\ud83c\udffe\ud83d\udcaf"", ""rating"": 5, ""author"": ""Lex Luger"", ""published"": ""5 months ago""}]",Local Favorite,"{""standout_dishes"": [""Pomegranate margaritas"", ""Omakase with Chef Kin""], ""vibe_and_service"": [""Friendly, attentive staff who check in even when busy"", ""Modern, relaxed, cool and chill atmosphere with a nice view"", ""Sitting at the sushi bar to watch personable chefs work fast""], ""wait_time_note"": null}"
r_7793cc,100.0,0.3366789388551602,0.0,0.62,3.7301996531870665,3.80527694189396,0.0750772887068929,3.69266100883362,Suyo Gastrofusion,West Bronx,Restaurant,NYC,ChIJvRXKoD70wokRgXaViMBas0Q,"1401 Plaza Dr, Bronx, NY 10452",4.5,1174.0,https://komriwzkkknrsirifgqg.supabase.co/storage/v1/object/public/restaurant-photos/r_7793cc.jpg,https://www.google.com/maps/search/?api=1&query=Suyo%20Gastrofusion&query_place_id=ChIJvRXKoD70wokRgXaViMBas0Q,,40.840605,-73.918249,10.805,0.7593856655290102,10.0,0.0477815699658703,0.71160409556314,1172.0,1744.0,1.0,1.0,10452.0,0.74,0.1891891891891892,0.1351351351351351,0.2702702702702703,0.1081081081081081,1.4,297.5405405405405,0.5753891451798551,(718) 537-7896,https://suyonyc.com/,"[{""day"": ""Monday"", ""hours"": ""3 to 11\u202fPM""}, {""day"": ""Tuesday"", ""hours"": ""3 to 11\u202fPM""}, {""day"": ""Wednesday"", ""hours"": ""3 to 11\u202fPM""}, {""day"": ""Thursday"", ""hours"": ""3 to 11\u202fPM""}, {""day"": ""Friday"", ""hours"": ""12\u202fPM to 1\u202fAM""}, {""day"": ""Saturday"", ""hours"": ""12\u202fPM to 1\u202fAM""}, {""day"": ""Sunday"", ""hours"": ""12 to 11\u202fPM""}]","[""https://lh3.googleusercontent.com/gps-cs-s/AHVAwerHiXXEal1wlCOrgzZ8ztWpX4Q4UG1M9MrxRlfreoXmcgMaccGAswcjMWZ2Y6IJi9__2K8eSjnEMST9_hSiy-DCFwe54ja5BWqOfNn1hQvDZVcBN45evFSXn6zoXseygA4SCO9NKfKXpAmX=w1920-h1080-k-no""]","[{""text"": ""Food was incredible! Service was next level!"", ""rating"": 5, ""author"": ""J"", ""published"": ""4 months ago""}, {""text"": ""Food was great and ambiance wasn\u2019t bad but service was okay. Had to constantly get waitress attention."", ""rating"": 4, ""author"": ""Marilu Perez"", ""published"": ""Edited 3 months ago""}, {""text"": ""Drinks, food, and service are all 5 star ratings! One of my favorite places to go to and hidden gem in the Bronx."", ""rating"": 5, ""author"": ""Tiffany Dubon"", ""published"": ""Edited 2 months ago""}]",,"{""standout_dishes"": [""Chicken empanadas""], ""vibe_and_service"": [""Great atmosphere with good music and a beautiful, clean space"", ""Drinks are well balanced and the happy hour crowd is lively"", ""Some servers stand out, like Katherine, though service can vary depending on the day and how busy it is""], ""wait_time_note"": null}"
r_2fb16e,50.0,0.2159781562519891,0.02,0.88,4.71946202323565,4.490562758927231,0.0,4.71946202323565,Philippe Chow,Midtown East,Chinese,NYC,ChIJcYjz5e9YwokRO6lR3XH7PKA,"10 E 52nd St, New York, NY 10022",4.3,1344.0,https://komriwzkkknrsirifgqg.supabase.co/storage/v1/object/public/restaurant-photos/r_2fb16e.jpg,https://www.google.com/maps/search/?api=1&query=Philippe%20Chow&query_place_id=ChIJcYjz5e9YwokRO6lR3XH7PKA,100.0,40.7592885,-73.9756381,0.85,0.7433035714285714,8.891089108910892,0.0751488095238095,0.6681547619047619,1344.0,1237.0,0.0,6.0,10022.0,0.7,0.0571428571428571,0.0571428571428571,0.6571428571428571,0.0571428571428571,1.0,233.8571428571429,0.5749057139393904,(212) 644-8885,https://philippechow.com/,,"[""https://lh3.googleusercontent.com/gps-cs-s/AHVAwepyO7MlM26QJSAA_G3ncnl0G8ZU64gqEmHD7kSa-1gSMqxaUn4O-SHj_ULjxvXxdcDXpqUDfYYFE37I6YfHggLe0Y7uvxwnVRt_ZH_f6g55znhJbfCKKgwM1uQtR_0MWkOgWCIu7g=w1920-h1080-k-no""]","[{""text"": ""The best place for upscale Chinese food in the entire New York City"", ""rating"": 5, ""author"": ""Diana Jaworowski"", ""published"": ""9 months ago""}, {""text"": ""Didn't see nor taste the appeal. Wouldn't eat there again with someone else's money. Yuck"", ""rating"": 1, ""author"": ""M McDonald"", ""published"": ""9 months ago""}, {""text"": ""good chicken satays, and the crispy beef is better here than at mr chows in beverly hills."", ""rating"": 5, ""author"": ""Kevin Kim"", ""published"": ""10 months ago""}]",Local Favorite,"{""standout_dishes"": [""Peking duck"", ""Chicken satay"", ""Beijing Chicken"", ""Crispy beef""], ""vibe_and_service"": [""Service gets called top notch and friendly across several reviews"", ""Upscale, dimly lit, sleek atmosphere that feels like fine dining and works for dates or celebrations""], ""wait_time_note"": null}"
r_80fef1,50.0,0.1951206586027803,0.0,0.96,4.752429099546062,4.736986909758353,0.0,4.752429099546062,Burmese Harp,Bay Ridge,Japanese,NYC,ChIJFZiPIABFwokRu37q5Hg7ViA,"8510 4th Ave, Brooklyn, NY 11209",4.8,115.0,https://komriwzkkknrsirifgqg.supabase.co/storage/v1/object/public/restaurant-photos/r_80fef1.jpg,https://www.google.com/maps/search/?api=1&query=Burmese%20Harp&query_place_id=ChIJFZiPIABFwokRu37q5Hg7ViA,15.0,40.6232881,-74.0284211,15.392,0.9043478260869564,10.0,0.017391304347826,0.8869565217391304,115.0,477.0,1.0,3.0,11209.0,0.76,0.3947368421052631,0.0,0.3684210526315789,0.0526315789473684,15.0,286.42105263157896,0.5744630742318491,(347) 517-4225,http://burmeseharp.toast.site/,"[{""day"": ""Monday"", ""hours"": ""11:30\u202fAM to 8:30\u202fPM""}, {""day"": ""Tuesday"", ""hours"": ""11:30\u202fAM to 8:30\u202fPM""}, {""day"": ""Wednesday"", ""hours"": ""11:30\u202fAM to 8:30\u202fPM""}, {""day"": ""Thursday"", ""hours"": ""11:30\u202fAM to 8:30\u202fPM""}, {""day"": ""Friday"", ""hours"": ""11:30\u202fAM to 8:30\u202fPM""}, {""day"": ""Saturday"", ""hours"": ""11:30\u202fAM to 8:30\u202fPM""}, {""day"": ""Sunday"", ""hours"": ""11:30\u202fAM to 8:30\u202fPM""}]","[""https://lh3.googleusercontent.com/gps-cs-s/AHVAwep8BppJUbMyCqJRkq2OKYZd63hW62A-rzdau8tOwk1LweCL2lDK0MnIcBeuWqMmN7sb33UvGr_voyy1yq_ETUW5ZbrSzVp0HPWjGS0gro9v2zLYStmLKj4TVzN-09y71WFinwpTfw=w1920-h1080-k-no""]","[{""text"": ""Tasty! The tea leaf salad was well balanced. Good flavor and the peanuts added nice crunch."", ""rating"": 5, ""author"": ""margaux groux"", ""published"": ""3 months ago""}, {""text"": ""Did dine in and take out. Fantastic either way. Great flavor and spice. The tofu salad (no shrimp) is a vegetarian fav."", ""rating"": 5, ""author"": ""Phil H"", ""published"": ""a month ago""}, {""text"": ""All the food was super flavorful and delicious, especially on a cold/snowy day. I highly recommend the Mohinga. The owner was friendly and nice as well!"", ""rating"": 5, ""author"": ""Bryant Zeng"", ""published"": ""a month ago""}]",Local Favorite,"{""standout_dishes"": [""Mohinga rice noodle fish soup"", ""Kyae ohh garlic noodles"", ""Tea leaf salad (laphet)""], ""vibe_and_service"": [""Friendly, helpful owner who walks you through the menu and makes the place feel personal"", ""Warm, homey little spot with comforting home-style Burmese cooking"", ""Reasonable prices for the quality of the food""], ""wait_time_note"": null}"
r_f4ebfa,50.0,0.2148266517520553,0.02,0.9,4.393304139900733,4.274471604246112,0.0,4.393304139900733,Taqueria 86,Upper West Side,Mexican,NYC,ChIJXVI0sYhZwokRWU84nshhSyE,"210 W 94th St, New York, NY 10025",4.5,429.0,https://komriwzkkknrsirifgqg.supabase.co/storage/v1/object/public/restaurant-photos/r_f4ebfa.jpg,https://www.google.com/maps/search/?api=1&query=Taqueria%2086&query_place_id=ChIJXVI0sYhZwokRWU84nshhSyE,25.0,40.7929817,-73.9721688,4.045,0.8135198135198135,10.0,0.0349650349650349,0.7785547785547785,429.0,337.0,1.0,1.0,10025.0,0.72,0.1111111111111111,0.1666666666666666,0.4166666666666667,0.0277777777777777,0.6666666666666666,137.33333333333334,0.5741019850724854,(917) 675-7727,http://www.taqueria86.com/,"[{""day"": ""Monday"", ""hours"": ""3 to 10\u202fPM""}, {""day"": ""Tuesday"", ""hours"": ""3 to 10\u202fPM""}, {""day"": ""Wednesday"", ""hours"": ""3 to 10\u202fPM""}, {""day"": ""Thursday"", ""hours"": ""12 to 10\u202fPM""}, {""day"": ""Friday"", ""hours"": ""12 to 11\u202fPM""}, {""day"": ""Saturday"", ""hours"": ""12 to 11\u202fPM""}, {""day"": ""Sunday"", ""hours"": ""12 to 9\u202fPM""}]","[""https://lh3.googleusercontent.com/gps-cs-s/AHVAweqdvbnj1PlFfVyc7rYeNH-jwV1baL8dV8oryQsVt1zzvpyYnBf0GF-12O_8Ers67O-2KtLtktYv2rYKOgWfsLuxgVUnROLKga0A5usye-bIm725DJtuBpOVUwRO49esrCs1aw5r=w1920-h1080-k-no""]","[{""text"": ""Quesadilla was amazing, can't wait to go back"", ""rating"": 5, ""author"": ""Gurpreet Ghotra"", ""published"": ""7 months ago""}, {""text"": ""Great Birria Tacos! Great Service! And great ambiance"", ""rating"": 5, ""author"": ""Giovany Aguado"", ""published"": ""3 months ago""}, {""text"": ""Overpriced for mid food. $33 for 3 tacos, rice and beans"", ""rating"": 2, ""author"": ""A"", ""published"": ""Edited 7 months ago""}]",,"{""standout_dishes"": [""Tacos (birria, mushroom, pulled chicken)"", ""Quesadilla"", ""Guacamole and chips""], ""vibe_and_service"": [""Service is consistently described as friendly, attentive, and warm"", ""Food comes out fast, around 15 minutes in one visit"", ""Nice, lively atmosphere with lower noise levels, and portions that feel just right""], ""wait_time_note"": ""Food arrives quickly, and a weekday lunch around 12:30 on a Friday was nearly empty, though reviews don't say enough to know about evening waits or reservations.""}"
r_28709f,50.0,0.2100949261521561,0.0,0.9,4.243576000406341,4.289687869793669,0.0461118693873281,4.220520065712677,Da Marino NYC,Midtown,Italian,NYC,ChIJPzzlb1ZYwokRLKUznjN9t9w,"220 W 49th St APT 222, New York, NY 10019",4.2,1059.0,https://komriwzkkknrsirifgqg.supabase.co/storage/v1/object/public/restaurant-photos/r_28709f.jpg,https://www.google.com/maps/search/?api=1&query=Da%20Marino%20NYC&query_place_id=ChIJPzzlb1ZYwokRLKUznjN9t9w,35.0,40.760908,-73.985335,0.323,0.7544853635505193,6.330275229357798,0.1029272898961284,0.6515580736543909,1059.0,620.0,1.0,2.0,10019.0,0.9,0.3111111111111111,0.0666666666666666,0.5111111111111111,0.1333333333333333,4.666666666666667,314.1555555555556,0.5734348556015187,(212) 541-6601,https://www.damarinonyc.com/,"[{""day"": ""Monday"", ""hours"": ""4\u202fPM to 12\u202fAM""}, {""day"": ""Tuesday"", ""hours"": ""12\u202fPM to 12\u202fAM""}, {""day"": ""Wednesday"", ""hours"": ""12\u202fPM to 12\u202fAM""}, {""day"": ""Thursday"", ""hours"": ""12\u202fPM to 12\u202fAM""}, {""day"": ""Friday"", ""hours"": ""12\u202fPM to 12\u202fAM""}, {""day"": ""Saturday"", ""hours"": ""12\u202fPM to 12\u202fAM""}, {""day"": ""Sunday"", ""hours"": ""12\u202fPM to 12\u202fAM""}]","[""https://lh3.googleusercontent.com/gps-cs-s/AHVAweqFNl51TbkiyJELtpvDG4wcKObKbOwoxyBP2ga8smR3W6jjrX7M4t2U8K2MObXOk-vqkjLsGU-swOwjgTLGDf_ZD50kSvVzbyfMNoOW8nBWVVjNJQnXCJhzAaMllqmjb0s5x7I=w1920-h1080-k-no""]","[{""text"": ""From Mn to New York . This is a must eat !"", ""rating"": 5, ""author"": ""Chad Hansen"", ""published"": ""3 months ago""}, {""text"": ""Food was disappointing but the rest of the experience was good."", ""rating"": 4, ""author"": ""David I J Vaughan"", ""published"": ""a day ago""}, {""text"": ""Absolute best italian restaurant I have ever been to. Can not recommend enough."", ""rating"": 5, ""author"": ""Just Nick"", ""published"": ""a month ago""}]",,"{""standout_dishes"": [], ""vibe_and_service"": [""Live piano player singing and playing adds a fun, memorable touch to the night"", ""Friendly, attentive staff, with specific shout-outs to the bartender and a server named John"", ""Right in the theatre district, so it's handy for dinner or drinks before or after a show""], ""wait_time_note"": null}"
r_f59687,50.0,0.2206247889088287,0.0,0.86,4.629055608717577,4.720082870391832,0.0910272616742551,4.583541977880449,Osteria by Primo,Staten Island,Pizza,NYC,ChIJxZQI359PwokRcoim1b6Sw9Y,"1282 Richmond Rd, Staten Island, NY 10304",4.8,163.0,https://komriwzkkknrsirifgqg.supabase.co/storage/v1/object/public/restaurant-photos/r_f59687.jpg,https://www.google.com/maps/search/?api=1&query=Osteria%20by%20Primo&query_place_id=ChIJxZQI359PwokRcoim1b6Sw9Y,,40.5961133,-74.0949294,20.234,0.9447852760736196,10.0,0.0245398773006134,0.9202453987730062,163.0,195.0,1.0,4.0,10304.0,0.84,0.3571428571428571,0.0714285714285714,1.0,0.0476190476190476,5.0,339.07142857142856,0.5718801152423008,(347) 258-9782,http://www.osteriasi.com/,"[{""day"": ""Monday"", ""hours"": ""12 to 9\u202fPM""}, {""day"": ""Tuesday"", ""hours"": ""12 to 9\u202fPM""}, {""day"": ""Wednesday"", ""hours"": ""12 to 9\u202fPM""}, {""day"": ""Thursday"", ""hours"": ""12 to 9\u202fPM""}, {""day"": ""Friday"", ""hours"": ""12 to 10\u202fPM""}, {""day"": ""Saturday"", ""hours"": ""12 to 10\u202fPM""}, {""day"": ""Sunday"", ""hours"": ""12 to 9\u202fPM""}]","[""https://lh3.googleusercontent.com/gps-cs-s/AHVAweqd3I9tL74jVMYDY83sy8gaw73O-_hjb8fkLQ5uuj0O2Qx574DPEa6eOIQVjIEZLKCBX8H0FPVemE8ayoctk91HOfXofj1gHU8d8kBDvr-W6H8C50b_1QbKyL9rt4ETnovpSGyz=w1920-h1080-k-no""]","[{""text"": ""Fabulous pizza,but seating is very tight.They won\u2019t let you take slices into the restaurant part of the pizza place"", ""rating"": 4, ""author"": ""Joseph"", ""published"": ""2 months ago""}, {""text"": ""Cannot say enough about how great this restaurant is.  It\u2019s all good.  Food amazing\nService! Just a pleasure.  We took my two sons for my birthday tonight it was the best\ud83d\udcaf"", ""rating"": 5, ""author"": ""Laurel Laurino Savoca"", ""published"": ""Edited 3 months ago""}, {""text"": ""The food was really good.\nThe new young female waitress is exceptional. Always smilling, very helpful and really nice.\nThe place is a little bit noisy (mainly loud music) and kind of crowded."", ""rating"": 5, ""author"": ""Elie Bou sanayeh"", ""published"": ""2 days ago""}]",Local Favorite,"{""standout_dishes"": [], ""vibe_and_service"": [""Warm, attentive service, with the owner Dan personally taking care of guests"", ""Cozy, romantic, authentic Italian atmosphere that works well for date nights and birthday or family celebrations"", ""Strong custom cocktails, including espresso martinis, at the bar""], ""wait_time_note"": null}"
r_a90405,50.0,0.2012090304140726,0.0,0.92,3.954724488349308,4.161631574112142,0.2069070857628339,3.851270945467891,MiGarba NYC,West Village,Italian,NYC,ChIJKf7y8LlZwokREXMfkvowi7Y,"310 Bleecker St, New York, NY 10014",4.5,225.0,https://komriwzkkknrsirifgqg.supabase.co/storage/v1/object/public/restaurant-photos/r_a90405.jpg,https://www.google.com/maps/search/?api=1&query=MiGarba%20NYC&query_place_id=ChIJKf7y8LlZwokREXMfkvowi7Y,45.0,40.7326763,-74.0040228,3.222,0.84,10.0,0.0444444444444444,0.7955555555555556,225.0,177.0,0.0,1.0,10014.0,0.88,0.25,0.0681818181818181,0.6590909090909091,0.2954545454545454,3.6666666666666665,333.79545454545456,0.5714967041089851,(646) 490-6125,https://www.migarbanyc.com/,"[{""day"": ""Monday"", ""hours"": ""Closed""}, {""day"": ""Tuesday"", ""hours"": ""5 to 10:30\u202fPM""}, {""day"": ""Wednesday"", ""hours"": ""5 to 10:30\u202fPM""}, {""day"": ""Thursday"", ""hours"": ""5 to 10:30\u202fPM""}, {""day"": ""Friday"", ""hours"": ""5\u202fPM to 12:30\u202fAM""}, {""day"": ""Saturday"", ""hours"": ""5\u202fPM to 12:30\u202fAM""}, {""day"": ""Sunday"", ""hours"": ""4 to 9:30\u202fPM""}]","[""https://lh3.googleusercontent.com/gps-cs-s/AHVAwepCrOKvTvdizNstDAp66lUOXRADx4OtTwxACaYYKaLF0IkrIPVljwvm19iw7v-mdKZYtcAW3rDQ6MFT-0sM6iPu0uKfmfEbApklB8YNGrx7YHFfSHesYCVWMWctBRsL0Ptx0blLSA=w1920-h1080-k-no""]","[{""text"": ""Gummy, very salty pasta. Tasted bad too. Would not come back."", ""rating"": 1, ""author"": ""anon"", ""published"": ""a day ago""}, {""text"": ""Food is delicious so is ambiance. Best parmigiana I\u2019ve had in the US!"", ""rating"": 5, ""author"": ""Justine Vil"", ""published"": ""a month ago""}, {""text"": ""Tasty drinks.  Laid back and seems to be a neighborhood spot.  I\u2019ll be back."", ""rating"": 4, ""author"": ""Brett Renwick"", ""published"": ""7 months ago""}]",,"{""standout_dishes"": [""Short rib agnolotti"", ""Tiramisu"", ""Carbonara""], ""vibe_and_service"": [""Warm, welcoming staff who go out of their way, including Pier the owner at the bar"", ""Cozy, charming West Village spot with a nice atmosphere, though tables are small and it can get loud when full"", ""Fair prices for the quality of the food""], ""wait_time_note"": null}"
r_0b39c0,50.0,0.2525705951318304,0.02,0.8,4.357817883231094,4.307220618814177,0.0,4.357817883231094,the AM-THAI Williamsburg,Williamsburg,Thai,NYC,ChIJZdbOzT5ZwokRyxVTbaolSOk,"225 S 1st St, Brooklyn, NY 11211",4.9,782.0,https://komriwzkkknrsirifgqg.supabase.co/storage/v1/object/public/restaurant-photos/r_0b39c0.jpg,https://www.google.com/maps/search/?api=1&query=the%20AM-THAI%20Williamsburg&query_place_id=ChIJZdbOzT5ZwokRyxVTbaolSOk,25.0,40.7130051,-73.9589373,5.481,0.9373401534526854,10.0,0.0140664961636828,0.9232736572890026,782.0,711.0,1.0,2.0,11211.0,0.8,0.375,0.125,0.525,0.15,3.0,208.45,0.5707264407120237,(347) 725-3104,https://am-thainyc.com/?utm_source=google,"[{""day"": ""Monday"", ""hours"": ""12 to 4\u202fPM, 5 to 10\u202fPM""}, {""day"": ""Tuesday"", ""hours"": ""12 to 4\u202fPM, 5 to 10\u202fPM""}, {""day"": ""Wednesday"", ""hours"": ""12 to 4\u202fPM, 5 to 10\u202fPM""}, {""day"": ""Thursday"", ""hours"": ""12 to 4\u202fPM, 5 to 10\u202fPM""}, {""day"": ""Friday"", ""hours"": ""12 to 4\u202fPM, 5 to 10:15\u202fPM""}, {""day"": ""Saturday"", ""hours"": ""12 to 10:15\u202fPM""}, {""day"": ""Sunday"", ""hours"": ""12 to 10\u202fPM""}]","[""https://lh3.googleusercontent.com/gps-cs-s/AHVAwerFfPVawuDOS4EaR9GqXw5k9e2J51LGMctuHLvkziKUego6vf-Y68T07bI8V646irRC0M9EEBEzB5hMQmwTjOEZz3eiPZ-ehTg80V3WZSciv_CwV0KvBm3h5MUZpkh9eJfTBtWu=w1920-h1080-k-no""]","[{""text"": ""Thrilled to announce this place was good"", ""rating"": 5, ""author"": ""Jeff Plotkin"", ""published"": ""2 months ago""}, {""text"": ""Lovely little thai spot with amazing service"", ""rating"": 5, ""author"": ""Char Hasib"", ""published"": ""3 months ago""}, {""text"": ""Excellent food and amazing space. Every dish we tried was so delicious!"", ""rating"": 5, ""author"": ""ines schroeder"", ""published"": ""3 months ago""}]",,"{""standout_dishes"": [], ""vibe_and_service"": [""Warm, friendly, fast service, with Dodo and Mario singled out by name for making the meal feel special"", ""Cozy little spot that works well for a date night or a casual dinner with a friend"", ""Plenty of vegan options on the menu""], ""wait_time_note"": null}"
r_5fd3a0,50.0,0.297396227419961,0.0,0.66,4.876080605745496,4.682400168696613,0.0,4.876080605745496,Veres Restaurant,Sheepshead Bay,Restaurant,NYC,ChIJKSLUDLJFwokR51Q5Q_tWB9k,"2874 Coney Island Ave, Brooklyn, NY 11235",4.7,142.0,https://komriwzkkknrsirifgqg.supabase.co/storage/v1/object/public/restaurant-photos/r_5fd3a0.jpg,https://www.google.com/maps/search/?api=1&query=Veres%20Restaurant&query_place_id=ChIJKSLUDLJFwokR51Q5Q_tWB9k,100.0,40.5862335,-73.9606363,19.183,0.9295774647887324,10.0,0.0352112676056338,0.8943661971830986,142.0,74.0,1.0,3.0,11235.0,0.84,0.2619047619047619,0.0476190476190476,0.3333333333333333,0.0476190476190476,5.5,343.3095238095238,0.570496944150927,(718) 942-4443,https://veresrestaurant.com/,"[{""day"": ""Monday"", ""hours"": ""Closed""}, {""day"": ""Tuesday"", ""hours"": ""Closed""}, {""day"": ""Wednesday"", ""hours"": ""12 to 10\u202fPM""}, {""day"": ""Thursday"", ""hours"": ""12 to 10\u202fPM""}, {""day"": ""Friday"", ""hours"": ""12 to 11:30\u202fPM""}, {""day"": ""Saturday"", ""hours"": ""12 to 11:30\u202fPM""}, {""day"": ""Sunday"", ""hours"": ""12 to 11\u202fPM""}]","[""https://lh3.googleusercontent.com/gps-cs-s/AHVAweqNXlU44UQgVs54_UNA1gGL8yWQrxJ1POcWnA9NewCxoK5CzJ3DEbgEuLgGrqZ1v1ULEJ257rC65rquk6FzaGTV5verC33PlIWfqTmx7gwkEUP9kYo9iGA5RYJNrxd0UxDrRbbmNZGtpRC5=w1920-h1080-k-no""]","[{""text"": ""Delicious food and very attentive service. Highly recommend"", ""rating"": 5, ""author"": ""Boris Guberman"", ""published"": ""a week ago""}, {""text"": ""Everything from the service to the food itself is perfect. Borshch is rich and beautifully presented.\nAuthentic Ukrainian food. Very clean and nice atmosphere too."", ""rating"": 5, ""author"": ""Vika Victoria"", ""published"": ""a month ago""}, {""text"": ""Veres is my favorite restaurant in Brooklyn!\nThe food is absolutely delicious \u2014 authentic Ukrainian flavors that remind me of home. Everything is fresh, beautifully presented, and made with love.\n\nThe service is always warm and attentive, and the staff makes you feel welcome from the moment you walk in. The atmosphere is special \u2014 live Ukrainian music and traditional dancing create such a joyful and vibrant experience.\n\nIt\u2019s more than just a restaurant \u2014 it\u2019s a place where culture, food, and people come together. I always leave happy and can\u2019t wait to come back!\n\nHighly recommend \u2764\ufe0f\nP.S thank you so much for Bogdana she is vary king perso and good worker"", ""rating"": 5, ""author"": ""Nalien"", ""published"": ""Edited a month ago""}]",Hidden Gem,"{""standout_dishes"": [""Chicken Kiev"", ""Borshch""], ""vibe_and_service"": [""Warm, attentive service, with staff like Bohdana and Taras singled out by name"", ""Lively atmosphere with live Ukrainian music and traditional dancing, plus plenty of space for birthdays and group parties""], ""wait_time_note"": null}"
r_71c31d,50.0,0.2115477472738643,0.0,0.92,4.673798175644009,4.63093169193856,0.0,4.673798175644009,Plado Tasting Bar,East Village,Mediterranean,NYC,ChIJN3WABWJZwokR0QK0c7049GM,"192 E 2nd St, New York, NY 10009",4.7,429.0,https://komriwzkkknrsirifgqg.supabase.co/storage/v1/object/public/restaurant-photos/r_71c31d.jpg,https://www.google.com/maps/search/?api=1&query=Plado%20Tasting%20Bar&query_place_id=ChIJN3WABWJZwokR0QK0c7049GM,100.0,40.7223739,-73.9840087,3.957,0.8461538461538461,10.0,0.0233100233100233,0.8228438228438228,429.0,860.0,1.0,2.0,10009.0,0.74,0.054054054054054,0.081081081081081,0.2162162162162162,0.2432432432432432,0.6666666666666666,257.1351351351352,0.5703619108080512,(646) 850-5151,https://pladohospitality.com/,"[{""day"": ""Monday"", ""hours"": ""4 to 11\u202fPM""}, {""day"": ""Tuesday"", ""hours"": ""4 to 11\u202fPM""}, {""day"": ""Wednesday"", ""hours"": ""4 to 11\u202fPM""}, {""day"": ""Thursday"", ""hours"": ""4 to 11\u202fPM""}, {""day"": ""Friday"", ""hours"": ""4\u202fPM to 12\u202fAM""}, {""day"": ""Saturday"", ""hours"": ""12\u202fPM to 12\u202fAM""}, {""day"": ""Sunday"", ""hours"": ""12 to 11\u202fPM""}]","[""https://lh3.googleusercontent.com/gps-cs-s/AHVAweqRY2Pme4h-PjbA3ai4UD-ElJNooOsrSUYxW8urOrlrtBoGIpHEu_51gHnqtKuERgZRhggatJx5H_c447-XK3zyOJtotavvh9C0z36LiUwoOksRMw9FlIFrP-BoFw7RnZPz2zdp=w1920-h1080-k-no""]","[{""text"": ""Best food ever!!! athis gnochhi was out of the world!"", ""rating"": 5, ""author"": ""wieke muller"", ""published"": ""4 months ago""}, {""text"": ""Great food and especially great atmosphere.  I'd go back in a heartbeat!!!"", ""rating"": 5, ""author"": ""Cekiel Danielson"", ""published"": ""2 months ago""}, {""text"": ""Good happy hour deals, reliable tapas and sangria. Laidback vibes. Would come again!"", ""rating"": 5, ""author"": ""Kris S"", ""published"": ""8 months ago""}]",Local Favorite,"{""standout_dishes"": [""Gnocchi (taro gnocchi)""], ""vibe_and_service"": [""Warm, sleek bi-level space with a European feel and a laid-back, chill vibe"", ""Great, attentive service, with Johnny and Ricardo called out by name"", ""Easy to hang out with friends over shared tapas platters and wine or sangria, plus good happy hour deals""], ""wait_time_note"": null}"
r_562138,50.0,0.2123855398320499,0.02,0.84,4.774199789845016,4.709706897580143,0.0,4.774199789845016,Bay Street Tavern,Rosebank,Restaurant,NYC,ChIJ8WZAu6dPwokRnTZCIt9m6AY,"1384 Bay St, Staten Island, NY 10305",4.7,169.0,https://komriwzkkknrsirifgqg.supabase.co/storage/v1/object/public/restaurant-photos/r_562138.jpg,https://www.google.com/maps/search/?api=1&query=Bay%20Street%20Tavern&query_place_id=ChIJ8WZAu6dPwokRnTZCIt9m6AY,25.0,40.6097734,-74.0631985,17.729,0.7869822485207101,10.0,0.0118343195266272,0.7751479289940828,169.0,84.0,1.0,2.0,10305.0,0.56,0.5357142857142857,0.0,0.3928571428571428,0.0357142857142857,15.0,165.28571428571428,0.5690125264162894,(718) 720-3254,https://www.facebook.com/baystreettavern/,"[{""day"": ""Monday"", ""hours"": ""10\u202fAM to 2\u202fAM""}, {""day"": ""Tuesday"", ""hours"": ""10\u202fAM to 2\u202fAM""}, {""day"": ""Wednesday"", ""hours"": ""10\u202fAM to 2\u202fAM""}, {""day"": ""Thursday"", ""hours"": ""10\u202fAM to 2\u202fAM""}, {""day"": ""Friday"", ""hours"": ""10\u202fAM to 2\u202fAM""}, {""day"": ""Saturday"", ""hours"": ""10\u202fAM to 2\u202fAM""}, {""day"": ""Sunday"", ""hours"": ""10\u202fAM to 2\u202fAM""}]","[""https://lh3.googleusercontent.com/gps-cs-s/AHVAweri6CmMUGfGfU9iN_MHTR6rqdFJrQ-8Lwxi07L2pS-gZhwwE0pizVLVQdAYJZ_VkuGNxfNaBuhlfYa5M2bSjMJDFXfxw4P0z6j8ZsB3MQY7byOiPM3FI1EMf9w_-URBYNCcZpWH=w1920-h1080-k-no""]","[{""text"": ""A hidden Pub.. Tucked away... Great Ice Cold drinks..."", ""rating"": 5, ""author"": ""RL Tobing"", ""published"": ""a year ago""}, {""text"": ""Great lil bar. Burgers are anazting. The live bands are always good too"", ""rating"": 5, ""author"": ""White Feather"", ""published"": ""6 months ago""}, {""text"": ""Neighborhood bar.. Friendly atmosphere with THE best wings on Staten Island!!!!"", ""rating"": 5, ""author"": ""Jacqueline Drew"", ""published"": ""Edited 2 years ago""}]",Local Favorite,"{""standout_dishes"": [""Cheeseburger, cooked well and good quality"", ""Burgers on an English muffin or classic"", ""Wings, called the best on Staten Island""], ""vibe_and_service"": [""Friendly neighborhood bar feel where the staff and bartenders are warm and attentive"", ""Lively events almost every night, including live bands, open mic, karaoke, and themed parties"", ""Good prices and cold, stiff drinks without any fuss""], ""wait_time_note"": null}"
r_6066fd,50.0,0.1844480727374492,0.0,0.96,4.4291841480598935,4.417922880992911,0.0,4.4291841480598935,Masseria East,Upper East Side,Italian,NYC,ChIJfUbyZ75YwokRMi96wHTiLBA,"1404 3rd Ave, New York, NY 10075",4.7,324.0,https://komriwzkkknrsirifgqg.supabase.co/storage/v1/object/public/restaurant-photos/r_6066fd.jpg,https://www.google.com/maps/search/?api=1&query=Masseria%20East&query_place_id=ChIJfUbyZ75YwokRMi96wHTiLBA,75.0,40.77491,-73.957163,3.054,0.845679012345679,10.0,0.0246913580246913,0.8209876543209876,324.0,329.0,1.0,9.0,10075.0,0.74,0.2162162162162162,0.081081081081081,0.4054054054054054,0.027027027027027,2.6666666666666665,167.59459459459458,0.5684979051714517,(212) 535-3520,http://www.masseriaeast.com/,"[{""day"": ""Monday"", ""hours"": ""12 to 3\u202fPM, 5 to 9:30\u202fPM""}, {""day"": ""Tuesday"", ""hours"": ""12 to 3\u202fPM, 5 to 9:30\u202fPM""}, {""day"": ""Wednesday"", ""hours"": ""12 to 3\u202fPM, 5 to 9:30\u202fPM""}, {""day"": ""Thursday"", ""hours"": ""12 to 3\u202fPM, 5 to 9:30\u202fPM""}, {""day"": ""Friday"", ""hours"": ""12 to 3\u202fPM, 5 to 9:30\u202fPM""}, {""day"": ""Saturday"", ""hours"": ""12 to 3\u202fPM, 5 to 9:30\u202fPM""}, {""day"": ""Sunday"", ""hours"": ""12 to 9:30\u202fPM""}]","[""https://lh3.googleusercontent.com/gps-cs-s/AHVAweohrZwYqxwltZXY7rhJVPv-RcwQ2iDsliK4zsPahcHzWq7Q-vmvdbmSJioKouNTNq0jlgSBJHYaeytU52nP1dk3eW7LASDMb9B5pt8derFoMzOk7aU2MzfCD6lE9XOG9Itl36Xr=w1920-h1080-k-no""]","[{""text"": ""Yes me, late but good person. You no so good."", ""rating"": 1, ""author"": ""JEFF FARMER"", ""published"": ""a year ago""}, {""text"": ""Delicious food, good atmosphere and kind service"", ""rating"": 5, ""author"": ""CocoJean JJ"", ""published"": ""11 months ago""}, {""text"": ""Excellent restaurant, food and service was wonderful."", ""rating"": 5, ""author"": ""Gary Levine"", ""published"": ""11 months ago""}]",,"{""standout_dishes"": [], ""vibe_and_service"": [""Warm, attentive service that reviewers keep calling out, including a family-owned welcome at the door and a specific shout-out to waiter Genti"", ""Cozy, elegant, neighborhood feel that works for family meals, client dinners, or a nice night out"", ""A good wine list and a dessert cart that people say not to skip""], ""wait_time_note"": null}"
r_4424a7,50.0,0.2772575416118776,0.0,0.74,4.91792723117519,4.810105654802073,0.0,4.91792723117519,Sea Salt NYC,Upper East Side,Mediterranean,NYC,ChIJYfgPUEFZwokRZ5mk9JqnxSc,"1123 1st Ave, New York, NY 10065",4.7,1071.0,https://komriwzkkknrsirifgqg.supabase.co/storage/v1/object/public/restaurant-photos/r_4424a7.jpg,https://www.google.com/maps/search/?api=1&query=Sea%20Salt%20NYC&query_place_id=ChIJYfgPUEFZwokRZ5mk9JqnxSc,75.0,40.7612933,-73.9609656,2.117,0.876750700280112,10.0,0.0261437908496732,0.8506069094304388,1071.0,884.0,1.0,3.0,10065.0,0.74,0.2162162162162162,0.027027027027027,0.6756756756756757,0.054054054054054,8.0,126.1891891891892,0.5681255524300058,(917) 261-4443,http://www.seasaltsnyc.com/,"[{""day"": ""Monday"", ""hours"": ""11\u202fAM to 10:30\u202fPM""}, {""day"": ""Tuesday"", ""hours"": ""11\u202fAM to 10:30\u202fPM""}, {""day"": ""Wednesday"", ""hours"": ""11\u202fAM to 10:30\u202fPM""}, {""day"": ""Thursday"", ""hours"": ""11\u202fAM to 11\u202fPM""}, {""day"": ""Friday"", ""hours"": ""11\u202fAM to 11:30\u202fPM""}, {""day"": ""Saturday"", ""hours"": ""11\u202fAM to 11:30\u202fPM""}, {""day"": ""Sunday"", ""hours"": ""11\u202fAM to 10\u202fPM""}]","[""https://lh3.googleusercontent.com/gps-cs-s/AHVAweoFeNSrLuOeC48wT4jDpVSDMA5HrPu04X4ZEPZgW2KSeV_YildxRS1aJo0LEo6J1-dxuhyJT8YWb1smIwvFU6N8sAnYLsdZQrigOC5AefoJLEFvS28Mp0UW6Ekttugdl2NGhcUsCA=w1920-h1080-k-no""]","[{""text"": ""We came for brunch was delicious price was worth it"", ""rating"": 5, ""author"": ""Lorena Arce"", ""published"": ""a week ago""}, {""text"": ""Everything was great.  Jeff was awesome.  10 out of 10"", ""rating"": 5, ""author"": ""samanthia deas"", ""published"": ""a month ago""}, {""text"": ""Superb Turkish waiter, homemade baklava, and excellent brunch. We\u2019ll definitely be back"", ""rating"": 5, ""author"": ""KC"", ""published"": ""a month ago""}]",Universally Loved,"{""standout_dishes"": [""Calamari"", ""Greek chips / eggplant chips""], ""vibe_and_service"": [""Service gets praised again and again, with specific servers like Jeff and Ozie called out as welcoming and genuine"", ""The room is beautiful and relaxed, and the brunch is a standout deal for the quality"", ""Good for after-work meals and easy sharing, with generous portions on the starters""], ""wait_time_note"": null}"
r_75f440,50.0,0.2537172991672416,0.02,0.78,4.590573131359652,4.52280641064749,0.0,4.590573131359652,Little Ruby's Williamsburg,Williamsburg,Restaurant,NYC,ChIJsflqP_BZwokRY8PE-jPys-w,"98 Berry St, Williamsburg, NY 11249",4.4,186.0,https://komriwzkkknrsirifgqg.supabase.co/storage/v1/object/public/restaurant-photos/r_75f440.jpg,https://www.google.com/maps/search/?api=1&query=Little%20Ruby's%20Williamsburg&query_place_id=ChIJsflqP_BZwokRY8PE-jPys-w,25.0,40.719177,-73.958643,4.877,0.7688172043010753,10.0,0.032258064516129,0.7365591397849462,186.0,252.0,1.0,1.0,11249.0,0.88,0.1590909090909091,0.0909090909090909,0.7045454545454546,0.0681818181818181,1.75,306.1136363636364,0.5680535931082124,(718) 874-3020,https://www.rubyscafe.com/location/williamsburg/,"[{""day"": ""Monday"", ""hours"": ""9\u202fAM to 12\u202fAM""}, {""day"": ""Tuesday"", ""hours"": ""9\u202fAM to 12\u202fAM""}, {""day"": ""Wednesday"", ""hours"": ""9\u202fAM to 12\u202fAM""}, {""day"": ""Thursday"", ""hours"": ""9\u202fAM to 12\u202fAM""}, {""day"": ""Friday"", ""hours"": ""9\u202fAM to 2\u202fAM""}, {""day"": ""Saturday"", ""hours"": ""9\u202fAM to 2\u202fAM""}, {""day"": ""Sunday"", ""hours"": ""9\u202fAM to 12\u202fAM""}]","[""https://lh3.googleusercontent.com/gps-cs-s/AHVAweoRrQMV-nKnGz3YCca2a39kI2MZsESaABIDyVIwRuPhzVwBVcZNtzdTz8ZDd5FUZTciH2Nrgb8w3SCd2ZNmJGH_L4SLElzO7tuHhvZe86xD6kozljspbf1Eo3_mRYiQr3O9asAS1wLeziXZ=w1920-h1080-k-no""]","[{""text"": ""Great drinks and tasty, just wish they were bigger."", ""rating"": 4, ""author"": ""Kimberly Acevedo"", ""published"": ""a month ago""}, {""text"": ""The food and the people are amazing!! My favorite new brunch spot! \ud83d\ude0a"", ""rating"": 5, ""author"": ""Julien"", ""published"": ""a month ago""}, {""text"": ""Really good steak frites and vodka pasta, went on a weekday afternoon."", ""rating"": 5, ""author"": ""Anthony Vargas"", ""published"": ""a month ago""}]",,"{""standout_dishes"": [""Spicy vodka pasta"", ""Burger (Bronte / cheeseburger)""], ""vibe_and_service"": [""Friendly, attentive staff, with servers like Dorian called out by name"", ""Cozy, bright Aussie-cafe feel with a multi-level space that works well for brunch""], ""wait_time_note"": null}"
r_1bd24a,50.0,0.2177387397372546,0.0,0.88,4.5880315672345935,4.39879611003597,0.0,4.5880315672345935,Lingo,Greenpoint,Japanese,NYC,ChIJPWi-ugVZwokRLBGafASWP6s,"27 Greenpoint Ave, Brooklyn, NY 11222",4.6,309.0,https://komriwzkkknrsirifgqg.supabase.co/storage/v1/object/public/restaurant-photos/r_1bd24a.jpg,https://www.google.com/maps/search/?api=1&query=Lingo&query_place_id=ChIJPWi-ugVZwokRLBGafASWP6s,75.0,40.729813,-73.9596779,3.822,0.7766990291262136,10.0,0.0129449838187702,0.7637540453074434,309.0,719.0,0.0,2.0,11222.0,0.82,0.1951219512195122,0.048780487804878,0.5853658536585366,0.1707317073170731,4.0,287.6341463414634,0.5679677802177147,(347) 529-4584,http://www.lingobk.com/,"[{""day"": ""Monday"", ""hours"": ""Closed""}, {""day"": ""Tuesday"", ""hours"": ""Closed""}, {""day"": ""Wednesday"", ""hours"": ""5 to 10\u202fPM""}, {""day"": ""Thursday"", ""hours"": ""5 to 10\u202fPM""}, {""day"": ""Friday"", ""hours"": ""5 to 10:30\u202fPM""}, {""day"": ""Saturday"", ""hours"": ""10:30\u202fAM to 3\u202fPM, 5 to 10:30\u202fPM""}, {""day"": ""Sunday"", ""hours"": ""10:30\u202fAM to 3\u202fPM, 5 to 10\u202fPM""}]","[""https://lh3.googleusercontent.com/gps-cs-s/AHVAweozsVM1crlR6D31eTpwSyBnUNS7e-4Rv5rgd4ldCUWm73lzG17lRGMVYSlj5cYzrIYyVq8q129HY5PeydUw2zP4Tf53yF7SV_vLUMENvyc1uxd8JCvenEbm_XIc8G-IOsKN8tTEZUW00r33=w1920-h1080-k-no""]","[{""text"": ""Great food, excellent service and nice vibes, quiet and easy to chat."", ""rating"": 5, ""author"": ""John Ess"", ""published"": ""2 weeks ago""}, {""text"": ""Really interesting fusion, had a memorable time here. I\u2019d recommend to all pie lovers."", ""rating"": 5, ""author"": ""Harry Flynn"", ""published"": ""5 months ago""}, {""text"": ""Its a fine place. For some reason, dishes can be inconsistent. That being said, the pancakes are top tier. \ud83d\udc4c"", ""rating"": 3, ""author"": ""Wilfred Wong"", ""published"": ""5 months ago""}]",,"{""standout_dishes"": [""Lingo beef pie"", ""Banana sundae dessert""], ""vibe_and_service"": [""Friendly, attentive staff who go the extra mile, like surprising birthday guests with a complimentary dessert"", ""Lively, stylish atmosphere that's great for catching up with friends and sharing lots of dishes"", ""Back patio is a nice spot for brunch""], ""wait_time_note"": null}"
r_931cd0,50.0,0.2025940626134119,0.0,0.92,4.2528228941517,4.161498148827671,0.0,4.2528228941517,Yunnan Rice Noodle House,Tribeca,Chinese,NYC,ChIJ61xsAEVbwokRS6GWvuAq5U0,"53 Bayard St, New York, NY 10013",4.1,588.0,https://komriwzkkknrsirifgqg.supabase.co/storage/v1/object/public/restaurant-photos/r_931cd0.jpg,https://www.google.com/maps/search/?api=1&query=Yunnan%20Rice%20Noodle%20House&query_place_id=ChIJ61xsAEVbwokRS6GWvuAq5U0,15.0,40.7152205,-73.9976579,4.86,0.7346938775510204,4.684210526315789,0.1292517006802721,0.6054421768707483,588.0,837.0,1.0,1.0,10013.0,0.76,0.1052631578947368,0.1578947368421052,0.2105263157894736,0.2105263157894736,0.6666666666666666,230.31578947368425,0.5668159662548139,(646) 998-5223,,"[{""day"": ""Monday"", ""hours"": ""10\u202fAM to 5\u202fAM""}, {""day"": ""Tuesday"", ""hours"": ""10\u202fAM to 5\u202fAM""}, {""day"": ""Wednesday"", ""hours"": ""10\u202fAM to 5\u202fAM""}, {""day"": ""Thursday"", ""hours"": ""10\u202fAM to 5\u202fAM""}, {""day"": ""Friday"", ""hours"": ""10\u202fAM to 5\u202fAM""}, {""day"": ""Saturday"", ""hours"": ""10\u202fAM to 5\u202fAM""}, {""day"": ""Sunday"", ""hours"": ""10\u202fAM to 5\u202fAM""}]","[""https://lh3.googleusercontent.com/gps-cs-s/AHVAwerAYkKGPxSZQGqa_02qf8T2_tmF0hpiZlmDkoxAMwOEToRrXNzhjGNDqDZUHvGZC2AWAvNUAWqRiwmXKcLGc9cl0jA6PMIkDIKICqoSe23O2_dUNOAjbOx8fMy2TzBTA6YBeGHvq78NIZ5Q=w1920-h1080-k-no""]","[{""text"": ""Nothing particularly special about this place"", ""rating"": 3, ""author"": ""Anthony Venturini"", ""published"": ""4 months ago""}, {""text"": ""So good and delicate at such an acceptable price ! Thank you \ud83d\ude4f\ud83c\udffb"", ""rating"": 5, ""author"": ""Fabrizio Pizzioli"", ""published"": ""4 months ago""}, {""text"": ""Great hot pot! Especially for single serving. Loved the fried rice."", ""rating"": 4, ""author"": ""srushti katore"", ""published"": ""3 months ago""}]",,"{""standout_dishes"": [""Original pork bone broth rice noodles"", ""Spicy green pepper (mala) soup base noodles"", ""Grilled skewers""], ""vibe_and_service"": [""Very cheap for the portion size, with unlimited rice noodle refills for dine-in"", ""Quick food and big portions, easy place to sit down and eat without much fuss""], ""wait_time_note"": ""Early evening and weekday dinners (around 5 to 6:30pm) had plenty of seats and quick seating, with food arriving fast.""}"
r_632426,50.0,0.1916270054363097,0.0,0.96,4.950946371162053,4.838440916658169,0.0,4.950946371162053,GiGi Curry & Noodle Bar,Bushwick,Thai,NYC,ChIJffKDyvldwokRCbpBkSbBrm0,"264 Bleecker St, Brooklyn, NY 11237",4.9,94.0,https://komriwzkkknrsirifgqg.supabase.co/storage/v1/object/public/restaurant-photos/r_632426.jpg,https://www.google.com/maps/search/?api=1&query=GiGi%20Curry%20%26%20Noodle%20Bar&query_place_id=ChIJffKDyvldwokRCbpBkSbBrm0,15.0,40.6992215,-73.9170569,8.741,0.9787234042553192,10.0,0.0106382978723404,0.9680851063829788,94.0,168.0,0.0,1.0,11237.0,0.82,0.5609756097560976,0.024390243902439,0.6341463414634146,0.024390243902439,23.0,218.21951219512195,0.5664011993864363,(929) 669-9505,https://eatgigi.com/,"[{""day"": ""Monday"", ""hours"": ""12 to 10\u202fPM""}, {""day"": ""Tuesday"", ""hours"": ""12 to 10\u202fPM""}, {""day"": ""Wednesday"", ""hours"": ""12 to 10\u202fPM""}, {""day"": ""Thursday"", ""hours"": ""12 to 10\u202fPM""}, {""day"": ""Friday"", ""hours"": ""12 to 10:30\u202fPM""}, {""day"": ""Saturday"", ""hours"": ""12 to 10:30\u202fPM""}, {""day"": ""Sunday"", ""hours"": ""12 to 10\u202fPM""}]","[""https://lh3.googleusercontent.com/gps-cs-s/AHVAwepzLJJu50m0AnkJpHaR9yvSsZoNyvEbh733hbPYTlfBoZt4jmu-tV_VYNygEo2nF-n78gauD8Vhg89DZZuOZvx_dOb-Ef3aAxvYVhBqAgvQ9kIlU4XtqjZ56cD4_VQ4fIKDAFkwWlMM8g0=w1920-h1080-k-no""]","[{""text"": ""Amazing! Such flavor. I got the GiGi with udon. Yum. A new neighborhood favorite!"", ""rating"": 5, ""author"": ""Roxzann De Marco"", ""published"": ""4 days ago""}, {""text"": ""Would highly recommend Gigi\u2019s, the egg noodles are to die for and the chili dumplings"", ""rating"": 5, ""author"": ""nelson cooper"", ""published"": ""3 weeks ago""}, {""text"": ""Such a great massaman curry! The fried tofu had a nice crunch. The staff are so kind and happy"", ""rating"": 5, ""author"": ""Aimee Schmale"", ""published"": ""a month ago""}]",Hidden Gem,"{""standout_dishes"": [""Gigi curry with udon or noodles"", ""Massaman curry (wontons or with udon)"", ""Vegan curry puffs"", ""Fried tofu in the curry""], ""vibe_and_service"": [""Staff are consistently friendly and kind, and one reviewer got a free green tea and soup samples from the owner"", ""Cute, cozy little spot with a lovely look, mostly bar-style seating inside plus a few outdoor tables"", ""Small menu where everything feels fresh and well-spiced, and you pick your own protein and noodles for the curry""], ""wait_time_note"": null}"
r_aafd46,100.0,0.2300533661717534,0.0,0.88,4.60268462871324,4.508282464303681,0.0,4.60268462871324,Lakou Cafe,Crown Heights,Vegan,NYC,ChIJAQBvmX5cwokRA71iUETQAZ8,"195 Utica Ave, Brooklyn, NY 11213",4.5,620.0,https://komriwzkkknrsirifgqg.supabase.co/storage/v1/object/public/restaurant-photos/r_aafd46.jpg,https://www.google.com/maps/search/?api=1&query=Lakou%20Cafe&query_place_id=ChIJAQBvmX5cwokRA71iUETQAZ8,25.0,40.6720149,-73.9306503,10.622,0.8193548387096774,10.0,0.0532258064516129,0.7661290322580645,620.0,542.0,1.0,11.0,11213.0,0.7,0.2,0.0857142857142857,0.5142857142857142,0.0571428571428571,2.333333333333333,247.9142857142857,0.5655555792309177,(347) 295-0566,https://www.lakoucafe.com/,"[{""day"": ""Monday"", ""hours"": ""9\u202fAM to 9:30\u202fPM""}, {""day"": ""Tuesday"", ""hours"": ""9\u202fAM to 9:30\u202fPM""}, {""day"": ""Wednesday"", ""hours"": ""9\u202fAM to 9:30\u202fPM""}, {""day"": ""Thursday"", ""hours"": ""9\u202fAM to 9:30\u202fPM""}, {""day"": ""Friday"", ""hours"": ""9\u202fAM to 11:30\u202fPM""}, {""day"": ""Saturday"", ""hours"": ""9\u202fAM to 11:30\u202fPM""}, {""day"": ""Sunday"", ""hours"": ""9\u202fAM to 9:30\u202fPM""}]","[""https://lh3.googleusercontent.com/gps-cs-s/AHVAweo8gfwUD5BTYw71C-SRWwaRRNlz6HYEEhNUKxUsvgJJBE9Pp3YXyj8-tXRJBbMJOfLhYkN0DEHiwPFEZJ_KKz2Hu08WqX_c8pvByE50sLOgKqDWWWf0F-975x9vIyJ5PY3HVnPs=w1920-h1080-k-no""]","[{""text"": ""One of the best cafes in crown heights BK."", ""rating"": 5, ""author"": ""Dante Corbett"", ""published"": ""a month ago""}, {""text"": ""Jerk Jack is amazing! Highly recommend for anyone who does not eat meat."", ""rating"": 5, ""author"": ""Tolulope Lawal"", ""published"": ""3 weeks ago""}, {""text"": ""A favorite and staple! Haitian patties are delicious and as is everything else on the menu"", ""rating"": 5, ""author"": ""Danisha D"", ""published"": ""2 months ago""}]",Local Favorite,"{""standout_dishes"": [""Fried mushroom sandwich"", ""Haitian patties"", ""Fried chicken sandwich"", ""Green goddess smoothie""], ""vibe_and_service"": [""Warm, friendly staff who answer questions and accommodate needs"", ""Cozy, good-looking space with great music that's fine for laptop work or hanging out"", ""Big vegan menu that works for groups""], ""wait_time_note"": null}"
r_da4f44,50.0,0.1825576106935436,0.0,0.98,4.485362539382567,4.503268951881987,0.0179064124994194,4.476409333132858,Clinton St. Baking Company,Lower East Side,Burgers,NYC,ChIJ4Q2rG4JZwokR8TVjhflNfMk,"4 Clinton St, New York, NY 10002",4.4,6416.0,https://komriwzkkknrsirifgqg.supabase.co/storage/v1/object/public/restaurant-photos/r_da4f44.jpg,https://www.google.com/maps/search/?api=1&query=Clinton%20St.%20Baking%20Company&query_place_id=ChIJ4Q2rG4JZwokR8TVjhflNfMk,25.0,40.721264,-73.9838497,4.08,0.694357855361596,10.0,0.0413029925187032,0.6530548628428927,6416.0,8633.0,1.0,10.0,10002.0,0.82,0.1219512195121951,0.2439024390243902,0.1951219512195122,0.073170731707317,0.5,302.8292682926829,0.5652833025147739,(646) 602-6263,http://www.clintonstreetbaking.com/,"[{""day"": ""Monday"", ""hours"": ""8:30\u202fAM to 3:30\u202fPM""}, {""day"": ""Tuesday"", ""hours"": ""8:30\u202fAM to 3:30\u202fPM""}, {""day"": ""Wednesday"", ""hours"": ""8:30\u202fAM to 3:30\u202fPM, 5:30 to 10\u202fPM""}, {""day"": ""Thursday"", ""hours"": ""8:30\u202fAM to 3:30\u202fPM, 5:30 to 10\u202fPM""}, {""day"": ""Friday"", ""hours"": ""8:30\u202fAM to 3:30\u202fPM, 5:30 to 10\u202fPM""}, {""day"": ""Saturday"", ""hours"": ""8:30\u202fAM to 4\u202fPM, 5:30 to 10\u202fPM""}, {""day"": ""Sunday"", ""hours"": ""8:30\u202fAM to 4\u202fPM""}]","[""https://lh3.googleusercontent.com/gps-cs-s/AHVAwepo_MKfn_WzC3UoAiJ1lajLchDpp2Y5Eh4rmSoNP3dtooc43Uf-XVPNTJgBFquI7EBCisQoDTPZ92Jxv2FjWl9JEfW77nYWW8wOlVa83nzZZl1cGX7bb987n_F7LKm3aZnK8wMzLkbS2ASF=w1920-h1080-k-no""]","[{""text"": ""Was first in line for my favorite Banana Foster."", ""rating"": 5, ""author"": ""Clarissa Flowers"", ""published"": ""3 weeks ago""}, {""text"": ""its goood but not worht a multi week reservation"", ""rating"": 4, ""author"": ""Corey Levinson"", ""published"": ""a month ago""}, {""text"": ""Yummy food and quick service. I would highly recommend the pancakes."", ""rating"": 5, ""author"": ""Matthew Kashdan"", ""published"": ""3 weeks ago""}]",,"{""standout_dishes"": [""Fluffy pancakes with maple butter"", ""Blueberry pancakes""], ""vibe_and_service"": [""Cozy, lively diner feel with quick, friendly service"", ""Generous portions that are easy to share""], ""wait_time_note"": ""Waits vary a lot: one reviewer was seated right away and another got a bar seat quickly, but at peak brunch hours people were quoted up to 3 hours (about 1.5 in practice), so Google's short wait estimate can be misleading.""}"
r_1ae1fb,50.0,0.194778421455605,0.0,0.92,4.635274090435758,4.541791634871375,0.0,4.635274090435758,Katz's Delicatessen,Lower East Side,Deli,NYC,ChIJCar0f49ZwokR6ozLV-dHNTE,"205 E Houston St, New York, NY 10002",4.5,51799.0,https://komriwzkkknrsirifgqg.supabase.co/storage/v1/object/public/restaurant-photos/r_1ae1fb.jpg,https://www.google.com/maps/search/?api=1&query=Katz's%20Delicatessen&query_place_id=ChIJCar0f49ZwokR6ozLV-dHNTE,25.0,40.722233,-73.987429,3.974,0.7545512461630534,10.0,0.0321820884573061,0.7223691577057472,51799.0,88753.0,1.0,5.0,10002.0,0.58,0.1724137931034483,0.1379310344827586,0.2413793103448276,0.1034482758620689,1.25,231.1379310344828,0.5651175503391737,(212) 254-2246,https://katzsdelicatessen.com/,"[{""day"": ""Monday"", ""hours"": ""8\u202fAM to 11\u202fPM""}, {""day"": ""Tuesday"", ""hours"": ""8\u202fAM to 11\u202fPM""}, {""day"": ""Wednesday"", ""hours"": ""8\u202fAM to 11\u202fPM""}, {""day"": ""Thursday"", ""hours"": ""8\u202fAM to 11\u202fPM""}, {""day"": ""Friday"", ""hours"": ""8\u202fAM to 11:30\u202fPM""}, {""day"": ""Saturday"", ""hours"": ""Open 24 hours""}, {""day"": ""Sunday"", ""hours"": ""12\u202fAM to 11\u202fPM""}]","[""https://lh3.googleusercontent.com/gps-cs-s/AHVAwerU3S7eYA9mUtTeFeWc7AA-R_7Uwchj8Tu9e6iFoH0alJnvUSJNW4tQ7ie13ZP7-iYJDO3ZLmVxKqMUyer2e0_zpPV4d9OALfmH72SH7JzkGTCQw77PPO2ANFTnKbwpKsgc_ZzbaA=w1920-h1080-k-no""]","[{""text"": ""Very delicious food and good place to eat"", ""rating"": 5, ""author"": ""Wael Elghazawy"", ""published"": ""Edited 17 hours ago""}, {""text"": ""Amazing old school deli. Pastrami is unbelievable!!"", ""rating"": 5, ""author"": ""Trey George"", ""published"": ""a day ago""}, {""text"": ""Absolutely delicious food , atmosphere very casual."", ""rating"": 5, ""author"": ""Maria Rebeca Rossi"", ""published"": ""3 days ago""}]",Local Favorite,"{""standout_dishes"": [""Classic pastrami on rye sandwich"", ""Corned beef sandwich""], ""vibe_and_service"": [""Busy, buzzing old-school New York deli energy that feels authentic"", ""Famous history, including the When Harry Met Sally scene, makes it a must-see stop"", ""Huge portions that are easy to share, and staff keep the crowded room running efficiently""], ""wait_time_note"": ""It gets very crowded with lines outside at busy times, but one reviewer who went in the morning skipped the line, and another walked straight in without queuing.""}"
r_d78934,100.0,0.2538937877522183,0.0,0.8,4.504373645177055,4.297467922314923,0.0,4.504373645177055,Bamboo Walk Caribbean Restaurant,East Flatbush,Veggie,NYC,ChIJgUNvXv9dwokRKXPry0VbFl0,"1343 Utica Ave, Brooklyn, NY 11203",4.5,2489.0,https://komriwzkkknrsirifgqg.supabase.co/storage/v1/object/public/restaurant-photos/r_d78934.jpg,https://www.google.com/maps/search/?api=1&query=Bamboo%20Walk%20Caribbean%20Restaurant&query_place_id=ChIJgUNvXv9dwokRKXPry0VbFl0,,40.6396868,-73.928901,13.986,0.8115709120128566,10.0,0.0610687022900763,0.7505022097227803,2489.0,1878.0,1.0,4.0,11203.0,0.72,0.0833333333333333,0.0833333333333333,0.3611111111111111,0.1111111111111111,1.0,276.3888888888889,0.5644522517501015,(718) 369-0001,https://bamboowalk.com/?utm_source=google,"[{""day"": ""Monday"", ""hours"": ""11\u202fAM to 10\u202fPM""}, {""day"": ""Tuesday"", ""hours"": ""11\u202fAM to 10:30\u202fPM""}, {""day"": ""Wednesday"", ""hours"": ""11\u202fAM to 10:30\u202fPM""}, {""day"": ""Thursday"", ""hours"": ""11\u202fAM to 10:30\u202fPM""}, {""day"": ""Friday"", ""hours"": ""11\u202fAM to 11\u202fPM""}, {""day"": ""Saturday"", ""hours"": ""11\u202fAM to 11\u202fPM""}, {""day"": ""Sunday"", ""hours"": ""11\u202fAM to 10\u202fPM""}]","[""https://lh3.googleusercontent.com/gps-cs-s/AHVAwerTN8ZJfxVPcehG0TqoLehqksrbc7zyep1V4tujHrRr8k1mAjCetJbxDqf8FYSw800oan3LPoa88k3K-0jWGypuMTuU-a7hQN5UajCX7nhvOv0BmegT8Wuh4cI83vDcpBogngTIlagIwn2F=w1920-h1080-k-no""]","[{""text"": ""I had the bamboo pasta with oxtail, it was ok. I'd stick with other items on their menu"", ""rating"": 4, ""author"": ""asia irvin"", ""published"": ""a week ago""}, {""text"": ""Food was delicious, drinks were strong and also delicious. Staff were awesome atmosphere was chill, decor beautiful with lots of photo opps."", ""rating"": 5, ""author"": ""Janique Nelson"", ""published"": ""a month ago""}, {""text"": ""Stewed chicken, peas and rice, plaintain, vegetables and sweet chili wings.My dinner was delicious! So far Bamboo Walk has never disappointed me and it's been years!"", ""rating"": 5, ""author"": ""Kim D Jones"", ""published"": ""2 months ago""}]",,"{""standout_dishes"": [""Oxtail in rich gravy"", ""Jerk chicken"", ""Rice and peas"", ""Fried plantains""], ""vibe_and_service"": [""Warm, friendly staff who make you feel like family, with specific shout-outs to servers like Natasha"", ""Lively island-music atmosphere with a live DJ and a pretty bamboo-themed decor, great for birthdays and celebrations"", ""Generous portions, so you'll likely have leftovers to take home""], ""wait_time_note"": ""Several reviews mention slow moments, like a wait after ordering, a delay getting the check, and long waits for a table with a push to sit outside, so give yourself extra time and consider booking ahead.""}"
r_198c79,100.0,0.2719570855211102,0.0,0.73,4.811981238115101,4.699376285186219,0.0,4.811981238115101,Frijoleros,Greenpoint,Restaurant,NYC,ChIJl-SePCBZwokR4TtitxjHUbs,"131 Greenpoint Ave, Brooklyn, NY 11222",4.8,98.0,https://komriwzkkknrsirifgqg.supabase.co/storage/v1/object/public/restaurant-photos/r_198c79.jpg,https://www.google.com/maps/search/?api=1&query=Frijoleros&query_place_id=ChIJl-SePCBZwokR4TtitxjHUbs,,40.7303513,-73.9548924,4.023,0.9285714285714286,10.0,0.0,0.9285714285714286,98.0,113.0,1.0,2.0,11222.0,0.72,0.5,0.0833333333333333,0.7222222222222222,0.0833333333333333,6.0,328.55555555555554,0.5640346620181321,(347) 384-2957,http://frijolerosbk.com/,"[{""day"": ""Monday"", ""hours"": ""4 to 10\u202fPM""}, {""day"": ""Tuesday"", ""hours"": ""4 to 10\u202fPM""}, {""day"": ""Wednesday"", ""hours"": ""4 to 10\u202fPM""}, {""day"": ""Thursday"", ""hours"": ""12\u202fPM to 1\u202fAM""}, {""day"": ""Friday"", ""hours"": ""12\u202fPM to 1\u202fAM""}, {""day"": ""Saturday"", ""hours"": ""11\u202fAM to 1\u202fAM""}, {""day"": ""Sunday"", ""hours"": ""11\u202fAM to 10\u202fPM""}]","[""https://lh3.googleusercontent.com/gps-cs-s/AHVAwerrFkfGGIY3FYAhlugG2THf4r5XwHQkiWERqlqx1EieSF9imEUPtBVvg9vBA6TmBeo3WbNu_fv-aIDGI2Drnwe_KUkLC2pNTEur4VC8ley7_qtA9Wb44r0spWohM7HIjoenwJonYP4RVTNb=w1920-h1080-k-no""]","[{""text"": ""Friends and I had a great experience , great neighborhood gem!"", ""rating"": 5, ""author"": ""Kate S"", ""published"": ""a month ago""}, {""text"": ""Cocktails were good, fish tacos and atmosphere were phenomenal"", ""rating"": 5, ""author"": ""Andrew Sexton"", ""published"": ""a month ago""}, {""text"": ""Came here for the first time last night and it was so good we came back tonight."", ""rating"": 5, ""author"": ""Brandie B"", ""published"": ""4 months ago""}]",Hidden Gem,"{""standout_dishes"": [""Fish tacos"", ""Mero mole milk punch"", ""Shrimp (gambas)"", ""Mole blanco""], ""vibe_and_service"": [""Warm, cozy, family-style feel, like a neighborhood gem in Greenpoint"", ""Friendly, attentive bartenders and staff, including one of the owners, Liz"", ""Kitchen stays open late, so you can still get a great meal around 10:30pm""], ""wait_time_note"": null}"
r_8e8458,50.0,0.1773819871640085,0.0,0.98,4.74305207118514,4.739341878680823,0.0,4.74305207118514,Lume West Village,West Village,Italian,NYC,ChIJN-YZAHNZwokRfCSd6SaZWUc,"259 W 4th St Store#1, New York, NY 10014",4.6,323.0,https://komriwzkkknrsirifgqg.supabase.co/storage/v1/object/public/restaurant-photos/r_8e8458.jpg,https://www.google.com/maps/search/?api=1&query=Lume%20West%20Village&query_place_id=ChIJN-YZAHNZwokRfCSd6SaZWUc,40.0,40.7353303,-74.0031369,2.929,0.848297213622291,10.0,0.0185758513931888,0.8297213622291022,323.0,382.0,1.0,8.0,10014.0,0.88,0.2727272727272727,0.0227272727272727,0.6136363636363636,0.1136363636363636,12.0,259.22727272727275,0.5638782311560084,(917) 748-4455,https://lumewestvillage.com/,"[{""day"": ""Monday"", ""hours"": ""10:30\u202fAM to 11\u202fPM""}, {""day"": ""Tuesday"", ""hours"": ""10:30\u202fAM to 11\u202fPM""}, {""day"": ""Wednesday"", ""hours"": ""10:30\u202fAM to 11\u202fPM""}, {""day"": ""Thursday"", ""hours"": ""10:30\u202fAM to 12:30\u202fAM""}, {""day"": ""Friday"", ""hours"": ""10:30\u202fAM to 12:30\u202fAM""}, {""day"": ""Saturday"", ""hours"": ""10:30\u202fAM to 12:30\u202fAM""}, {""day"": ""Sunday"", ""hours"": ""10:30\u202fAM to 11\u202fPM""}]","[""https://lh3.googleusercontent.com/gps-cs-s/AHVAweqvBMA4K71YUIioV17Cnba0qJCZPFENGI2WHXEu9IvhX4FaLURkBIy3OinQ88witotDkOS7yKMGkT1mITabDnKBJouXF6W_B-L4sSA8lt7WErvezZ0v-v9iOk3AkzgFQ0Yepos0da3WTF-G=w1920-h1080-k-no""]","[{""text"": ""Amazing food ambiance drinks good service"", ""rating"": 5, ""author"": ""Nicole Otero"", ""published"": ""4 months ago""}, {""text"": ""Great food, kind service and a cosy atmosphere."", ""rating"": 5, ""author"": ""Jo Van Parijs"", ""published"": ""a month ago""}, {""text"": ""A pretty, fuzzy little restaurant. Delicious food, and great service."", ""rating"": 5, ""author"": ""Kathleen Dunn"", ""published"": ""5 months ago""}]",Local Favorite,"{""standout_dishes"": [""Focaccia with whipped ricotta and honey""], ""vibe_and_service"": [""Gorgeous, design-forward space with standout lighting, especially the ceiling lights over the bar"", ""Warm, attentive service that reviewers say goes above and beyond, with staff like Danny and bartender Maylene singled out"", ""Works for any time of day, from cozy morning coffee and breakfast to late-night wine""], ""wait_time_note"": null}"
r_a5cc74,50.0,0.1593647889784617,0.0,1.0,4.10998293407067,4.145690534151867,0.0357076000811966,4.092129134030072,Sant Ambroeus West Village,West Village,Italian,NYC,ChIJN03iU5RZwokR84lClGFMbTo,"259 W 4th St, New York, NY 10014",4.4,739.0,https://komriwzkkknrsirifgqg.supabase.co/storage/v1/object/public/restaurant-photos/r_a5cc74.jpg,https://www.google.com/maps/search/?api=1&query=Sant%20Ambroeus%20West%20Village&query_place_id=ChIJN03iU5RZwokR84lClGFMbTo,,40.7354187,-74.003149,2.921,0.7212449255751014,10.0,0.0514208389715832,0.6698240866035182,739.0,858.0,1.0,5.0,10014.0,0.74,0.2162162162162162,0.2702702702702703,0.4054054054054054,0.1351351351351351,0.8,296.3513513513513,0.5632530763053225,(212) 604-9254,https://www.santambroeus.com/pages/location-west-village,"[{""day"": ""Monday"", ""hours"": ""9\u202fAM to 11\u202fPM""}, {""day"": ""Tuesday"", ""hours"": ""9\u202fAM to 11\u202fPM""}, {""day"": ""Wednesday"", ""hours"": ""9\u202fAM to 11\u202fPM""}, {""day"": ""Thursday"", ""hours"": ""9\u202fAM to 11\u202fPM""}, {""day"": ""Friday"", ""hours"": ""9\u202fAM to 11\u202fPM""}, {""day"": ""Saturday"", ""hours"": ""9\u202fAM to 11\u202fPM""}, {""day"": ""Sunday"", ""hours"": ""9\u202fAM to 11\u202fPM""}]","[""https://lh3.googleusercontent.com/gps-cs-s/AHVAwepC2wsr8VT5GPrivunYobNt3mPpsHTntVPWnIta9nSpgAA_wNROEk1f59ilOAqytt7LShER02kowhsMQrKIXyZ1TtVIWb1cwlN4qGFMQrZPjqFNSJ5Bcdaq2kIBGUmy3vEf2KnFmg=w1920-h1080-k-no""]","[{""text"": ""Classic staple in the west village never gets old"", ""rating"": 5, ""author"": ""hila raz harris"", ""published"": ""5 months ago""}, {""text"": ""Really nice pasta! There was also a gluten free option."", ""rating"": 5, ""author"": ""Monika D"", ""published"": ""7 months ago""}, {""text"": ""Cool little spot.  Bar staff know their stuff. Best margaritas."", ""rating"": 5, ""author"": ""Darren Rogers"", ""published"": ""2 months ago""}]",,"{""standout_dishes"": [], ""vibe_and_service"": [""Warm, stylish atmosphere with a fancy-but-not-too-fancy Milanese feel"", ""Attentive, friendly service, with one reviewer singling out server Ivana"", ""Strong wine list and a bar crew that knows their stuff, great for aperitivo""], ""wait_time_note"": null}"
r_cef443,50.0,0.2156146620174216,0.02,0.9,4.553902257806106,4.306699450185023,0.0,4.553902257806106,Joe's Home of Soup Dumplings,Murray Hill,Chinese,NYC,ChIJte11-otZwokRe9hwGk12QkU,"7 E 48th St, New York, NY 10017",4.5,1275.0,https://komriwzkkknrsirifgqg.supabase.co/storage/v1/object/public/restaurant-photos/r_cef443.jpg,https://www.google.com/maps/search/?api=1&query=Joe's%20Home%20of%20Soup%20Dumplings&query_place_id=ChIJte11-otZwokRe9hwGk12QkU,,40.757161,-73.9772507,0.707,0.7396078431372549,10.0,0.0392156862745098,0.7003921568627451,1275.0,2265.0,0.0,5.0,10017.0,0.72,0.25,0.1944444444444444,0.3611111111111111,0.0833333333333333,1.2857142857142858,275.8333333333333,0.5630147005164212,(212) 333-3868,http://joestower49.com/,"[{""day"": ""Monday"", ""hours"": ""11:30\u202fAM to 8:30\u202fPM""}, {""day"": ""Tuesday"", ""hours"": ""11:30\u202fAM to 8:30\u202fPM""}, {""day"": ""Wednesday"", ""hours"": ""11:30\u202fAM to 8:30\u202fPM""}, {""day"": ""Thursday"", ""hours"": ""11:30\u202fAM to 8:30\u202fPM""}, {""day"": ""Friday"", ""hours"": ""11:30\u202fAM to 8:30\u202fPM""}, {""day"": ""Saturday"", ""hours"": ""12 to 9\u202fPM""}, {""day"": ""Sunday"", ""hours"": ""12 to 9\u202fPM""}]","[""https://lh3.googleusercontent.com/gps-cs-s/AHVAweqHngaG0I7VnGgudpENN96BHn0fsqxCsbatfQRatr6xPYX_hD1J0eX8AOnHbS7QuWfzc20du53CyMlafT0l7hDk2fqZWvX8GkgVO52mJi8UyIT234Qz0SXEb_Fvco2-0FB8hEHhCw=w1920-h1080-k-no""]","[{""text"": ""Excellent place off main the main streets."", ""rating"": 5, ""author"": ""Armando Dacal"", ""published"": ""2 months ago""}, {""text"": ""No wonder why there is not a single Asian person.."", ""rating"": 1, ""author"": ""Jay w"", ""published"": ""a month ago""}, {""text"": ""Dumplings are good portion and lunch menu is affordable."", ""rating"": 5, ""author"": ""Justin Huang"", ""published"": ""2 months ago""}]",,"{""standout_dishes"": [""Soup dumplings"", ""Pork soup dumplings"", ""Crab dumplings""], ""vibe_and_service"": [""Fast, friendly, attentive staff"", ""Calming, festive atmosphere with spacious seating"", ""Fun to sit at the counter and watch dumplings being made""], ""wait_time_note"": ""It fills up fast at lunch, so come early or make a reservation; one party waited about 25 minutes when it was crowded.""}"
r_508813,100.0,0.2367696838803225,0.01,0.84,4.116737971744097,4.1079097430930736,0.0,4.116737971744097,Shanghai You Garden,Flushing,Chinese,NYC,ChIJH8LwGw5gwokRk9ncph3wEUI,"135-33 40th Rd, Flushing, NY 11354",4.3,2457.0,https://komriwzkkknrsirifgqg.supabase.co/storage/v1/object/public/restaurant-photos/r_508813.jpg,https://www.google.com/maps/search/?api=1&query=Shanghai%20You%20Garden&query_place_id=ChIJH8LwGw5gwokRk9ncph3wEUI,25.0,40.7588918,-73.8304711,13.178,0.6829466829466829,9.553459119496855,0.0647130647130647,0.6182336182336182,2457.0,6214.0,1.0,6.0,11354.0,0.74,0.1081081081081081,0.054054054054054,0.1621621621621621,0.081081081081081,2.0,235.8918918918919,0.5627016915326624,(718) 886-2286,https://www.shanghaiyougardennyc.com/,"[{""day"": ""Monday"", ""hours"": ""9\u202fAM to 10\u202fPM""}, {""day"": ""Tuesday"", ""hours"": ""9\u202fAM to 10\u202fPM""}, {""day"": ""Wednesday"", ""hours"": ""9\u202fAM to 10\u202fPM""}, {""day"": ""Thursday"", ""hours"": ""9\u202fAM to 10\u202fPM""}, {""day"": ""Friday"", ""hours"": ""9\u202fAM to 10\u202fPM""}, {""day"": ""Saturday"", ""hours"": ""8:30\u202fAM to 10\u202fPM""}, {""day"": ""Sunday"", ""hours"": ""8:30\u202fAM to 10\u202fPM""}]","[""https://lh3.googleusercontent.com/gps-cs-s/AHVAweqmt2HWyalb-Oc99EjoyJdi8j2mMkhvcQvrLWmmZmPd8Jl-bLJl3wcXxjxTmi0aRUMOAwzOnU4C42XD1si8zwKZVowK-qPufOUJZfem-6iyVm3fIvYXqnM-YThYFsrk5YX1nTHF=w1920-h1080-k-no""]","[{""text"": ""Great chain. Lucky it wasn't busy on Nye."", ""rating"": 5, ""author"": ""Cory Myers"", ""published"": ""2 months ago""}, {""text"": ""Food was good, but the cashier\u2019s attitude sucked"", ""rating"": 1, ""author"": ""tom nguyen"", ""published"": ""2 months ago""}, {""text"": ""This place is great. It is temporarily closed due to the fire upstairs."", ""rating"": 5, ""author"": ""Charley Sun"", ""published"": ""2 months ago""}]",,"{""standout_dishes"": [""Peking duck buns/sandwiches"", ""Soup dumplings (xiao long bao)"", ""Taro buns""], ""vibe_and_service"": [""Warm, attentive service with tables kept clean and a spacious, traditionally styled dining room"", ""Really affordable for high-quality dim sum (cash only)"", ""Free dumplings or dessert with a $10+ order, though a couple of reviewers hit friction over the free duck bun offer""], ""wait_time_note"": null}"
r_9e3baf,50.0,0.226008361254352,0.0,0.84,4.27246755068163,4.152999140361998,0.0,4.27246755068163,Ops,Bushwick,Pizza,NYC,ChIJl3Fhlh5cwokRQEja9nTWRv4,"346 Himrod St, Brooklyn, NY 11237",4.6,859.0,https://komriwzkkknrsirifgqg.supabase.co/storage/v1/object/public/restaurant-photos/r_9e3baf.jpg,https://www.google.com/maps/search/?api=1&query=Ops&query_place_id=ChIJl3Fhlh5cwokRQEja9nTWRv4,40.0,40.7026149,-73.9171894,8.456,0.7764842840512224,10.0,0.0279394644935972,0.7485448195576252,859.0,760.0,0.0,6.0,11237.0,0.58,0.2068965517241379,0.1034482758620689,0.1379310344827586,0.0344827586206896,2.0,251.6206896551724,0.5612716895458233,(718) 386-4009,http://www.opsbk.com/,"[{""day"": ""Monday"", ""hours"": ""5 to 10\u202fPM""}, {""day"": ""Tuesday"", ""hours"": ""5 to 10\u202fPM""}, {""day"": ""Wednesday"", ""hours"": ""5 to 10\u202fPM""}, {""day"": ""Thursday"", ""hours"": ""5 to 10\u202fPM""}, {""day"": ""Friday"", ""hours"": ""5 to 11\u202fPM""}, {""day"": ""Saturday"", ""hours"": ""5 to 11\u202fPM""}, {""day"": ""Sunday"", ""hours"": ""5 to 10\u202fPM""}]","[""https://lh3.googleusercontent.com/gps-cs-s/AHVAweoSsjOE0k9z8vqFynCTLBctqPbXXsdb-A38MCYEkncB2yrxgc57o4XV9J1tuOJjU23Rz0a2iuoVA6sWURlOZbli41pI_hRLydkq1JPcaO8Y-RfUbiNPe9ZnEDbOItjy8gqcofY9=w1920-h1080-k-no""]","[{""text"": ""Cozy but bustling and energetic. delicious pizza and cocktails !"", ""rating"": 5, ""author"": ""Jasmine Sachar"", ""published"": ""a month ago""}, {""text"": ""pizza portals to heaven except camo shirt guy was not so awesome\u2026 attitude out the wazoo"", ""rating"": 5, ""author"": ""Junior Finlay"", ""published"": ""5 months ago""}, {""text"": ""Spectacular date spot, but also totally a vibe if you need to bring your parents to a cool restaurant"", ""rating"": 5, ""author"": ""J. Fritz Oleshansky"", ""published"": ""6 months ago""}]",,"{""standout_dishes"": [], ""vibe_and_service"": [""Great date spot, and also cool enough to bring your parents"", ""Cozy but bustling, energetic atmosphere with good music"", ""Friendly staff""], ""wait_time_note"": null}"
r_7f2ef9,50.0,0.2019314346510325,0.0,0.92,4.244565132370016,4.113542389575613,0.0,4.244565132370016,Lou Yau Kee,Manhattan,Chinese,NYC,ChIJJSvb22VZwokRUJfbtXpDKic,"230 Park Ave, New York, NY 10169",4.4,241.0,https://komriwzkkknrsirifgqg.supabase.co/storage/v1/object/public/restaurant-photos/r_7f2ef9.jpg,https://www.google.com/maps/search/?api=1&query=Lou%20Yau%20Kee&query_place_id=ChIJJSvb22VZwokRUJfbtXpDKic,,40.754634,-73.9760841,0.883,0.7593360995850622,10.0,0.0414937759336099,0.7178423236514523,241.0,319.0,1.0,2.0,10169.0,0.76,0.1842105263157894,0.0789473684210526,0.1842105263157894,0.1578947368421052,2.333333333333333,270.7631578947368,0.561145859418301,,,"[{""day"": ""Monday"", ""hours"": ""10:30\u202fAM to 8\u202fPM""}, {""day"": ""Tuesday"", ""hours"": ""10:30\u202fAM to 8\u202fPM""}, {""day"": ""Wednesday"", ""hours"": ""10:30\u202fAM to 8\u202fPM""}, {""day"": ""Thursday"", ""hours"": ""10:30\u202fAM to 8\u202fPM""}, {""day"": ""Friday"", ""hours"": ""10:30\u202fAM to 8\u202fPM""}, {""day"": ""Saturday"", ""hours"": ""10:30\u202fAM to 5\u202fPM""}, {""day"": ""Sunday"", ""hours"": ""Closed""}]","[""https://lh3.googleusercontent.com/gps-cs-s/AHVAwer6MzMrNpTrgpww6LaxOr7-ddvxVSkoiyTTu3hfyu4JtntzUW1FYk7OSmavgihdinsK_9YoA6WXYUS1iW2F_BqZMVPVQOOOBStnE4z4UM-VXRe4qbTV64e4Juwvs4toSOeeUkg0=w1920-h1080-k-no""]","[{""text"": ""Very solid but expensive for a takeout place."", ""rating"": 4, ""author"": ""Muling He"", ""published"": ""a month ago""}, {""text"": ""Went here Monday night. Threw up for 6 hours\u2026\nFood poisoning"", ""rating"": 1, ""author"": ""Raymond Crosley"", ""published"": ""3 months ago""}, {""text"": ""Honestly one of the best lunches you can get that still tastes authentic!"", ""rating"": 5, ""author"": ""Sharon"", ""published"": ""2 months ago""}]",,"{""standout_dishes"": [""Hainanese chicken rice"", ""Mixed poached and roasted chicken rice""], ""vibe_and_service"": [""Friendly, welcoming staff who several reviewers say go out of their way"", ""Hawker-center feel inside the Urbanspace Vanderbilt food hall, with fast, efficient service"", ""Chicken tender enough that one reviewer compared it to Singapore""], ""wait_time_note"": null}"
r_429f0b,100.0,0.2709170320037682,0.0,0.78,4.891018498509016,4.807326379521905,0.0,4.891018498509016,Dar525,Bedford-Stuyvesant,Mediterranean,NYC,ChIJ26s_PQBdwokRVjewqiFgcHY,"231 Malcolm X Blvd, Brooklyn, NY 11221",4.8,285.0,https://komriwzkkknrsirifgqg.supabase.co/storage/v1/object/public/restaurant-photos/r_429f0b.jpg,https://www.google.com/maps/search/?api=1&query=Dar525&query_place_id=ChIJ26s_PQBdwokRVjewqiFgcHY,,40.6850453,-73.9291932,9.407,0.9157894736842104,10.0,0.0175438596491228,0.8982456140350877,285.0,325.0,1.0,9.0,11221.0,0.86,0.2790697674418604,0.0,0.6976744186046512,0.0232558139534883,12.0,114.09302325581396,0.560509989897541,(347) 240-5387,https://dar525.com/darmalcolm?utm_source=google,"[{""day"": ""Monday"", ""hours"": ""11\u202fAM to 10:45\u202fPM""}, {""day"": ""Tuesday"", ""hours"": ""11\u202fAM to 10:45\u202fPM""}, {""day"": ""Wednesday"", ""hours"": ""11\u202fAM to 10:45\u202fPM""}, {""day"": ""Thursday"", ""hours"": ""11\u202fAM to 10:45\u202fPM""}, {""day"": ""Friday"", ""hours"": ""11\u202fAM to 10:45\u202fPM""}, {""day"": ""Saturday"", ""hours"": ""11\u202fAM to 10:45\u202fPM""}, {""day"": ""Sunday"", ""hours"": ""11\u202fAM to 10:45\u202fPM""}]","[""https://lh3.googleusercontent.com/gps-cs-s/AHVAweqONh4NkeUuhurmSGq5ecuJoezqjYu-R-A2dxQHAhJ1OJtMxdU-yw2wXPXq-dSGe7J-ceWbGWoahJdTX2KKJa52KKhs3Yqs0sv1v97f1gjq8NgQ9lWIDNfWYCOytU0EZ-_oyGsM39Gq0v4=w1920-h1080-k-no""]","[{""text"": ""Best middle eastern food in BK\nCici is the best"", ""rating"": 5, ""author"": ""David Davtian"", ""published"": ""a month ago""}, {""text"": ""Generally good food, but DO NOT get the burger, it\u2019s awful"", ""rating"": 4, ""author"": ""Zain Aziz"", ""published"": ""a month ago""}, {""text"": ""Great atmosphere, the bar tender cece is wonderful. Also, I\u2019m coming back for that $33 brunch special with bottomless drinks."", ""rating"": 5, ""author"": ""Kristian Johnson (Kris)"", ""published"": ""2 weeks ago""}]",Hidden Gem,"{""standout_dishes"": [], ""vibe_and_service"": [""Cozy, relaxing, intimate atmosphere that's great for a lovely meal"", ""Standout service, with the staff and bartender/waitress Cece (also spelled Cici) named repeatedly as the highlight"", ""Brunch gets raves, including a $33 special with bottomless drinks""], ""wait_time_note"": null}"
r_cd6c16,50.0,0.277599576680098,0.0,0.76,5.0,4.999999999999999,0.0,5.0,Noodle valley,Flushing,Chinese,NYC,ChIJKZxFXABfwokRAipH22IQ9XA,"60-16 Fresh Pond Rd, Flushing, NY 11378",5.0,80.0,https://komriwzkkknrsirifgqg.supabase.co/storage/v1/object/public/restaurant-photos/r_cd6c16.jpg,https://www.google.com/maps/search/?api=1&query=Noodle%20valley&query_place_id=ChIJKZxFXABfwokRAipH22IQ9XA,15.0,40.7164941,-73.9019607,8.465,1.0,10.0,0.0,1.0,80.0,132.0,0.0,2.0,11378.0,0.8,0.325,0.025,0.65,0.025,13.0,168.65,0.5601930080219811,(917) 966-6056,http://www.noodlevalley.com/,"[{""day"": ""Monday"", ""hours"": ""11\u202fAM to 9:30\u202fPM""}, {""day"": ""Tuesday"", ""hours"": ""11\u202fAM to 9:30\u202fPM""}, {""day"": ""Wednesday"", ""hours"": ""11\u202fAM to 9:30\u202fPM""}, {""day"": ""Thursday"", ""hours"": ""11\u202fAM to 9:30\u202fPM""}, {""day"": ""Friday"", ""hours"": ""11\u202fAM to 9:30\u202fPM""}, {""day"": ""Saturday"", ""hours"": ""12 to 9:30\u202fPM""}, {""day"": ""Sunday"", ""hours"": ""12 to 9:30\u202fPM""}]","[""https://lh3.googleusercontent.com/gps-cs-s/AHVAweqwn4-fK2UXQWsQtlWnO0ul94PKBI33KTRFuCyov8gQlNGkFN_Sz_ZpdTrURv3r5uAU9Wmem_Ax78GBtfDPZCarW6iwoNllaOd8Qx_ed9KdOpK8S9Z69sM6xXJYlJZAOAdcn2y8Y-dgMIg=w1920-h1080-k-no""]","[{""text"": ""Best soup dumplings I\u2019ve had in long time  and delicious noodles"", ""rating"": 5, ""author"": ""Katie Allan"", ""published"": ""a week ago""}, {""text"": ""Absolutely delicious! Just go here, get literally anything, it\u2019s all good!"", ""rating"": 5, ""author"": ""Regina Romanoff"", ""published"": ""3 weeks ago""}, {""text"": ""lovely! the food was great and amazing service. first time trying and i am impressed \ud83d\udc4c\ud83c\udffc i got the wonton soup."", ""rating"": 5, ""author"": ""Ash"", ""published"": ""a month ago""}]",Hidden Gem,"{""standout_dishes"": [""Soup dumplings"", ""Beef noodle soup"", ""Spicy wontons and wonton soup""], ""vibe_and_service"": [""Clean, comfortable, chic dining room that feels more relaxed than a typical counter-service spot"", ""Friendly, kind staff and owners who clearly care"", ""Authentic food at prices people call reasonable""], ""wait_time_note"": null}"
r_6ecaa9,50.0,0.1784947631334217,0.0,0.96,4.87254563610965,4.881619666993231,0.009074030883581,4.86800862066786,Bruno,Howard Beach,Italian,NYC,ChIJawjtdH5nwokR1HRZJHJCx6k,"158-22 Cross Bay Blvd, Howard Beach, NY 11414",4.7,1007.0,https://komriwzkkknrsirifgqg.supabase.co/storage/v1/object/public/restaurant-photos/r_6ecaa9.jpg,https://www.google.com/maps/search/?api=1&query=Bruno&query_place_id=ChIJawjtdH5nwokR1HRZJHJCx6k,75.0,40.6601554,-73.8405213,16.426,0.8401191658391262,10.0,0.0188679245283018,0.8212512413108243,1007.0,708.0,1.0,1.0,11414.0,0.62,0.3548387096774194,0.032258064516129,0.2903225806451613,0.0,11.0,214.32258064516128,0.5600245517170527,(718) 322-7866,https://www.bruno-ristorante.com/,"[{""day"": ""Monday"", ""hours"": ""12 to 10\u202fPM""}, {""day"": ""Tuesday"", ""hours"": ""12 to 10\u202fPM""}, {""day"": ""Wednesday"", ""hours"": ""12 to 10\u202fPM""}, {""day"": ""Thursday"", ""hours"": ""12 to 10\u202fPM""}, {""day"": ""Friday"", ""hours"": ""12 to 11\u202fPM""}, {""day"": ""Saturday"", ""hours"": ""12 to 11\u202fPM""}, {""day"": ""Sunday"", ""hours"": ""12 to 10\u202fPM""}]","[""https://lh3.googleusercontent.com/gps-cs-s/AHVAweolJytpxUfNmKX2intW_FrNWqZynUCTvoYTcC_M7wn6HulOIWhC-HPUURoZZxdVESnoi9Dn9R6zmDVuniD9EmvdWwFME9O-RTp5dIY4Ch0iotNVmBxWqylFiYzm1CrwljLXJ-Q=w1920-h1080-k-no""]","[{""text"": ""Pretty authentic Italian cuisine. Food was very good."", ""rating"": 5, ""author"": ""Kim Cagle"", ""published"": ""5 months ago""}, {""text"": ""Best restaurant experience in a while !\nGreat customer service ,"", ""rating"": 5, ""author"": ""Jean Hippolyte"", ""published"": ""5 months ago""}, {""text"": ""Great authentic Italian restaurant. Great service and great food."", ""rating"": 5, ""author"": ""Joseph Persaud"", ""published"": ""2 months ago""}]",Universally Loved,"{""standout_dishes"": [], ""vibe_and_service"": [""Friendly, attentive staff, with servers like Joe and Raphael getting shout-outs by name"", ""Charming, cozy neighborhood atmosphere with a good vibe"", ""Works well for group events like rehearsal dinners and dinner parties, and valet parking is available""], ""wait_time_note"": null}"
r_31c052,50.0,0.2210122241605663,0.0,0.88,4.600647813296502,4.728187923404696,0.1275401101081943,4.5368777582424045,Aurora Brooklyn,Williamsburg,Italian,NYC,ChIJkyeocGFZwokRnutbkIk-vCo,"70 Grand St, Brooklyn, NY 11249",4.5,1569.0,https://komriwzkkknrsirifgqg.supabase.co/storage/v1/object/public/restaurant-photos/r_31c052.jpg,https://www.google.com/maps/search/?api=1&query=Aurora%20Brooklyn&query_place_id=ChIJkyeocGFZwokRnutbkIk-vCo,,40.7156519,-73.9647449,5.021,0.7316762268961122,10.0,0.041427660930529,0.6902485659655831,1569.0,1966.0,1.0,4.0,11249.0,0.68,0.3235294117647059,0.0,0.7941176470588235,0.0,11.0,299.8529411764706,0.5599818477254999,(718) 388-5100,https://aurorabk.com/,"[{""day"": ""Monday"", ""hours"": ""12 to 11\u202fPM""}, {""day"": ""Tuesday"", ""hours"": ""12 to 11\u202fPM""}, {""day"": ""Wednesday"", ""hours"": ""12 to 11\u202fPM""}, {""day"": ""Thursday"", ""hours"": ""12 to 11\u202fPM""}, {""day"": ""Friday"", ""hours"": ""12 to 11:30\u202fPM""}, {""day"": ""Saturday"", ""hours"": ""11\u202fAM to 11:30\u202fPM""}, {""day"": ""Sunday"", ""hours"": ""11\u202fAM to 10:30\u202fPM""}]","[""https://lh3.googleusercontent.com/gps-cs-s/AHVAweoOh0cV8mLKftD8dbjY1aO7Dg2YC9IrOXj6NYtXqQ0i24u813l7JeELMiN9xGLH7epIV8dt716x_sH4-mc2GcVIWBdfN3LAvxMqYfs5F-iQzaxQwrdfF4x5vGYh35d6C2ocOaom=w1920-h1080-k-no""]","[{""text"": ""Great food, no bread for the table which sucks."", ""rating"": 5, ""author"": ""Mike Myones"", ""published"": ""Edited 2 months ago""}, {""text"": ""Bavette was simply amazing. Enjoyed every bite. 5/5"", ""rating"": 5, ""author"": ""Jordy van den Bogaert"", ""published"": ""a month ago""}, {""text"": ""Delicious.  Bone marrow and octopus are not to be missed."", ""rating"": 5, ""author"": ""Rob Tandy"", ""published"": ""a month ago""}]",Local Favorite,"{""standout_dishes"": [""Octopus"", ""Gnocchi"", ""Beef or steak tartare"", ""Chocolate cake""], ""vibe_and_service"": [""Cozy, rustic dining room plus a pretty heated garden patio that's dog friendly"", ""Friendly, attentive staff, with servers and the manager mentioned by name for making groups feel welcome"", ""Works well for date nights, group dinners, and celebrations""], ""wait_time_note"": null}"
r_b52571,100.0,0.2579872143903282,0.01,0.78,4.615981543149888,4.554012876245977,0.0,4.615981543149888,Wenwen,Greenpoint,Restaurant,NYC,ChIJmcr2IF9ZwokRr-u_-UTxju4,"1025 Manhattan Ave, Brooklyn, NY 11222",4.5,664.0,https://komriwzkkknrsirifgqg.supabase.co/storage/v1/object/public/restaurant-photos/r_b52571.jpg,https://www.google.com/maps/search/?api=1&query=Wenwen&query_place_id=ChIJmcr2IF9ZwokRr-u_-UTxju4,,40.7339858,-73.955158,3.709,0.7469879518072289,10.0,0.0346385542168674,0.7123493975903614,664.0,1520.0,1.0,1.0,11222.0,0.56,0.0714285714285714,0.2142857142857142,0.2142857142857142,0.1785714285714285,0.3333333333333333,249.42857142857144,0.5590866952389427,(646) 901-5644,http://www.wenwenbrooklyn.com/,"[{""day"": ""Monday"", ""hours"": ""11:30\u202fAM to 3\u202fPM, 5 to 10\u202fPM""}, {""day"": ""Tuesday"", ""hours"": ""11:30\u202fAM to 3\u202fPM, 5 to 10\u202fPM""}, {""day"": ""Wednesday"", ""hours"": ""11:30\u202fAM to 3\u202fPM, 5 to 10\u202fPM""}, {""day"": ""Thursday"", ""hours"": ""11:30\u202fAM to 3\u202fPM, 5 to 10\u202fPM""}, {""day"": ""Friday"", ""hours"": ""11:30\u202fAM to 3\u202fPM, 5 to 10\u202fPM""}, {""day"": ""Saturday"", ""hours"": ""12 to 3\u202fPM, 5 to 10\u202fPM""}, {""day"": ""Sunday"", ""hours"": ""12 to 3\u202fPM, 5 to 10\u202fPM""}]","[""https://lh3.googleusercontent.com/gps-cs-s/AHVAwepSbTpjkGGXjNt1X7ocUBV26ye4_aKqrhkq3C4TjaSZqObovlR7xUCaoRyQ7PNZYPV_We4RUlLBTR0K54BdwQtAiJCUr1sf-nmk385SJLEchVHNMhsWW12GHgBUlutlxW-2nZa2=w1920-h1080-k-no""]","[{""text"": ""One of, if not the best, beef noodle soups in the US!!"", ""rating"": 5, ""author"": ""Allen Wang"", ""published"": ""a month ago""}, {""text"": ""So oily :( cute interior and we went for dinner and just smaller plates and such oily food. Their decafe tea was really good though!"", ""rating"": 3, ""author"": ""Dhwani Babla"", ""published"": ""3 months ago""}, {""text"": ""A lovely place and the food was great. The corner in the back has a display of old school candies and snacks that bring back good memories."", ""rating"": 5, ""author"": ""YF"", ""published"": ""a month ago""}]",Local Favorite,"{""standout_dishes"": [""Beef noodle soup"", ""Fried rice"", ""Fried chicken (sacha popcorn and honey crispy)""], ""vibe_and_service"": [""Friendly, attentive staff who go the extra mile (one server ran after a diner who left a hat behind)"", ""Cute, well-designed space with a corner display of old-school Taiwanese candies and snacks"", ""Food and service are consistent enough that people keep bringing friends for a first visit""], ""wait_time_note"": null}"
r_e6590d,50.0,0.1958016434198349,0.0,0.94,3.769174645089221,3.882113641006861,0.1129389959176396,3.712705147130401,Little Ruby's SoHo,SoHo,Restaurant,NYC,ChIJeSToyohZwokRVHVIMsXPIUk,"219 Mulberry St, New York, NY 10012",4.4,2279.0,https://komriwzkkknrsirifgqg.supabase.co/storage/v1/object/public/restaurant-photos/r_e6590d.jpg,https://www.google.com/maps/search/?api=1&query=Little%20Ruby's%20SoHo&query_place_id=ChIJeSToyohZwokRVHVIMsXPIUk,25.0,40.7223288,-73.9962484,4.064,0.7152259763053971,10.0,0.0574813514699429,0.6577446248354542,2279.0,2512.0,1.0,1.0,10012.0,0.84,0.1428571428571428,0.238095238095238,0.3571428571428571,0.1428571428571428,0.6,346.2619047619048,0.5582485561744833,(212) 925-5755,https://www.rubyscafe.com/,"[{""day"": ""Monday"", ""hours"": ""9\u202fAM to 11\u202fPM""}, {""day"": ""Tuesday"", ""hours"": ""9\u202fAM to 11\u202fPM""}, {""day"": ""Wednesday"", ""hours"": ""9\u202fAM to 11\u202fPM""}, {""day"": ""Thursday"", ""hours"": ""9\u202fAM to 11\u202fPM""}, {""day"": ""Friday"", ""hours"": ""9\u202fAM to 11\u202fPM""}, {""day"": ""Saturday"", ""hours"": ""9\u202fAM to 11\u202fPM""}, {""day"": ""Sunday"", ""hours"": ""9\u202fAM to 11\u202fPM""}]","[""https://lh3.googleusercontent.com/gps-cs-s/AHVAweoRlo0UNpjnk1_-LGDdujGv7x_0aSiokkfR19MwPaxsL_-gWwGpoo8531ImgaNXfL9oSEAwDlHJcPeen3_Z6eHlpc1p13x6VUm35j64w2uTn_aNSg4mPo4YkUy4ao-4DIFwRc1o=w1920-h1080-k-no""]","[{""text"": ""Great service, delicious food, polite staff clean,  establishment"", ""rating"": 5, ""author"": ""John Bingham"", ""published"": ""5 days ago""}, {""text"": ""The music was so loud, pasta need more cooking, but the souse was perfect"", ""rating"": 5, ""author"": ""Amani Nasser"", ""published"": ""3 months ago""}, {""text"": ""Some of the best food we had in the city. Lovely vibe good and fast service."", ""rating"": 5, ""author"": ""Patrick Rea"", ""published"": ""2 weeks ago""}]",,"{""standout_dishes"": [""Shrimp pasta"", ""Avocado toast"", ""Spicy vodka pasta""], ""vibe_and_service"": [""Cozy, laid-back Aussie-style caf\u00e9 feel that works well for brunch or lunch"", ""Friendly, quick service with staff who are accommodating"", ""Prices come in lower than many other brunch spots""], ""wait_time_note"": ""The wait is mixed: one visitor walked right in when a nearby spot had a 2-hour wait, while others mention a short wait for a group of six and a long, crowded wait at busy times like weekend brunch and dinner.""}"
r_68d62a,50.0,0.1966301214262282,0.0,0.9,4.1293152768520445,4.416461620398671,0.2871463435466266,3.985742105078731,Darna Falafel,Cobble Hill,Mediterranean,NYC,ChIJ7yKrBFBawokRAdrvBUUCbZs,"200 Court St, Brooklyn, NY 11201",4.6,497.0,https://komriwzkkknrsirifgqg.supabase.co/storage/v1/object/public/restaurant-photos/r_68d62a.jpg,https://www.google.com/maps/search/?api=1&query=Darna%20Falafel&query_place_id=ChIJ7yKrBFBawokRAdrvBUUCbZs,15.0,40.6870485,-73.9937984,7.907,0.8189134808853119,10.0,0.0261569416498993,0.7927565392354124,497.0,284.0,1.0,3.0,11201.0,0.66,0.3939393939393939,0.1212121212121212,0.5151515151515151,0.1212121212121212,3.25,218.7878787878788,0.5575111921297584,(347) 799-1673,http://www.darnafalafel.com/,"[{""day"": ""Monday"", ""hours"": ""11\u202fAM to 10\u202fPM""}, {""day"": ""Tuesday"", ""hours"": ""11\u202fAM to 10\u202fPM""}, {""day"": ""Wednesday"", ""hours"": ""11\u202fAM to 10\u202fPM""}, {""day"": ""Thursday"", ""hours"": ""11\u202fAM to 10\u202fPM""}, {""day"": ""Friday"", ""hours"": ""11\u202fAM to 10\u202fPM""}, {""day"": ""Saturday"", ""hours"": ""11\u202fAM to 10\u202fPM""}, {""day"": ""Sunday"", ""hours"": ""11\u202fAM to 10\u202fPM""}]","[""https://lh3.googleusercontent.com/gps-cs-s/AHVAweoJTqZMpPr2iLkFJDzX5auzh3I_h0jEnTD79VcBH-IBJ6IRmMPrf3OO0_5a2mKixYlBb3joyGz-sGkdhJApCksnlyYEppYIHhwQcF2NUHJLYmQu-C7Yrvt43dzttVIy_W9Paxo=w1920-h1080-k-no""]","[{""text"": ""Wrap was great, salads were just average"", ""rating"": 4, ""author"": ""Derk Arts"", ""published"": ""7 months ago""}, {""text"": ""Very disappointed, the staff was extremely rude and unhelpful"", ""rating"": 1, ""author"": ""Gilad Levy"", ""published"": ""9 months ago""}, {""text"": ""Love Darna! The food is incredible and great prices and kind staff"", ""rating"": 5, ""author"": ""Claire Cassreino"", ""published"": ""8 months ago""}]",,"{""standout_dishes"": [""Mint tea"", ""Falafel sandwich and wraps"", ""Kifta sandwich/wrap""], ""vibe_and_service"": [""Friendly, kind staff mentioned in many reviews"", ""Good portions at reasonable prices"", ""Cozy, relaxing vibe, though the space is small with only a handful of tables""], ""wait_time_note"": null}"
r_fb4465,50.0,0.2478803170937479,0.0,0.82,4.576239464759657,4.55464786819765,0.0,4.576239464759657,Taqueria Allende,Harlem,Mexican,NYC,ChIJRwcuWQz3wokRoGRaHPyPem8,"2100 Frederick Douglass Blvd, New York, NY 10026",4.7,121.0,https://komriwzkkknrsirifgqg.supabase.co/storage/v1/object/public/restaurant-photos/r_fb4465.jpg,https://www.google.com/maps/search/?api=1&query=Taqueria%20Allende&query_place_id=ChIJRwcuWQz3wokRoGRaHPyPem8,25.0,40.8028497,-73.9562491,5.565,0.8760330578512396,10.0,0.0413223140495867,0.8347107438016529,121.0,126.0,1.0,1.0,10026.0,0.76,0.3947368421052631,0.0526315789473684,0.4210526315789473,0.0263157894736842,7.5,166.81578947368422,0.5568673225642514,(646) 370-3464,http://taqueriaallendenyc.com/,"[{""day"": ""Monday"", ""hours"": ""Closed""}, {""day"": ""Tuesday"", ""hours"": ""11\u202fAM to 11\u202fPM""}, {""day"": ""Wednesday"", ""hours"": ""11\u202fAM to 11\u202fPM""}, {""day"": ""Thursday"", ""hours"": ""11\u202fAM to 11\u202fPM""}, {""day"": ""Friday"", ""hours"": ""11\u202fAM to 11\u202fPM""}, {""day"": ""Saturday"", ""hours"": ""10\u202fAM to 11\u202fPM""}, {""day"": ""Sunday"", ""hours"": ""10\u202fAM to 11\u202fPM""}]","[""https://lh3.googleusercontent.com/gps-cs-s/AHVAwepetYn4W-Qq14eW4lzwHbkRoZ4NZqSlyaL-lHuTYwZACuFkPOe4yBvthaFNFTlJRZT8fNkVHFvE2PPqjNva_fJQVOJweujGAFdz9erJbS54lGbKX4meDEgsgbDSOs1y2XwIsmuP6g=w1920-h1080-k-no""]","[{""text"": ""Some of the best Mexican food I have had."", ""rating"": 5, ""author"": ""Bill Eckersley"", ""published"": ""5 months ago""}, {""text"": ""The restaurant owner is argumentative and rude"", ""rating"": 1, ""author"": ""Kyle Chan-Shue"", ""published"": ""2 months ago""}, {""text"": ""Good and cheap food, we recomend the tacos Birria"", ""rating"": 4, ""author"": ""Bosco Rai"", ""published"": ""3 months ago""}]",,"{""standout_dishes"": [""Chilaquiles"", ""Tacos (shrimp and birria)"", ""Guacamole""], ""vibe_and_service"": [""Friendly, accommodating staff and a comfortable casual feel"", ""Fast, no-frills service with fresh made-to-order food at fair prices"", ""Good happy hour value""], ""wait_time_note"": null}"
r_52f3bd,50.0,0.2392151013655158,0.02,0.84,4.513172860698363,4.785033066747229,0.2718602060488662,4.37724275767393,Judy's,Sunset Park,Cafe,NYC,ChIJKYq5lSpbwokR9bPB0okP-54,"4022 5th Ave, Brooklyn, NY 11232",4.6,372.0,https://komriwzkkknrsirifgqg.supabase.co/storage/v1/object/public/restaurant-photos/r_52f3bd.jpg,https://www.google.com/maps/search/?api=1&query=Judy's&query_place_id=ChIJKYq5lSpbwokR9bPB0okP-54,15.0,40.6503569,-74.0050838,12.064,0.8467741935483871,10.0,0.0403225806451612,0.8064516129032258,372.0,254.0,1.0,7.0,11232.0,0.74,0.5135135135135135,0.027027027027027,0.2162162162162162,0.0,19.0,260.2162162162162,0.5566866290083611,(929) 337-6252,http://www.judysbk.com/,"[{""day"": ""Monday"", ""hours"": ""8\u202fAM to 12\u202fAM""}, {""day"": ""Tuesday"", ""hours"": ""8\u202fAM to 12\u202fAM""}, {""day"": ""Wednesday"", ""hours"": ""8\u202fAM to 12\u202fAM""}, {""day"": ""Thursday"", ""hours"": ""8\u202fAM to 12\u202fAM""}, {""day"": ""Friday"", ""hours"": ""8\u202fAM to 2\u202fAM""}, {""day"": ""Saturday"", ""hours"": ""9\u202fAM to 2\u202fAM""}, {""day"": ""Sunday"", ""hours"": ""9\u202fAM to 12\u202fAM""}]","[""https://lh3.googleusercontent.com/gps-cs-s/AHVAweqs5R3TlWkC9nuQj1yMT6GjikQoQ0YpWZxkDXdzcJTIiIH9Q5TWvs7AOxGsq-T8GWrkeUH34MBYmQTGNYKCIA5iXAt5VEhWU48JrtTHPb_bUlRNHPzlAtV258kYoz-X4K9yKjyO=w1920-h1080-k-no""]","[{""text"": ""Nora is the best bartender! Super kind and knowledgeable"", ""rating"": 5, ""author"": ""Jasmine Ramos"", ""published"": ""a month ago""}, {""text"": ""Cool little joint, friendly staff, nice outdoor seating as well"", ""rating"": 5, ""author"": ""Ian Charles"", ""published"": ""6 months ago""}, {""text"": ""Really cozy neighborhood bar. Love the vibes and the outdoor seating."", ""rating"": 5, ""author"": ""Alireza Hashemi"", ""published"": ""6 months ago""}]",,"{""standout_dishes"": [], ""vibe_and_service"": [""Friendly, welcoming bartenders and staff (Noor/Nora gets repeated shout-outs) who are kind and knowledgeable"", ""Cozy, whimsical neighborhood hangout with outdoor seating, great for reading or drawing, plus a giant shark in the bathroom"", ""Good rotating selection of craft beer and wine alongside coffee, and the afternoon crowd is a favorite""], ""wait_time_note"": null}"
r_e66117,50.0,0.3233033275552135,0.0,0.64,4.772350007788179,4.813210253357182,0.0408602455690028,4.751919885003678,Degirmen Restaurant and Bakery,Brighton Beach,Restaurant,NYC,ChIJRU7DHABFwokRfn7Zja9Xr3g,"236 A Brighton Beach Ave, Brooklyn, NY 11235",4.8,675.0,https://komriwzkkknrsirifgqg.supabase.co/storage/v1/object/public/restaurant-photos/r_e66117.jpg,https://www.google.com/maps/search/?api=1&query=Degirmen%20Restaurant%20and%20Bakery&query_place_id=ChIJRU7DHABFwokRfn7Zja9Xr3g,25.0,40.5764564,-73.9661154,20.219,0.9614814814814816,10.0,0.0281481481481481,0.9333333333333332,675.0,828.0,1.0,1.0,11235.0,0.98,0.2857142857142857,0.1020408163265306,0.5306122448979592,0.1020408163265306,2.8,156.53061224489795,0.5564540844173043,(646) 881-3322,http://www.degirmenusa.com/,"[{""day"": ""Monday"", ""hours"": ""8\u202fAM to 9:30\u202fPM""}, {""day"": ""Tuesday"", ""hours"": ""8\u202fAM to 9:30\u202fPM""}, {""day"": ""Wednesday"", ""hours"": ""8\u202fAM to 9:30\u202fPM""}, {""day"": ""Thursday"", ""hours"": ""8\u202fAM to 9:30\u202fPM""}, {""day"": ""Friday"", ""hours"": ""8\u202fAM to 9:30\u202fPM""}, {""day"": ""Saturday"", ""hours"": ""8\u202fAM to 9:30\u202fPM""}, {""day"": ""Sunday"", ""hours"": ""8\u202fAM to 9:30\u202fPM""}]","[""https://lh3.googleusercontent.com/gps-cs-s/AHVAweqr04rNvw2m3YOZYsPk635he0tjld6lWjE2pLgFfG13UfihXn5FuwpeJ7_236DAd3al7vYW_ustkprnx77FAC4ZmcSGs_s-Lf0IK0G9hkkevXVhMqBR5QxJ4HxxR8j8GPrRPAIXaKwdUMYk=w1920-h1080-k-no""]","[{""text"": ""I stop by for my lunch. The service was great."", ""rating"": 5, ""author"": ""Zhanar Balsary"", ""published"": ""3 days ago""}, {""text"": ""It has the best atmosphere and the food is very good. The service was very good they are very nice"", ""rating"": 5, ""author"": ""Evgeniya Belim"", ""published"": ""3 days ago""}, {""text"": ""Fantastic food and very friendly service. The atmosphere is warm and welcoming. Definitely recommend this place!"", ""rating"": 5, ""author"": ""tetiana laskava"", ""published"": ""a week ago""}]",Local Favorite,"{""standout_dishes"": [], ""vibe_and_service"": [""Warm, welcoming, cozy atmosphere that people keep coming back for"", ""Friendly, attentive service, including a manager who checked on tables from start to finish"", ""Good spot for just coffee, tea, and sweets, not only full meals""], ""wait_time_note"": null}"
r_0b9e7b,50.0,0.2982360021966798,0.0,0.76,4.989885353539078,4.975798917685968,0.0,4.989885353539078,Jiang Nan NYC,Lower East Side,Chinese,NYC,ChIJg0ZHaSRZwokRHymWtw9gKJk,"103 Bowery, New York, NY 10002",4.8,1831.0,https://komriwzkkknrsirifgqg.supabase.co/storage/v1/object/public/restaurant-photos/r_0b9e7b.jpg,https://www.google.com/maps/search/?api=1&query=Jiang%20Nan%20NYC&query_place_id=ChIJg0ZHaSRZwokRHymWtw9gKJk,,40.7175581,-73.9949693,4.561,0.9098853085745494,10.0,0.0207536865101037,0.8891316220644456,1831.0,2955.0,1.0,2.0,10002.0,0.84,0.2142857142857142,0.0,0.3809523809523809,0.0476190476190476,9.0,112.02380952380952,0.5549738546938993,(212) 775-8998,https://jiangnanny.com/,"[{""day"": ""Monday"", ""hours"": ""11:30\u202fAM to 9:30\u202fPM""}, {""day"": ""Tuesday"", ""hours"": ""11:30\u202fAM to 9:30\u202fPM""}, {""day"": ""Wednesday"", ""hours"": ""11:30\u202fAM to 9:30\u202fPM""}, {""day"": ""Thursday"", ""hours"": ""11:30\u202fAM to 9:30\u202fPM""}, {""day"": ""Friday"", ""hours"": ""11:30\u202fAM to 9:30\u202fPM""}, {""day"": ""Saturday"", ""hours"": ""11:30\u202fAM to 9:30\u202fPM""}, {""day"": ""Sunday"", ""hours"": ""11:30\u202fAM to 9:30\u202fPM""}]","[""https://lh3.googleusercontent.com/gps-cs-s/AHVAweouVLDiSJAdipXADNZ9KwEsfwV-t2oF4zdZ_xfh9eWN8R76HESdC8Vgl59Ozas73QWV-oUzKmHKNNb-CA56y8y_43vk_ox8qdVhHioIfkF4pUe4V1YiRxe2IX6nd2a3rBZH-UGT=w1920-h1080-k-no""]","[{""text"": ""Authentic Chinese and attentive service. We love our experience here."", ""rating"": 5, ""author"": ""Chun Bai"", ""published"": ""a week ago""}, {""text"": ""Top tier food and great service no complications at all which was nice"", ""rating"": 5, ""author"": ""Sofia Ate"", ""published"": ""3 days ago""}, {""text"": ""very tasty and has a solid variety! I really enjoyed the soup dumplings here!"", ""rating"": 5, ""author"": ""Suryka"", ""published"": ""a week ago""}]",Universally Loved,"{""standout_dishes"": [""Peking-style roast duck with thin pancakes"", ""Crispy beef in lime"", ""Crab roe tofu"", ""Dan dan noodles""], ""vibe_and_service"": [""Service is attentive, friendly, and quick to fix problems, like taking dishes off the bill after feedback and comping a dessert"", ""Big portions that work well for sharing in a group, like six people splitting five dishes""], ""wait_time_note"": null}"
r_436454,50.0,0.28295435788263,0.0,0.72,4.9448674333318765,4.854402573744515,0.0,4.9448674333318765,Meraki Greek Bistro Williamsburg,Williamsburg,Mediterranean,NYC,ChIJQbmcEdFZwokRR02fTE9tLhA,"252 Grand St, Brooklyn, NY 11211",4.7,761.0,https://komriwzkkknrsirifgqg.supabase.co/storage/v1/object/public/restaurant-photos/r_436454.jpg,https://www.google.com/maps/search/?api=1&query=Meraki%20Greek%20Bistro%20Williamsburg&query_place_id=ChIJQbmcEdFZwokRR02fTE9tLhA,40.0,40.7133215,-73.95892,5.45,0.8988173455978975,10.0,0.0249671484888304,0.873850197109067,761.0,601.0,1.0,3.0,11211.0,0.88,0.2272727272727272,0.0227272727272727,0.6363636363636364,0.1818181818181818,10.0,153.5909090909091,0.5545335545295573,(718) 576-3536,https://merakibrooklyn.com/,"[{""day"": ""Monday"", ""hours"": ""3 to 10\u202fPM""}, {""day"": ""Tuesday"", ""hours"": ""3 to 10\u202fPM""}, {""day"": ""Wednesday"", ""hours"": ""3 to 10\u202fPM""}, {""day"": ""Thursday"", ""hours"": ""3 to 10\u202fPM""}, {""day"": ""Friday"", ""hours"": ""11\u202fAM to 11\u202fPM""}, {""day"": ""Saturday"", ""hours"": ""11\u202fAM to 11\u202fPM""}, {""day"": ""Sunday"", ""hours"": ""11\u202fAM to 10\u202fPM""}]","[""https://lh3.googleusercontent.com/gps-cs-s/AHVAweqYkJw1V0brXl81VB5in0LHVAEyEPpFf_wao4S7gxXe91vh4-4NGO6ZZyWjYc17QcJWJiDmWvAim1eoH9Sn19zQxFQMbfrMqeYLp6G-jlruR_j0BB_ffDZu5_ba5YjIzJWSKQQT=w1920-h1080-k-no""]","[{""text"": ""Great food and atmosphere. Eleni was our server and was so kind!"", ""rating"": 5, ""author"": ""Emily Powell"", ""published"": ""a month ago""}, {""text"": ""Food was great. Service is great. Jenny and Grace did an amazing job."", ""rating"": 5, ""author"": ""Emily Lee"", ""published"": ""a day ago""}, {""text"": ""Food was amazing\nAnd thank you Jenny for the great hospitality\nI will be back"", ""rating"": 5, ""author"": ""Yessenia Garcia"", ""published"": ""a week ago""}]",Local Favorite,"{""standout_dishes"": [], ""vibe_and_service"": [""Servers like Eleni, Grace, and Jenny get named again and again for being warm, attentive, and great with recommendations"", ""Friendly, welcoming hospitality that makes birthdays and family dinners feel special""], ""wait_time_note"": null}"
r_d28301,50.0,0.2328260407586357,0.0,0.9,4.278441039847517,4.489030774035372,0.2105897341878551,4.17314617275359,When in Bangkok,Flushing,Thai,NYC,ChIJI2E7PJphwokRpwMEjuffvHc,"161-16 Northern Blvd, Flushing, NY 11358",4.8,2200.0,https://komriwzkkknrsirifgqg.supabase.co/storage/v1/object/public/restaurant-photos/r_d28301.jpg,https://www.google.com/maps/search/?api=1&query=When%20in%20Bangkok&query_place_id=ChIJI2E7PJphwokRpwMEjuffvHc,,40.7622141,-73.8042603,15.412,0.8986363636363637,10.0,0.0113636363636363,0.8872727272727273,2200.0,3631.0,1.0,1.0,11358.0,0.8,0.175,0.1,0.3,0.175,1.75,331.625,0.5537038436562031,(929) 362-2000,http://www.wib-nyc.com/,"[{""day"": ""Monday"", ""hours"": ""11:30\u202fAM to 10\u202fPM""}, {""day"": ""Tuesday"", ""hours"": ""11:30\u202fAM to 10\u202fPM""}, {""day"": ""Wednesday"", ""hours"": ""11:30\u202fAM to 10\u202fPM""}, {""day"": ""Thursday"", ""hours"": ""11:30\u202fAM to 10\u202fPM""}, {""day"": ""Friday"", ""hours"": ""11:30\u202fAM to 10\u202fPM""}, {""day"": ""Saturday"", ""hours"": ""11:30\u202fAM to 10\u202fPM""}, {""day"": ""Sunday"", ""hours"": ""11:30\u202fAM to 10\u202fPM""}]","[""https://lh3.googleusercontent.com/gps-cs-s/AHVAwerQ8pfHFjqO4K2HWOcfVZU4EBNe9jMlvqJv3k-dF_1o5d_7mqScYCzhy01UkbCgqzdR--bN9nK6U3KNcl5e774bLvAFcgsLrq1a4QkXX4IKhorxGM8cMLHzB6Z2KxtVCRuiN4NMgA=w1920-h1080-k-no""]","[{""text"": ""Love this place and good are great! Definitely come back for sure! Kids friendly as well~"", ""rating"": 5, ""author"": ""Caterina Li"", ""published"": ""a month ago""}, {""text"": ""Good portion size, the curry was very watery or maybe it\u2019s just me. The chive rice cake was almost raw."", ""rating"": 4, ""author"": ""Reshma Sarkar"", ""published"": ""a month ago""}, {""text"": ""Food tastes good and looks very delicate. But the portions are little small. Overall it\u2019s good, worth it to try"", ""rating"": 4, ""author"": ""Aoli Ke'esy"", ""published"": ""2 weeks ago""}]",,"{""standout_dishes"": [""Pineapple curry duck"", ""Tom Yum soup"", ""Zabb wings"", ""Crispy pork belly""], ""vibe_and_service"": [""Cozy, comfortable interior with tables that aren't crammed together"", ""Friendly staff and attentive service in most reviews"", ""Happy hour cocktails (reported at $11 before 5pm) and a Korean bakery a couple of doors down for coffee after""], ""wait_time_note"": null}"
r_0358f9,50.0,0.1898772938564221,0.0,0.94,4.6210873383211615,4.64443276677961,0.0233454284584482,4.609414624091937,HOJOKBAN NYC,Murray Hill,Korean,NYC,ChIJ92UIyldZwokRj4AVxzDTXgU,"128 Madison Ave, New York, NY 10016",4.6,612.0,https://komriwzkkknrsirifgqg.supabase.co/storage/v1/object/public/restaurant-photos/r_0358f9.jpg,https://www.google.com/maps/search/?api=1&query=HOJOKBAN%20NYC&query_place_id=ChIJ92UIyldZwokRj4AVxzDTXgU,75.0,40.7457255,-73.9847775,1.364,0.7794117647058824,10.0,0.0163398692810457,0.7630718954248366,612.0,1882.0,1.0,1.0,10016.0,0.76,0.131578947368421,0.1578947368421052,0.5789473684210527,0.2105263157894736,0.8333333333333334,310.2894736842105,0.5535779429760815,(646) 454-0008,https://hojokban.com/,"[{""day"": ""Monday"", ""hours"": ""12 to 3\u202fPM, 5 to 11\u202fPM""}, {""day"": ""Tuesday"", ""hours"": ""12 to 3\u202fPM, 5 to 11\u202fPM""}, {""day"": ""Wednesday"", ""hours"": ""12 to 3\u202fPM, 5 to 11\u202fPM""}, {""day"": ""Thursday"", ""hours"": ""12 to 3\u202fPM, 5 to 11\u202fPM""}, {""day"": ""Friday"", ""hours"": ""12 to 3\u202fPM, 5\u202fPM to 12\u202fAM""}, {""day"": ""Saturday"", ""hours"": ""11\u202fAM to 3\u202fPM, 5\u202fPM to 12\u202fAM""}, {""day"": ""Sunday"", ""hours"": ""11\u202fAM to 3\u202fPM, 5 to 11\u202fPM""}]","[""https://lh3.googleusercontent.com/gps-cs-s/AHVAweqELS34iJ-IlKgVR7fjs6SjG9N1myJqRJAKfgNTZyVLnJ_n1CaLCUqFyisWoke7ArrLhYrwRbd_GH0DR8PLVFE8PMOW6MmTq7opOTPEFUZYOowoOG8JG72ZQUMvE2VxBJh9nysa-Q=w1920-h1080-k-no""]","[{""text"": ""YOU COULD EAT THE PLATE ITSELF!! \ud83d\ude2d will return!"", ""rating"": 5, ""author"": ""Kadija"", ""published"": ""2 months ago""}, {""text"": ""This version of elevated Korean comfort food is unmatched. You will be seeing us again very soon"", ""rating"": 5, ""author"": ""Michel Long-Rambharose"", ""published"": ""2 months ago""}, {""text"": ""Great dinner. Honey fried chicken was perfect. And the galbi-jjim beef melts in your mouth (love that the dish had jujube)."", ""rating"": 5, ""author"": ""Anda"", ""published"": ""2 months ago""}]",Local Favorite,"{""standout_dishes"": [""Hojok Galbi (tender, falling-off-the-bone ribs)"", ""Truffle potato pancake"", ""Tteokbokki (octopus tteokbokki)"", ""Honey fried chicken""], ""vibe_and_service"": [""Friendly, attentive staff and a cozy, date-night-friendly atmosphere"", ""Generous portions that feel like good value for elevated Korean comfort food""], ""wait_time_note"": null}"
r_a62a0f,50.0,0.1820497198447944,0.0,0.96,4.263054962144349,4.454930974248497,0.1918760121041476,4.167116956092276,Sao Mai,East Village,Vietnamese,NYC,ChIJiRyw_Z1ZwokRJoGTZBGAwHY,"203 1st Ave, New York, NY 10003",4.6,923.0,https://komriwzkkknrsirifgqg.supabase.co/storage/v1/object/public/restaurant-photos/r_a62a0f.jpg,https://www.google.com/maps/search/?api=1&query=Sao%20Mai&query_place_id=ChIJiRyw_Z1ZwokRJoGTZBGAwHY,25.0,40.7303656,-73.9835091,3.072,0.7378114842903575,10.0,0.0195016251354279,0.7183098591549296,923.0,794.0,1.0,1.0,10003.0,0.74,0.3783783783783784,0.054054054054054,0.4864864864864865,0.1891891891891892,7.0,180.8918918918919,0.5535611575146464,(212) 358-8880,http://saomainyc.com/,"[{""day"": ""Monday"", ""hours"": ""11:30\u202fAM to 9:30\u202fPM""}, {""day"": ""Tuesday"", ""hours"": ""11:30\u202fAM to 9:30\u202fPM""}, {""day"": ""Wednesday"", ""hours"": ""11:30\u202fAM to 9:30\u202fPM""}, {""day"": ""Thursday"", ""hours"": ""11:30\u202fAM to 9:30\u202fPM""}, {""day"": ""Friday"", ""hours"": ""11:30\u202fAM to 9:30\u202fPM""}, {""day"": ""Saturday"", ""hours"": ""11:30\u202fAM to 9:30\u202fPM""}, {""day"": ""Sunday"", ""hours"": ""11:30\u202fAM to 9:30\u202fPM""}]","[""https://lh3.googleusercontent.com/gps-cs-s/AHVAweoomCDp20aGhCOUzPRIYvdKpNV3YOubvDJAIm_NlGvX0UAJxioM1ZTIU5QqLZwB0wdZpxwF9WfdSnQTnaUQKkFU7yGJWkrXTte0KeRl709u61pxYXb_pg3-AFgK2EZ0eFgRO0_maqWEuy92=w1920-h1080-k-no""]","[{""text"": ""I enjoy their beef broth and the calamari!"", ""rating"": 5, ""author"": ""K Brown"", ""published"": ""3 months ago""}, {""text"": ""If the broth more hotter , will be great! It\u2019s very tasty pho noodle here!"", ""rating"": 4, ""author"": ""Ten H413"", ""published"": ""4 months ago""}, {""text"": ""Delicious and authentic spot, very reasonably priced. Many gluten free options."", ""rating"": 5, ""author"": ""G G"", ""published"": ""a month ago""}]",,"{""standout_dishes"": [""Pho with flavorful beef broth"", ""Seafood pho"", ""Bun cha special""], ""vibe_and_service"": [""Friendly, cheerful staff and quick service"", ""Casual, no-frills East Village feel"", ""Reasonably priced for the amount of food""], ""wait_time_note"": null}"
r_7a662f,50.0,0.2309355371922397,0.0,0.84,4.682216748536387,4.367266883798021,0.0,4.682216748536387,Grandma’s Dumpling House,Tribeca,Restaurant,NYC,ChIJo0udSBBbwokRXYNJw3F-tac,"24 Pell St, New York, NY 10013",4.8,213.0,https://komriwzkkknrsirifgqg.supabase.co/storage/v1/object/public/restaurant-photos/r_7a662f.jpg,https://www.google.com/maps/search/?api=1&query=Grandma%E2%80%99s%20Dumpling%20House&query_place_id=ChIJo0udSBBbwokRXYNJw3F-tac,15.0,40.7149327,-73.998238,4.902,0.9530516431924884,10.0,0.0375586854460093,0.9154929577464788,213.0,544.0,0.0,1.0,10013.0,0.84,0.4523809523809524,0.1904761904761904,0.4285714285714285,0.0714285714285714,2.375,192.3571428571429,0.5534447085259625,(646) 429-8130,https://pos.chowbus.com/online-ordering/store/Laolao-Dumplings-House/22846,"[{""day"": ""Monday"", ""hours"": ""10:30\u202fAM to 8\u202fPM""}, {""day"": ""Tuesday"", ""hours"": ""10:30\u202fAM to 8\u202fPM""}, {""day"": ""Wednesday"", ""hours"": ""10:30\u202fAM to 8\u202fPM""}, {""day"": ""Thursday"", ""hours"": ""10:30\u202fAM to 8\u202fPM""}, {""day"": ""Friday"", ""hours"": ""10:30\u202fAM to 9\u202fPM""}, {""day"": ""Saturday"", ""hours"": ""10:30\u202fAM to 9\u202fPM""}, {""day"": ""Sunday"", ""hours"": ""10:30\u202fAM to 9\u202fPM""}]","[""https://lh3.googleusercontent.com/gps-cs-s/AHVAwepG-bwPZ8VzVRpOOw-y-PBDh63icWjsuLdbxBdKt5G_9HgNkLDpdTfjZtgApxAF1zhj6uejMfxj3fACRcP7XGFwlfwDbhxkj5qYf7DvoLzPWvDfSmW70gJbJR32DeK-PpPYZSsBTW7W_Sbe=w1920-h1080-k-no""]","[{""text"": ""Very tasty food and fair prices. Dumpling home made \ud83d\ude0d"", ""rating"": 5, ""author"": ""Lennart vS"", ""published"": ""2 weeks ago""}, {""text"": ""Amazing service and food. Their soup dumplings is a must try!"", ""rating"": 5, ""author"": ""nidhi ann jose"", ""published"": ""a month ago""}, {""text"": ""Sichuan canto style dumplings were good and so were the noodles"", ""rating"": 5, ""author"": ""Ryan Schrock"", ""published"": ""2 weeks ago""}]",Local Favorite,"{""standout_dishes"": [""Soup dumplings"", ""Signature Sichuan dumplings"", ""Shrimp dumplings (boiled or fried)""], ""vibe_and_service"": [""Spotless, comfortable dining room with friendly staff and a nice bathroom"", ""Dumplings are made fresh right in front of you, so it feels authentic"", ""Prices are affordable and the owner's daughter hosts, so they clearly care about guests being happy""], ""wait_time_note"": null}"
r_d212df,100.0,0.2362290958292518,0.0,0.83,4.952878036008678,4.936016911896257,0.0,4.952878036008678,Ler Lers,Bedford-Stuyvesant,Thai,NYC,ChIJaxtuQQBbwokRNRkPuDiPH6Q,"417 Tompkins Ave, Brooklyn, NY 11216",4.9,1212.0,https://komriwzkkknrsirifgqg.supabase.co/storage/v1/object/public/restaurant-photos/r_d212df.jpg,https://www.google.com/maps/search/?api=1&query=Ler%20Lers&query_place_id=ChIJaxtuQQBbwokRNRkPuDiPH6Q,25.0,40.6830567,-73.9436586,9.047,0.957920792079208,10.0,0.0057755775577557,0.9521452145214522,1212.0,594.0,1.0,1.0,11216.0,0.74,0.1621621621621621,0.0,0.5945945945945946,0.027027027027027,6.0,101.35135135135135,0.5533316701058029,(929) 447-5287,http://lerlersnyc.com/,"[{""day"": ""Monday"", ""hours"": ""11:30\u202fAM to 10\u202fPM""}, {""day"": ""Tuesday"", ""hours"": ""11:30\u202fAM to 10\u202fPM""}, {""day"": ""Wednesday"", ""hours"": ""11:30\u202fAM to 10\u202fPM""}, {""day"": ""Thursday"", ""hours"": ""11:30\u202fAM to 10\u202fPM""}, {""day"": ""Friday"", ""hours"": ""11:30\u202fAM to 10\u202fPM""}, {""day"": ""Saturday"", ""hours"": ""11:30\u202fAM to 10\u202fPM""}, {""day"": ""Sunday"", ""hours"": ""11:30\u202fAM to 10\u202fPM""}]","[""https://lh3.googleusercontent.com/gps-cs-s/AHVAwepZklx27Ld_rrkoWh4a1Fn6Tj98P7wDPueIoMKJb15n0Q7vaRYtOm3_8BId2c-GxcYjab6wTm4flt5TzAw9znpaUngwOlI8N0X2ffh4AcmfqtbHD2PxuzN8Kl5SiV1rGcXq-HgR=w1920-h1080-k-no""]","[{""text"": ""Sherlyn was so nice very informative and funny."", ""rating"": 5, ""author"": ""Shar"", ""published"": ""2 days ago""}, {""text"": ""Amazing lunch special! Everything was delicious!"", ""rating"": 5, ""author"": ""Kayla Davie"", ""published"": ""4 days ago""}, {""text"": ""Food is wonderful!! The Lumphini Bloom is an excellent drink!"", ""rating"": 5, ""author"": ""Rissa"", ""published"": ""2 days ago""}]",Universally Loved,"{""standout_dishes"": [], ""vibe_and_service"": [""Friendly, attentive servers \ba\b\bSherlyn gets praised by name in several reviews for being fast, funny, and informative"", ""Cozy atmosphere with great energy and staff who make you feel welcome"", ""Host Michael and the team are accommodating, even on busy nights and with kids in tow""], ""wait_time_note"": ""Two reviews say they showed up on a busy night (one a Friday) without a reservation and still got seated, one at the bar, so walk-ins can work out.""}"
r_75f8a8,50.0,0.2212143589531059,0.02,0.9,4.696324604489271,4.624000974570317,0.0,4.696324604489271,Lin & Daughters - West Village,West Village,Chinese,NYC,ChIJVV2UrWtZwokRaDAR_yA4WcY,"181 W 4th St, New York, NY 10014",4.7,357.0,https://komriwzkkknrsirifgqg.supabase.co/storage/v1/object/public/restaurant-photos/r_75f8a8.jpg,https://www.google.com/maps/search/?api=1&query=Lin%20%26%20Daughters%20-%20West%20Village&query_place_id=ChIJVV2UrWtZwokRaDAR_yA4WcY,35.0,40.7325187,-74.0016657,3.145,0.84593837535014,10.0,0.011204481792717,0.834733893557423,357.0,378.0,1.0,1.0,10014.0,0.86,0.2558139534883721,0.0,0.4883720930232558,0.0465116279069767,11.0,235.02325581395348,0.5532338373280773,(917) 645-0229,https://www.linanddaughters.com/,"[{""day"": ""Monday"", ""hours"": ""Closed""}, {""day"": ""Tuesday"", ""hours"": ""11:30\u202fAM to 9:15\u202fPM""}, {""day"": ""Wednesday"", ""hours"": ""11:30\u202fAM to 9:15\u202fPM""}, {""day"": ""Thursday"", ""hours"": ""11:30\u202fAM to 9:15\u202fPM""}, {""day"": ""Friday"", ""hours"": ""11:30\u202fAM to 9:45\u202fPM""}, {""day"": ""Saturday"", ""hours"": ""11:30\u202fAM to 9:45\u202fPM""}, {""day"": ""Sunday"", ""hours"": ""11:30\u202fAM to 9:15\u202fPM""}]","[""https://lh3.googleusercontent.com/gps-cs-s/AHVAwep0hnyCMVktdwm7a-IQ-pM74l5J4umG5MJ75R87RSCNe6GQj94lsh7yd0oa1AAY4gOD-lY85Hu9DsiU_0WpgFLOMQr-pyO0bVHUPKRZCqeB5-ZUQuVb6Dw41rfxh9elRVkvZyGZJbEaNEM-=w1920-h1080-k-no""]","[{""text"": ""Beef noodle soup and chicken dumplings were great"", ""rating"": 5, ""author"": ""Masooda Sultani"", ""published"": ""4 months ago""}, {""text"": ""Quiet little noodle shop with very tasty, homestlye flavors."", ""rating"": 5, ""author"": ""melina"", ""published"": ""3 months ago""}, {""text"": ""Truly delicious every time. You can tell it's made with LOVE."", ""rating"": 5, ""author"": ""Gabija Tonkunas"", ""published"": ""Edited a month ago""}]",Local Favorite,"{""standout_dishes"": [""Chicken noodle soup"", ""Beef noodle soup"", ""Pork and chive dumplings"", ""Dan dan noodles""], ""vibe_and_service"": [""Tiny, unpretentious neighborhood spot with only a few tables and a bar, and no kitchen smoke or smell despite the small size"", ""Homestyle, regional cooking that feels made with care rather than classic NY takeout""], ""wait_time_note"": null}"
r_ec7974,50.0,0.2133232927121512,0.0,0.88,4.48914189383427,4.630061416604844,0.1409195227705737,4.418682132448983,Enerugi Ramen,Cobble Hill,Ramen,NYC,ChIJM3HRm51bwokR6t8VF3KaOew,"224 Atlantic Ave, Brooklyn, NY 11201",4.9,149.0,https://komriwzkkknrsirifgqg.supabase.co/storage/v1/object/public/restaurant-photos/r_ec7974.jpg,https://www.google.com/maps/search/?api=1&query=Enerugi%20Ramen&query_place_id=ChIJM3HRm51bwokR6t8VF3KaOew,15.0,40.6893266,-73.9917134,7.641,0.953020134228188,10.0,0.0201342281879194,0.9328859060402684,149.0,335.0,1.0,1.0,11201.0,0.76,0.2105263157894736,0.1052631578947368,0.4210526315789473,0.131578947368421,2.0,232.5,0.5517208807869127,(347) 227-8380,http://www.enerugiramencobblehill.com/,"[{""day"": ""Monday"", ""hours"": ""11:30\u202fAM to 3\u202fPM, 4 to 10\u202fPM""}, {""day"": ""Tuesday"", ""hours"": ""11:30\u202fAM to 3\u202fPM, 4 to 10\u202fPM""}, {""day"": ""Wednesday"", ""hours"": ""11:30\u202fAM to 3\u202fPM, 4 to 10\u202fPM""}, {""day"": ""Thursday"", ""hours"": ""11:30\u202fAM to 3\u202fPM, 4 to 10\u202fPM""}, {""day"": ""Friday"", ""hours"": ""11:30\u202fAM to 3\u202fPM, 4 to 10\u202fPM""}, {""day"": ""Saturday"", ""hours"": ""11:30\u202fAM to 10\u202fPM""}, {""day"": ""Sunday"", ""hours"": ""11:30\u202fAM to 10\u202fPM""}]","[""https://lh3.googleusercontent.com/gps-cs-s/AHVAwerA2BaSwnTOYoIp3in8UeBAuI9sbpM3ciPtFOjluxYfqAXCre64SburBn7CFcU9mmqvBeUYTdMEAcj6NJozoXi4wDHPS0dH68iA5-Bng1NjKzl5dw1sqcnVMWTdrIpubfvYbfTsegG44fN_=w1920-h1080-k-no""]","[{""text"": ""The ramen is oh so delicious. I cnt get enough of it!"", ""rating"": 5, ""author"": ""Kayereathea Boyd"", ""published"": ""6 days ago""}, {""text"": ""The food is great here! Highly recommend the katsu chicken"", ""rating"": 5, ""author"": ""Jarvis Tebao"", ""published"": ""a month ago""}, {""text"": ""A friendly neighborhood ramen spot that serves consistent ramen."", ""rating"": 5, ""author"": ""Johnson Ho"", ""published"": ""2 months ago""}]",,"{""standout_dishes"": [""Tonkotsu ramen"", ""Curry katsu ramen"", ""Gyoza""], ""vibe_and_service"": [""Friendly, attentive service that's quick and efficient"", ""Small, cozy neighborhood spot with good prices and a weekday lunch special"", ""Takeout is packed thoughtfully, with soup separated from the noodles""], ""wait_time_note"": null}"
r_227b75,50.0,0.2457182827077313,0.02,0.84,4.909821487640454,4.949831091038878,0.040009603398424,4.889816685941242,Fonda Garibaldi,Dyker Heights,Mexican,NYC,ChIJm5ZG-FFFwokR3C5k_xOudtc,"6732 13th Ave, Brooklyn, NY 11219",4.8,233.0,https://komriwzkkknrsirifgqg.supabase.co/storage/v1/object/public/restaurant-photos/r_227b75.jpg,https://www.google.com/maps/search/?api=1&query=Fonda%20Garibaldi&query_place_id=ChIJm5ZG-FFFwokR3C5k_xOudtc,15.0,40.6243311,-74.0035523,14.916,0.871244635193133,10.0,0.0214592274678111,0.8497854077253219,233.0,666.0,1.0,1.0,11219.0,0.76,0.3947368421052631,0.0263157894736842,0.6842105263157895,0.0526315789473684,15.0,210.5,0.5515482971573686,(347) 497-5877,http://www.fondagaribaldi.com/,"[{""day"": ""Monday"", ""hours"": ""12 to 9:45\u202fPM""}, {""day"": ""Tuesday"", ""hours"": ""12 to 9:45\u202fPM""}, {""day"": ""Wednesday"", ""hours"": ""12 to 9:45\u202fPM""}, {""day"": ""Thursday"", ""hours"": ""12 to 9:45\u202fPM""}, {""day"": ""Friday"", ""hours"": ""12 to 9:45\u202fPM""}, {""day"": ""Saturday"", ""hours"": ""12 to 9:45\u202fPM""}, {""day"": ""Sunday"", ""hours"": ""12 to 9:45\u202fPM""}]","[""https://lh3.googleusercontent.com/gps-cs-s/AHVAwep8SeO5rfIrkhzO3S4KPmooOiQS6Bm6m0LI1y4zY1WsXskhxlxE7IFKyqF1__aJUTrqaVKHBy0shDtjDOCgQOyVS8zUaCMVOgfF3RGf6CT2sJWymvJBD6LmTcvH0AUvshcCFsqM=w1920-h1080-k-no""]","[{""text"": ""Unexpected surprise! Delicious food and reasonable price and generous portions."", ""rating"": 5, ""author"": ""Timothy Na"", ""published"": ""Edited 11 months ago""}, {""text"": ""Best tacos for the value within 45 mins radius, maybe more. Friendly service. Love this place"", ""rating"": 5, ""author"": ""Winson Cheong"", ""published"": ""8 months ago""}, {""text"": ""What an excellent place got lunch. Outstanding food and great service. Highly recommend the cartinas torta!"", ""rating"": 5, ""author"": ""Rich H"", ""published"": ""3 months ago""}]",Hidden Gem,"{""standout_dishes"": [""Churrasco skirt steak"", ""Short rib dishes (tacos, entree)"", ""Tacos"", ""Chips and guacamole""], ""vibe_and_service"": [""Friendly, attentive staff, with one reviewer calling out server Lettie"", ""Cute, colorful small corner spot with a family feel, and you can bring your own wine or beer"", ""Generous portions and good value for the price""], ""wait_time_note"": null}"
r_163833,50.0,0.2799910293009364,0.0,0.74,4.921850055421093,4.780393407565435,0.0,4.921850055421093,Kausa,Midtown,Peruvian,NYC,ChIJEX0DBHdZwokR4L80Iik55mo,"745 9th Ave, New York, NY 10019",4.5,1589.0,https://komriwzkkknrsirifgqg.supabase.co/storage/v1/object/public/restaurant-photos/r_163833.jpg,https://www.google.com/maps/search/?api=1&query=Kausa&query_place_id=ChIJEX0DBHdZwokR4L80Iik55mo,40.0,40.7638587,-73.9890934,0.718,0.8149779735682819,10.0,0.0591567023285085,0.7558212712397735,1589.0,1725.0,1.0,1.0,10019.0,0.92,0.1304347826086956,0.0,0.5217391304347826,0.0217391304347826,6.0,128.6304347826087,0.5506713621500356,(646) 678-5227,https://kausarestaurant.com/?utm_source=google,"[{""day"": ""Monday"", ""hours"": ""10:30\u202fAM to 12\u202fAM""}, {""day"": ""Tuesday"", ""hours"": ""10:30\u202fAM to 12\u202fAM""}, {""day"": ""Wednesday"", ""hours"": ""10:30\u202fAM to 12\u202fAM""}, {""day"": ""Thursday"", ""hours"": ""10:30\u202fAM to 12\u202fAM""}, {""day"": ""Friday"", ""hours"": ""10:30\u202fAM to 1\u202fAM""}, {""day"": ""Saturday"", ""hours"": ""10:30\u202fAM to 1\u202fAM""}, {""day"": ""Sunday"", ""hours"": ""10:30\u202fAM to 12\u202fAM""}]","[""https://lh3.googleusercontent.com/gps-cs-s/AHVAweohjEq9tYZEWAyxSGdZby8OG-h0a2DpbvNviXerhZf8h0eTZpwOyUA8FdSblGPJpJn0hslxpYXFSl7blqeZDskbBdjmsr5NLofLCOtJP6zAsTLU7loR1H9abRS_QEcs_1aXjPqP=w1920-h1080-k-no""]","[{""text"": ""Ricardo our bartender was excellent  with the drinks and food suggestions"", ""rating"": 5, ""author"": ""gabriel aban"", ""published"": ""a week ago""}, {""text"": ""The food is delicious and service is great! We enjoyed our time here. Amazing experience. Thank you! \ud83d\ude03"", ""rating"": 5, ""author"": ""Julissa Fernandez"", ""published"": ""a week ago""}, {""text"": ""Our waiter, Carlos, was amazing. His energy was great and his recommendations were spot on. The Kausa on the menu was very reasonably priced and tasted incredible. Carlos also checked in on us regularly and took the time to educate us about the Pisco Sour cocktails, which made the experience even better."", ""rating"": 5, ""author"": ""Anthony Castro"", ""published"": ""a week ago""}]",Universally Loved,"{""standout_dishes"": [], ""vibe_and_service"": [""Servers like Carlos stand out for warm, attentive service, honest recommendations, and explaining the dishes and Pisco Sour cocktails"", ""Sitting at the bar with bartenders Ricardo/Ricky gets you great drinks and friendly, attentive service"", ""Authentic Peruvian food in a cool atmosphere that works for lunch before a show or a fun night out""], ""wait_time_note"": null}"
r_323167,50.0,0.1921250052623859,0.0,0.96,4.5127368807679895,4.546483585901331,0.0337467051333417,4.495863528201319,Max's Es-ca,Mid Island,Italian,NYC,ChIJFbaEnL9OwokRh-hurBvurSE,"1559 Richmond Rd, Staten Island, NY 10304",4.6,870.0,https://komriwzkkknrsirifgqg.supabase.co/storage/v1/object/public/restaurant-photos/r_323167.jpg,https://www.google.com/maps/search/?api=1&query=Max's%20Es-ca&query_place_id=ChIJFbaEnL9OwokRh-hurBvurSE,75.0,40.591521,-74.101209,20.934,0.7965517241379311,10.0,0.032183908045977,0.764367816091954,870.0,563.0,1.0,2.0,10304.0,0.62,0.1612903225806451,0.0,0.3870967741935484,0.032258064516129,5.0,203.1935483870968,0.5505365354691412,(718) 980-5006,http://www.maxsesca.com/,"[{""day"": ""Monday"", ""hours"": ""11:30\u202fAM to 10\u202fPM""}, {""day"": ""Tuesday"", ""hours"": ""11:30\u202fAM to 10\u202fPM""}, {""day"": ""Wednesday"", ""hours"": ""11:30\u202fAM to 11\u202fPM""}, {""day"": ""Thursday"", ""hours"": ""11:30\u202fAM to 11\u202fPM""}, {""day"": ""Friday"", ""hours"": ""11:30\u202fAM to 12\u202fAM""}, {""day"": ""Saturday"", ""hours"": ""11:30\u202fAM to 12\u202fAM""}, {""day"": ""Sunday"", ""hours"": ""1 to 9\u202fPM""}]","[""https://lh3.googleusercontent.com/gps-cs-s/AHVAwervlH9UJ4cpPBGKVPX3SVEvnh7F_MYTgKfvrMNmmiq6j1mZg5mFHw1xUKccIcGIAwC6lhb4Mi5Q9kGXpqJyToANXMpsv5ZL6-EiJlJAVyli_BhqZ_jd9zrSR8-l3jM46MMjd_Li=w1920-h1080-k-no""]","[{""text"": ""Wonderful restaurant and friendly staff."", ""rating"": 5, ""author"": ""Michael S"", ""published"": ""8 months ago""}, {""text"": ""Great food, great people and a great time"", ""rating"": 5, ""author"": ""joseph otoole"", ""published"": ""11 months ago""}, {""text"": ""Always a fun vibe by the bar great service"", ""rating"": 4, ""author"": ""Galina Pinskiy"", ""published"": ""9 months ago""}]",,"{""standout_dishes"": [""Beef Wellington""], ""vibe_and_service"": [""Servers get praised again and again, with a few staff called out by name (Breeanna, Veronica) for friendly, on-point service"", ""Great atmosphere with a fun bar, a nice dining room, and a warm, welcoming feel"", ""Works for date nights and girls' nights out, and it's been around for many years with consistent quality""], ""wait_time_note"": null}"
r_09b56a,50.0,0.3309129390256463,0.0,0.66,4.978242011263749,4.95097797893112,0.0,4.978242011263749,Forever Thai,Bushwick,Thai,NYC,ChIJ-TPCipxdwokR0Nx6d8ZKzEc,"1031 Flushing Ave, Brooklyn, NY 11237",4.8,1159.0,https://komriwzkkknrsirifgqg.supabase.co/storage/v1/object/public/restaurant-photos/r_09b56a.jpg,https://www.google.com/maps/search/?api=1&query=Forever%20Thai&query_place_id=ChIJ-TPCipxdwokR0Nx6d8ZKzEc,25.0,40.7039938,-73.9310911,7.571,0.911130284728214,10.0,0.0276100086281276,0.8835202761000863,1159.0,1240.0,1.0,1.0,11237.0,0.72,0.2777777777777778,0.0277777777777777,0.6388888888888888,0.0555555555555555,10.0,132.86111111111111,0.5503294995387769,(347) 599-0277,http://foreverthaibushwick.com/,"[{""day"": ""Monday"", ""hours"": ""11\u202fAM to 10\u202fPM""}, {""day"": ""Tuesday"", ""hours"": ""11\u202fAM to 10\u202fPM""}, {""day"": ""Wednesday"", ""hours"": ""11\u202fAM to 10\u202fPM""}, {""day"": ""Thursday"", ""hours"": ""11\u202fAM to 10\u202fPM""}, {""day"": ""Friday"", ""hours"": ""11\u202fAM to 10\u202fPM""}, {""day"": ""Saturday"", ""hours"": ""11\u202fAM to 10\u202fPM""}, {""day"": ""Sunday"", ""hours"": ""11\u202fAM to 10\u202fPM""}]","[""https://lh3.googleusercontent.com/gps-cs-s/AHVAwerS8Wu0wBuZd82AFizfhxHnonOA4AkIs8q1y0637wCYXELGb7HZ_zhQhHZZ_jM3EccWyJ-Xb8xzKo-mPLZYDVPv8a7AuICTPpDiSxdET--7rgyOR0HtMo1pFc1GQ5HbFrA3EybZ=w1920-h1080-k-no""]","[{""text"": ""A hidden gem in bushwick. It was a really nice experience!"", ""rating"": 5, ""author"": ""Mari J"", ""published"": ""23 hours ago""}, {""text"": ""Fantastic\nSo glad we came for dinner \ud83e\udd70\nGo\nYou will not be disappointed."", ""rating"": 5, ""author"": ""jen w"", ""published"": ""2 days ago""}, {""text"": ""I\u2019ve been here several times and they\u2019ll forever be my favorite Thai food Restaurant in Brooklyn, NY. Service is impeccable and their food is delicious. Great drink choices and my favorite of all, is the Thai Iced Tea. I\u2019ll be back soon. Thank you for a welcoming experience each visit."", ""rating"": 5, ""author"": ""Tiffany Gunn"", ""published"": ""a day ago""}]",Universally Loved,"{""standout_dishes"": [""Thai Iced Tea"", ""Pad kee mao"", ""Duck dishes (crunchy duck, duck special)""], ""vibe_and_service"": [""Attentive, friendly service with staff reviewers name often, especially Terry, who makes great cocktails"", ""Inviting, roomy atmosphere with plenty of space"", ""Fresh food that comes out fast, at fair prices""], ""wait_time_note"": ""Reviewers say food comes out quickly and there's lots of space, with one noting they didn't wait at all, but no one mentions reservations or peak-hour waits.""}"
r_015223,50.0,0.2711186020075333,0.0,0.78,4.9110909498566135,4.786117325742316,0.0,4.9110909498566135,BK Belly,Williamsburg,Thai,NYC,ChIJ94je5ydbwokREDJmAJq27Zg,"216 Humboldt St, Brooklyn, NY 11206",4.8,335.0,https://komriwzkkknrsirifgqg.supabase.co/storage/v1/object/public/restaurant-photos/r_015223.jpg,https://www.google.com/maps/search/?api=1&query=BK%20Belly&query_place_id=ChIJ94je5ydbwokREDJmAJq27Zg,,40.7087878,-73.9415741,6.617,0.9402985074626866,10.0,0.0388059701492537,0.9014925373134328,335.0,505.0,1.0,10.0,11206.0,0.76,0.4473684210526316,0.0526315789473684,0.5263157894736842,0.1052631578947368,8.5,195.5,0.550125628681341,(347) 599-0133,https://bkbellynyc.com/?utm_source=google,"[{""day"": ""Monday"", ""hours"": ""12 to 3:30\u202fPM, 4:30 to 9:30\u202fPM""}, {""day"": ""Tuesday"", ""hours"": ""12 to 3:30\u202fPM, 4:30 to 9:30\u202fPM""}, {""day"": ""Wednesday"", ""hours"": ""12 to 3:30\u202fPM, 4:30 to 9:30\u202fPM""}, {""day"": ""Thursday"", ""hours"": ""12 to 3:30\u202fPM, 4:30 to 9:30\u202fPM""}, {""day"": ""Friday"", ""hours"": ""12 to 3:30\u202fPM, 4:30 to 9:30\u202fPM""}, {""day"": ""Saturday"", ""hours"": ""12 to 3:30\u202fPM, 4:30 to 9:30\u202fPM""}, {""day"": ""Sunday"", ""hours"": ""12 to 3:30\u202fPM, 4:30 to 9:30\u202fPM""}]","[""https://lh3.googleusercontent.com/gps-cs-s/AHVAwerRpfpZ51_nPDJBTHj0iJTRrAE176Amj84liaV3ZnxSYu9DldE2beGC7okaykvJHKS-0RpqHOXskBRP1slLu97QdbaMVeIRYmulWI0xAUsmNMcAVqWhqIRvu7Mh3zbAaVs5AXgYgBA7NilN=w1920-h1080-k-no""]","[{""text"": ""Great neighborhood spot with strong flavors and hospitality"", ""rating"": 5, ""author"": ""Jay Mann"", ""published"": ""4 months ago""}, {""text"": ""Best mango and sticky rice I\u2019ve had in a long time. Cozy atmosphere and lovely service!"", ""rating"": 5, ""author"": ""Ella Smith"", ""published"": ""4 months ago""}, {""text"": ""i eat a lot of thai food and BK Belly was one of my favorite spots yet, will def go back"", ""rating"": 5, ""author"": ""Ken Litton"", ""published"": ""3 months ago""}]",Hidden Gem,"{""standout_dishes"": [""Mango with coconut sticky rice"", ""Brown sugar boba tea""], ""vibe_and_service"": [""Warm, modern, cozy space that's great for catching up with friends or family"", ""Friendly, attentive staff and genuine hospitality"", ""Fresh food at reasonable prices, and it's BYOB for now""], ""wait_time_note"": null}"
r_521013,50.0,0.2366905093245476,0.02,0.86,4.823960202450244,4.766368618712248,0.0,4.823960202450244,Luliano’s,Bay Ridge,Italian,NYC,ChIJVQWnsVhFwokRVaao845JRHM,"7902 3rd Ave, Brooklyn, NY 11209",4.5,503.0,https://komriwzkkknrsirifgqg.supabase.co/storage/v1/object/public/restaurant-photos/r_521013.jpg,https://www.google.com/maps/search/?api=1&query=Luliano%E2%80%99s&query_place_id=ChIJVQWnsVhFwokRVaao845JRHM,25.0,40.6284582,-74.0292794,14.853,0.7693836978131213,10.0,0.0497017892644135,0.7196819085487077,503.0,458.0,1.0,1.0,11209.0,0.78,0.3076923076923077,0.0512820512820512,0.7435897435897436,0.0512820512820512,6.0,184.89743589743588,0.5495981287202796,(718) 439-6993,http://www.lulianos.com/,"[{""day"": ""Monday"", ""hours"": ""Closed""}, {""day"": ""Tuesday"", ""hours"": ""11\u202fAM to 9\u202fPM""}, {""day"": ""Wednesday"", ""hours"": ""Closed""}, {""day"": ""Thursday"", ""hours"": ""11\u202fAM to 9\u202fPM""}, {""day"": ""Friday"", ""hours"": ""11\u202fAM to 9:30\u202fPM""}, {""day"": ""Saturday"", ""hours"": ""11\u202fAM to 9:30\u202fPM""}, {""day"": ""Sunday"", ""hours"": ""11\u202fAM to 9\u202fPM""}]","[""https://lh3.googleusercontent.com/gps-cs-s/AHVAweppmyHH4OVXPKkgKvsR3mj2tSGVbP59fhWyTPCyv8ZmbHV6J_10wk_X62OfHoM6EAxjPKIJA9Vtq_njxdegAab0sRYoDh4X0KrfhNFeYZmhhUvtRh4UTjHFnyX19hwq2MLQGk0g=w1920-h1080-k-no""]","[{""text"": ""Great service nice cocktail big portions love it."", ""rating"": 5, ""author"": ""Let\u2019s Go Ok"", ""published"": ""4 months ago""}, {""text"": ""Delicious food and exceptional service.\nPIZZA IS AMAZING\"""", ""rating"": 5, ""author"": ""mohel613"", ""published"": ""Edited 9 months ago""}, {""text"": ""Love lulianos.. Great service, delicious food and reasonably priced"", ""rating"": 5, ""author"": ""Mary Maroney"", ""published"": ""5 months ago""}]",Local Favorite,"{""standout_dishes"": [""Pizza (margherita, grandma's style)"", ""Chicken parm"", ""Spicy vodka pasta""], ""vibe_and_service"": [""Servers get consistent praise for being great and attentive"", ""Reasonably priced, with home-cooked-style quality that makes it a go-to when you don't want to cook"", ""Good for family outings, and the weekend brunch menu is a plus""], ""wait_time_note"": null}"
r_66dd4c,50.0,0.2949384725026504,0.0,0.74,4.553552990667292,4.53433056802937,0.0,4.553552990667292,Swagat NY,Upper West Side,Indian,NYC,ChIJDS1-pYhYwokRywlHfqvb-n8,"411A Amsterdam Ave, New York, NY 10024",4.3,514.0,https://komriwzkkknrsirifgqg.supabase.co/storage/v1/object/public/restaurant-photos/r_66dd4c.jpg,https://www.google.com/maps/search/?api=1&query=Swagat%20NY&query_place_id=ChIJDS1-pYhYwokRywlHfqvb-n8,25.0,40.7835351,-73.9777849,2.909,0.7957198443579766,7.019607843137255,0.0992217898832684,0.6964980544747081,514.0,400.0,1.0,8.0,10024.0,0.76,0.2368421052631578,0.1578947368421052,0.5263157894736842,0.1842105263157894,1.5,227.05263157894737,0.5494668915084274,(212) 362-1400,https://www.swagatny.com/,"[{""day"": ""Monday"", ""hours"": ""12 to 10\u202fPM""}, {""day"": ""Tuesday"", ""hours"": ""12 to 10\u202fPM""}, {""day"": ""Wednesday"", ""hours"": ""12 to 10\u202fPM""}, {""day"": ""Thursday"", ""hours"": ""12 to 10\u202fPM""}, {""day"": ""Friday"", ""hours"": ""12 to 10\u202fPM""}, {""day"": ""Saturday"", ""hours"": ""12 to 10\u202fPM""}, {""day"": ""Sunday"", ""hours"": ""12 to 10\u202fPM""}]","[""https://lh3.googleusercontent.com/gps-cs-s/AHVAweqUPvFYP7OBeS58UQsnGCtdSuKw3cnwaDcsIrp9xnlybSgqEIC9JmaJDUtspkNOV-EPbkQEUYWNiQkMAED9uWgH5PsXiZtjFrL8W0w6neZDCghUmvMvjac-2WM7NyWAslogjTo8wpEt5If6=w1920-h1080-k-no""]","[{""text"": ""Not so good food. Bland biryani (actually shouldn't call it that) naan bread was good"", ""rating"": 2, ""author"": ""Murali Krishna Vattikuti"", ""published"": ""5 months ago""}, {""text"": ""Absolutely delicious. Get the chicken saagwala & garlic naan. Great atmosphere and waiters."", ""rating"": 5, ""author"": ""J Y"", ""published"": ""Edited 4 months ago""}, {""text"": ""Relaxed atmosphere and friendly service. Highly recommend the Swagat Chicken Curry and Garlic Naan."", ""rating"": 5, ""author"": ""Michele Chambers"", ""published"": ""4 months ago""}]",,"{""standout_dishes"": [""Garlic naan"", ""Chicken tikka masala"", ""Saag dishes (chicken saagwala, saag paneer)"", ""Mango lassi and fresh mango juice""], ""vibe_and_service"": [""Friendly, accommodating staff and a calm, cozy atmosphere"", ""Generous portions with a good-value lunch special"", ""Handles groups well, including a reservation for 8, and has gluten-free options""], ""wait_time_note"": null}"
r_8ec1d2,50.0,0.1780046942191062,0.0,0.96,4.60008011122935,4.599982651756302,0.0,4.60008011122935,Cafe Mogador,Williamsburg,Mediterranean,NYC,ChIJN5X_gWdZwokRck9rk2guJ1M,"133 Wythe Ave, Brooklyn, NY 11249",4.6,3329.0,https://komriwzkkknrsirifgqg.supabase.co/storage/v1/object/public/restaurant-photos/r_8ec1d2.jpg,https://www.google.com/maps/search/?api=1&query=Cafe%20Mogador&query_place_id=ChIJN5X_gWdZwokRck9rk2guJ1M,,40.7197416,-73.9599664,4.769,0.7747071192550316,10.0,0.0228296785821568,0.7518774406728748,3329.0,2706.0,1.0,2.0,11249.0,0.72,0.2777777777777778,0.0833333333333333,0.5555555555555556,0.0277777777777777,3.333333333333333,250.97222222222223,0.5494016803631667,(718) 486-9222,http://www.cafemogador.com/,"[{""day"": ""Monday"", ""hours"": ""10\u202fAM to 11\u202fPM""}, {""day"": ""Tuesday"", ""hours"": ""10\u202fAM to 11\u202fPM""}, {""day"": ""Wednesday"", ""hours"": ""10\u202fAM to 11\u202fPM""}, {""day"": ""Thursday"", ""hours"": ""10\u202fAM to 11\u202fPM""}, {""day"": ""Friday"", ""hours"": ""10\u202fAM to 12\u202fAM""}, {""day"": ""Saturday"", ""hours"": ""9:30\u202fAM to 12\u202fAM""}, {""day"": ""Sunday"", ""hours"": ""9:30\u202fAM to 11\u202fPM""}]","[""https://lh3.googleusercontent.com/gps-cs-s/AHVAwepzHcIFQkQYdyomo0lf7lx_EJz7SPKZXPmdZC0iva_q3StcMMS6857ZHT9ixMrMCHW04QaOlvLMaaxyhx6rwmnE-Y-oBSgL8FJRVC9787MFT9cwG4eexEBe4DL2BNuMDEg5nGY7kowopy-a=w1920-h1080-k-no""]","[{""text"": ""Delicious, love the atmosphere & service."", ""rating"": 5, ""author"": ""adam hagbi"", ""published"": ""a month ago""}, {""text"": ""this is not authentic moroccan food head to astoria instead"", ""rating"": 1, ""author"": ""Miriam"", ""published"": ""5 days ago""}, {""text"": ""First time at this place and totally loved every single dish and drink!!! Service was great too \ud83d\ude01"", ""rating"": 5, ""author"": ""Zhenya"", ""published"": ""a month ago""}]",Local Favorite,"{""standout_dishes"": [""Labneh with za'atar"", ""Hummus and flatbread""], ""vibe_and_service"": [""Charming, pretty interior, with a sunny covered outdoor space at the back"", ""Friendly, attentive service even when it's busy""], ""wait_time_note"": null}"
r_98f212,50.0,0.1959569476735651,0.0,0.92,4.598159057810877,4.6501972441593065,0.0520381863484296,4.572139964636662,konban NYC,Chelsea,Restaurant,NYC,ChIJvWTRis1ZwokRTT9Et9dTcLE,"311 W 17th St, New York, NY 10011",4.5,701.0,https://komriwzkkknrsirifgqg.supabase.co/storage/v1/object/public/restaurant-photos/r_98f212.jpg,https://www.google.com/maps/search/?api=1&query=konban%20NYC&query_place_id=ChIJvWTRis1ZwokRTT9Et9dTcLE,75.0,40.7420166,-74.0015683,2.239,0.7945791726105563,10.0,0.042796005706134,0.7517831669044223,701.0,2424.0,1.0,2.0,10011.0,0.7,0.2285714285714285,0.0571428571428571,0.6857142857142857,0.2,4.0,243.77142857142857,0.5493594828116337,(917) 675-6070,https://www.konbannyc.com/,"[{""day"": ""Monday"", ""hours"": ""5 to 10:30\u202fPM""}, {""day"": ""Tuesday"", ""hours"": ""5 to 10:30\u202fPM""}, {""day"": ""Wednesday"", ""hours"": ""5 to 10:30\u202fPM""}, {""day"": ""Thursday"", ""hours"": ""5 to 10:30\u202fPM""}, {""day"": ""Friday"", ""hours"": ""11:30\u202fAM to 11:30\u202fPM""}, {""day"": ""Saturday"", ""hours"": ""11:30\u202fAM to 11:30\u202fPM""}, {""day"": ""Sunday"", ""hours"": ""11:30\u202fAM to 10:30\u202fPM""}]","[""https://lh3.googleusercontent.com/gps-cs-s/AHVAweppv6rXpVjEKr-Ax-pKLyk41L4mQz5qU3trdm6_OctBpG8QBK8u0ScpC0R9O83zE8UvQrazuTmLUVqM_8XdqnMqBcTYZfF3psAiqtDKsYZXA9IWRBoy0oydpcvsptvR5YlkhShK6IB722Pp=w1920-h1080-k-no""]","[{""text"": ""Nothing really stood out flavor wise. It\u2019s fine for a quick meal, just not very memorable."", ""rating"": 4, ""author"": ""Jennie Nguyen"", ""published"": ""2 months ago""}, {""text"": ""Great spot for a date. Make a reservation otherwise you will have to wait. Their katsu is SO good."", ""rating"": 5, ""author"": ""HeeJae An"", ""published"": ""a day ago""}, {""text"": ""Amazing dining experience, from the stellar service to the ambience, and above all, THE FOOD! Just perfect in all ways!"", ""rating"": 5, ""author"": ""David Auxier-Loyola"", ""published"": ""2 months ago""}]",,"{""standout_dishes"": [""Pork loin katsu"", ""Mazemen noodles"", ""Corn ice cream"", ""Sabazushi (mackerel sushi)""], ""vibe_and_service"": [""Cozy, airy, art-directed space with a Japanese courtyard garden that brings in natural light"", ""Friendly, standout service and a young, energetic Chelsea feel"", ""Great for a date, with a cozy and romantic atmosphere""], ""wait_time_note"": null}"
r_5e8427,50.0,0.2186073942774872,0.0,0.86,4.427097530221455,4.494800333384826,0.067702803163371,4.3932461286397695,Martha's Country Bakery,Forest Hills,Bakery,NYC,ChIJr3n5MyFewokRT9dhgQhY86c,"70-28 Austin St, Forest Hills, NY 11375",4.4,5792.0,https://komriwzkkknrsirifgqg.supabase.co/storage/v1/object/public/restaurant-photos/r_5e8427.jpg,https://www.google.com/maps/search/?api=1&query=Martha's%20Country%20Bakery&query_place_id=ChIJr3n5MyFewokRT9dhgQhY86c,15.0,40.7203863,-73.8460099,12.57,0.7638121546961326,10.0,0.0585290055248618,0.7052831491712708,5792.0,4370.0,1.0,1.0,11375.0,0.5,0.08,0.12,0.24,0.04,0.6666666666666666,161.04,0.5493557951686615,(718) 544-0088,http://www.marthascountrybakery.com/,"[{""day"": ""Monday"", ""hours"": ""6\u202fAM to 12\u202fAM""}, {""day"": ""Tuesday"", ""hours"": ""6\u202fAM to 12\u202fAM""}, {""day"": ""Wednesday"", ""hours"": ""6\u202fAM to 12\u202fAM""}, {""day"": ""Thursday"", ""hours"": ""6\u202fAM to 12\u202fAM""}, {""day"": ""Friday"", ""hours"": ""6\u202fAM to 1\u202fAM""}, {""day"": ""Saturday"", ""hours"": ""6\u202fAM to 1\u202fAM""}, {""day"": ""Sunday"", ""hours"": ""6\u202fAM to 12\u202fAM""}]","[""https://lh3.googleusercontent.com/gps-cs-s/AHVAwerBwOf-v6dvxTWCNE842TjPTwWfOV66jzOXJ5EeAuqR1Eqm-fug-Duf6I7ze3Pockp48gKYcwlWeiicOJRuCFj_378vmfRXDTSBqEl7jSPsuokHJqHMjNhxJfP9lsILZ1SKB9dgVQ=w1920-h1080-k-no""]","[{""text"": ""Selections are all good but just too crowded."", ""rating"": 4, ""author"": ""Ann Roselle Lam"", ""published"": ""a week ago""}, {""text"": ""I love the cake \ud83c\udf82 \ud83e\udd6e in this places. Tasty amazing"", ""rating"": 5, ""author"": ""Isabel Rojas"", ""published"": ""a month ago""}, {""text"": ""nice vibe polite staff and best bakery in this area"", ""rating"": 5, ""author"": ""masoud es"", ""published"": ""a month ago""}]",,"{""standout_dishes"": [""Berry Napoleon"", ""Cheesecake (red velvet, Black Forest)"", ""Key Lime Pie"", ""Black Forest cake""], ""vibe_and_service"": [""Cozy, clean interior that's good for a quick catch-up with a friend"", ""Friendly, courteous staff and quick service""], ""wait_time_note"": ""It can get really busy, so expect to wait in line (one reviewer waited about 30 minutes), though another said service was quick even on a busy evening.""}"
r_251ff4,50.0,0.2752787107672166,0.0,0.78,4.865285927921702,4.913185820741254,0.0478998928195517,4.841335981511927,Blindenpete,Crown Heights,Caribbean,NYC,ChIJYwaligBdwokR02NJJE-xGfs,"1422 Park Pl, Crown Heights, NY 11213",4.9,64.0,https://komriwzkkknrsirifgqg.supabase.co/storage/v1/object/public/restaurant-photos/r_251ff4.jpg,https://www.google.com/maps/search/?api=1&query=Blindenpete&query_place_id=ChIJYwaligBdwokR02NJJE-xGfs,25.0,40.6721322,-73.9302792,10.624,0.921875,10.0,0.0,0.921875,64.0,202.0,0.0,3.0,11213.0,0.9,0.2222222222222222,0.0222222222222222,0.4222222222222222,0.0222222222222222,10.0,188.37777777777777,0.5491452172761494,(917) 601-4877,https://blindenpete.com/,"[{""day"": ""Monday"", ""hours"": ""Closed""}, {""day"": ""Tuesday"", ""hours"": ""9\u202fAM to 11\u202fPM""}, {""day"": ""Wednesday"", ""hours"": ""9\u202fAM to 11:30\u202fPM""}, {""day"": ""Thursday"", ""hours"": ""9\u202fAM to 11:30\u202fPM""}, {""day"": ""Friday"", ""hours"": ""9\u202fAM to 11:30\u202fPM""}, {""day"": ""Saturday"", ""hours"": ""9\u202fAM to 11:30\u202fPM""}, {""day"": ""Sunday"", ""hours"": ""Closed""}]","[""https://lh3.googleusercontent.com/gps-cs-s/AHVAweopqlCv3rzjjtLwHcGuv4M-zjy6VTH4R91ZCavGwCvD0ICZCbWaLrlpa2YD7FgjBc9sepHPPLu5pbMi2H0cY9xy3mw2BypYe02V7aJqaCsgVyHL775Le0uVdGkL9LyUSuopGcOV=w1920-h1080-k-no""]","[{""text"": ""Great food, hospitality, and cozy ambience!"", ""rating"": 5, ""author"": ""Yulkendy Valdez"", ""published"": ""a week ago""}, {""text"": ""Very special place, great too good to go deal, high quality fresh taco!"", ""rating"": 5, ""author"": ""Gary Liang"", ""published"": ""6 months ago""}, {""text"": ""Great staff, GREAT food, but kind of a crappy venue. Still I like it a lot"", ""rating"": 5, ""author"": ""Marian Jones"", ""published"": ""4 months ago""}]",Hidden Gem,"{""standout_dishes"": [], ""vibe_and_service"": [""Warm, family-run feel with friendly owner Denise and her daughter, described as feeling like \""back home\"""", ""Cozy, welcoming atmosphere and decor that works for celebrations, live music nights, and events"", ""Great hospitality and exceptional customer service, with generous, flavorful portions""], ""wait_time_note"": null}"
r_d39a1b,50.0,0.2195400230954187,0.0,0.9,4.611676746808112,4.724844949926215,0.1131682031181027,4.555092645249061,Taqueria Ramirez,Greenpoint,Mexican,NYC,ChIJDw8CYIpZwokRm_KQDaRtTK0,"94 Franklin St, Brooklyn, NY 11222",4.7,1856.0,https://komriwzkkknrsirifgqg.supabase.co/storage/v1/object/public/restaurant-photos/r_d39a1b.jpg,https://www.google.com/maps/search/?api=1&query=Taqueria%20Ramirez&query_place_id=ChIJDw8CYIpZwokRm_KQDaRtTK0,15.0,40.7278729,-73.9569589,4.131,0.8539870689655172,10.0,0.0161637931034482,0.837823275862069,1856.0,1861.0,1.0,2.0,11222.0,0.48,0.4166666666666667,0.0416666666666666,0.4583333333333333,0.0416666666666666,10.0,256.3333333333333,0.5490827970205591,,https://taqueriaramirezbk.com/,"[{""day"": ""Monday"", ""hours"": ""Closed""}, {""day"": ""Tuesday"", ""hours"": ""12 to 10\u202fPM""}, {""day"": ""Wednesday"", ""hours"": ""12 to 10\u202fPM""}, {""day"": ""Thursday"", ""hours"": ""12 to 10\u202fPM""}, {""day"": ""Friday"", ""hours"": ""12 to 10\u202fPM""}, {""day"": ""Saturday"", ""hours"": ""12 to 10\u202fPM""}, {""day"": ""Sunday"", ""hours"": ""12 to 10\u202fPM""}]","[""https://lh3.googleusercontent.com/gps-cs-s/AHVAweoQTVC0mw3f2dCy7Ee2nymxW4aA0eD1bFxHIlV16JOwc8VwrXGS3eqWv-kn22cKtCcBjO2v13qN1yIQs-PI3UZPdzoRBOb0aB15uhBq_74DkFGnbTQ6trvdwAmmHR4ssJv6is2k=w1920-h1080-k-no""]","[{""text"": ""Authentic mexican taqueria. Best tacos I ever had in NY"", ""rating"": 5, ""author"": ""josh parra"", ""published"": ""a month ago""}, {""text"": ""Tacos Suadero and Pastor, star of the Show. Must try in Greenpoint"", ""rating"": 5, ""author"": ""Daniel Flinspach"", ""published"": ""a month ago""}, {""text"": ""BEST tacos ever. Such a great addition to the neighborhood. The staff is really great also."", ""rating"": 5, ""author"": ""Lauryn Kent"", ""published"": ""a day ago""}]",Local Favorite,"{""standout_dishes"": [""Al pastor tacos with pineapple"", ""Suadero tacos""], ""vibe_and_service"": [""Fast service, tacos come out in a couple of minutes"", ""Cheap, generous portions for the price"", ""Welcoming music and friendly, helpful staff""], ""wait_time_note"": ""Expect a line on weekends (one reviewer waited 45 minutes), while weekday evenings and mid-afternoon around 3pm tend to have little to no line.""}"
r_69ab50,50.0,0.1903060846057863,0.0,0.92,4.629708404703619,4.543616113063166,0.0,4.629708404703619,Shipwreck Seafood Boutique,Bedford-Stuyvesant,Seafood,NYC,ChIJ7z77bJRbwokRmONTGipUwnY,"348 Nostrand Ave, Brooklyn, NY 11216",4.8,486.0,https://komriwzkkknrsirifgqg.supabase.co/storage/v1/object/public/restaurant-photos/r_69ab50.jpg,https://www.google.com/maps/search/?api=1&query=Shipwreck%20Seafood%20Boutique&query_place_id=ChIJ7z77bJRbwokRmONTGipUwnY,,40.6878921,-73.95122,8.31,0.9238683127572016,10.0,0.0246913580246913,0.8991769547325102,486.0,174.0,1.0,1.0,11216.0,0.76,0.6842105263157895,0.131578947368421,0.4736842105263157,0.0789473684210526,5.2,219.92105263157896,0.5490080877279376,(718) 484-7611,,"[{""day"": ""Monday"", ""hours"": ""11\u202fAM to 7\u202fPM""}, {""day"": ""Tuesday"", ""hours"": ""11\u202fAM to 7\u202fPM""}, {""day"": ""Wednesday"", ""hours"": ""11\u202fAM to 7\u202fPM""}, {""day"": ""Thursday"", ""hours"": ""11\u202fAM to 7\u202fPM""}, {""day"": ""Friday"", ""hours"": ""11\u202fAM to 7\u202fPM""}, {""day"": ""Saturday"", ""hours"": ""11\u202fAM to 6\u202fPM""}, {""day"": ""Sunday"", ""hours"": ""11\u202fAM to 4\u202fPM""}]","[""https://lh3.googleusercontent.com/gps-cs-s/AHVAweoyA1WqbKm9QLGUAthg53FJJmbfE9DDF5cpAR10x8q3tghzDP6pGKcYrZLNG01hZS6sSI-J38u2FSx_K9cOxbw0IpV41KIhPG8n9m0a37rouJ8EzEJ_IZYNfRc_w0TLGIK0AAsjMg=w1920-h1080-k-no""]","[{""text"": ""Way overpriced oysters, no constant caliber, and one was broken open."", ""rating"": 1, ""author"": ""Lucas Berthou"", ""published"": ""2 months ago""}, {""text"": ""Love love love this place \u2764\ufe0f best seafood spot in town and soups are amazing"", ""rating"": 5, ""author"": ""Jess"", ""published"": ""a month ago""}, {""text"": ""Best seafood platters. You can buy uncooked seafood also. Everything is fresh"", ""rating"": 5, ""author"": ""nydia espinal"", ""published"": ""10 months ago""}]",Local Favorite,"{""standout_dishes"": [""Fried fish sandwiches (whiting, catfish, red snapper, grouper)"", ""Fries with shrimp or fried fish"", ""Fresh raw fish and sashimi""], ""vibe_and_service"": [""Owner Joey and his staff are warm, generous, and easy to talk to"", ""Fresh fish with no fishy smell and a clean shop"", ""Good music and a friendly, neighborhood feel""], ""wait_time_note"": null}"
r_780246,50.0,0.1976938545545118,0.0,0.92,4.650653255351865,4.712159383565223,0.0615061282133577,4.619900191245186,Kame,Chelsea,Japanese,NYC,ChIJI1KV9adZwokRfH-PbjxTx40,"330 8th Ave, New York, NY 10001",4.7,1923.0,https://komriwzkkknrsirifgqg.supabase.co/storage/v1/object/public/restaurant-photos/r_780246.jpg,https://www.google.com/maps/search/?api=1&query=Kame&query_place_id=ChIJI1KV9adZwokRfH-PbjxTx40,25.0,40.7474878,-73.996649,1.503,0.8112324492979719,10.0,0.0208008320332813,0.7904316172646906,1923.0,2887.0,1.0,2.0,10001.0,0.68,0.1176470588235294,0.0,0.4117647058823529,0.0588235294117647,4.0,164.08823529411765,0.5489920077980278,(917) 391-8587,http://www.kamenyc.com/,"[{""day"": ""Monday"", ""hours"": ""11:30\u202fAM to 3:30\u202fPM, 5 to 10\u202fPM""}, {""day"": ""Tuesday"", ""hours"": ""11:30\u202fAM to 3:30\u202fPM, 5 to 10\u202fPM""}, {""day"": ""Wednesday"", ""hours"": ""11:30\u202fAM to 3:30\u202fPM, 5 to 10\u202fPM""}, {""day"": ""Thursday"", ""hours"": ""11:30\u202fAM to 3:30\u202fPM, 5 to 10\u202fPM""}, {""day"": ""Friday"", ""hours"": ""11:30\u202fAM to 3:30\u202fPM, 5 to 10\u202fPM""}, {""day"": ""Saturday"", ""hours"": ""12 to 4\u202fPM, 5 to 10\u202fPM""}, {""day"": ""Sunday"", ""hours"": ""12 to 4\u202fPM, 5 to 10\u202fPM""}]","[""https://lh3.googleusercontent.com/gps-cs-s/AHVAwepN3FLyh3KYcPK7qBYHyMwc9tDmxqAqRy8mcwE_8T7C_B-0YeHdbUI1DCEJXuwOSOob-Z4XYHzVyqHWuAsW2kFtnPu_z26PNTzv_BJQQ_pZLeBwhiHQ9Kz5lkydg1vlAl-ZeKtmkIfZRovh=w1920-h1080-k-no""]","[{""text"": ""10/10 best ramen I\u2019ve had!! Tonkotsu spicy pork!"", ""rating"": 5, ""author"": ""Ashlee Marie"", ""published"": ""2 months ago""}, {""text"": ""Delicious ramen and gyosas. Great service as well."", ""rating"": 5, ""author"": ""Carlos Gurrola"", ""published"": ""2 months ago""}, {""text"": ""Not the biggest fan of their ramen. It\u2019s a bit too salty for me."", ""rating"": 3, ""author"": ""Aliya Tang"", ""published"": ""3 days ago""}]",Local Favorite,"{""standout_dishes"": [""Spicy Tonkotsu Ramen"", ""Gyoza"", ""Salmon don and salmon ramen""], ""vibe_and_service"": [""Friendly, welcoming staff and quick service"", ""Quiet, calm atmosphere that's good for a relaxed meal"", ""Dedicated vegan menu with plenty of options""], ""wait_time_note"": ""Walk-in tables seem easy to get, and reviewers mention finding a seat without a reservation even when it was fairly full, though the space is small and not great for large parties.""}"
r_2c7bc1,50.0,0.2156746740443756,0.0,0.86,4.851399637996576,4.78586606883132,0.0,4.851399637996576,Cafe Luce – Italian Restaurant & Wine Bar,Midtown East,Italian,NYC,ChIJhS3JxrpZwokRJxep_goyABg,"235 E 53rd St, Manhattan, NY 10022",4.7,1355.0,https://komriwzkkknrsirifgqg.supabase.co/storage/v1/object/public/restaurant-photos/r_2c7bc1.jpg,https://www.google.com/maps/search/?api=1&query=Cafe%20Luce%20%E2%80%93%20Italian%20Restaurant%20%26%20Wine%20Bar&query_place_id=ChIJhS3JxrpZwokRJxep_goyABg,40.0,40.7573049,-73.9679238,1.496,0.9003690036900369,10.0,0.0265682656826568,0.8738007380073801,1355.0,882.0,1.0,10.0,10022.0,0.78,0.282051282051282,0.0512820512820512,0.5384615384615384,0.0512820512820512,5.5,130.3846153846154,0.5489007232527068,(646) 590-2777,https://www.cafelucenyc.com/,"[{""day"": ""Monday"", ""hours"": ""11\u202fAM to 10:30\u202fPM""}, {""day"": ""Tuesday"", ""hours"": ""11\u202fAM to 10:30\u202fPM""}, {""day"": ""Wednesday"", ""hours"": ""11\u202fAM to 10:30\u202fPM""}, {""day"": ""Thursday"", ""hours"": ""11\u202fAM to 10:30\u202fPM""}, {""day"": ""Friday"", ""hours"": ""11\u202fAM to 10:30\u202fPM""}, {""day"": ""Saturday"", ""hours"": ""11\u202fAM to 10:30\u202fPM""}, {""day"": ""Sunday"", ""hours"": ""11\u202fAM to 10:30\u202fPM""}]","[""https://lh3.googleusercontent.com/gps-cs-s/AHVAwep1zfSq2XAf-t5FAf81gV8uQ0miPg7TCI6QDljAyaL0qJN9cm6A9b9llp1UOXt2miM_p2DfaFr2DP32Pwy20dFu94HnSP-jwCfFPJQCf73msudxLHWhtSlbYAvm3C6nkDW1DLXb=w1920-h1080-k-no""]","[{""text"": ""Nice, family and neighborhood restaurant.\nFun and good food."", ""rating"": 4, ""author"": ""John Dolias"", ""published"": ""3 weeks ago""}, {""text"": ""Cafe Luce is a cozy place with great food and an awesome staff."", ""rating"": 5, ""author"": ""George"", ""published"": ""2 months ago""}, {""text"": ""Bruna was amazing in every way.  Excellent.  Food was fantastic.   Thank you \ud83d\ude42"", ""rating"": 5, ""author"": ""RUBEN TORRES"", ""published"": ""2 weeks ago""}]",Universally Loved,"{""standout_dishes"": [], ""vibe_and_service"": [""Cozy, homey atmosphere that several reviews compare to eating at home"", ""Warm, attentive staff who go the extra mile, including recommendations and allergy accommodations"", ""Fresh, house-made food in big portions""], ""wait_time_note"": null}"
r_9981a1,50.0,0.1839710394365237,0.0,0.96,4.662524606990911,4.830993374219664,0.1684687672287523,4.578290223376535,Darjeeling Kitchen & Café,Long Island City,Cafe,NYC,ChIJL4GurRxfwokRC38BavlKTW8,"31-12 36th Ave, Long Island City, NY 11106",4.8,361.0,https://komriwzkkknrsirifgqg.supabase.co/storage/v1/object/public/restaurant-photos/r_9981a1.jpg,https://www.google.com/maps/search/?api=1&query=Darjeeling%20Kitchen%20%26%20Caf%C3%A9&query_place_id=ChIJL4GurRxfwokRC38BavlKTW8,25.0,40.7562028,-73.9293804,4.774,0.925207756232687,10.0,0.0221606648199446,0.9030470914127424,361.0,347.0,1.0,4.0,11106.0,0.84,0.3571428571428571,0.0238095238095238,0.6666666666666666,0.1428571428571428,15.0,253.5952380952381,0.5483882028481092,(718) 304-5050,https://www.instagram.com/darjeelingnyc/,"[{""day"": ""Monday"", ""hours"": ""12 to 9\u202fPM""}, {""day"": ""Tuesday"", ""hours"": ""12 to 9\u202fPM""}, {""day"": ""Wednesday"", ""hours"": ""12 to 9\u202fPM""}, {""day"": ""Thursday"", ""hours"": ""12 to 9\u202fPM""}, {""day"": ""Friday"", ""hours"": ""12 to 10\u202fPM""}, {""day"": ""Saturday"", ""hours"": ""11\u202fAM to 10\u202fPM""}, {""day"": ""Sunday"", ""hours"": ""11\u202fAM to 9\u202fPM""}]","[""https://lh3.googleusercontent.com/gps-cs-s/AHVAwerWuxajtJX4mtY8HxIqMlxMNVZUrpQhTicR-hLEHZ5_52bsKaC3qU8nVzX_6MI021juTwG4_MlPPR5e5La8zybmQz1OQjQ71ycHtGUGmOg6RptjgTmR8krBKzS4DnmLotpnREB-HcfVq-cs=w1920-h1080-k-no""]","[{""text"": ""Such a lovely local gem! Fantastic food, great service, for a great price."", ""rating"": 5, ""author"": ""Sabina Carli"", ""published"": ""3 weeks ago""}, {""text"": ""Phenomenal food, service, and atmosphere - especially the music, great vibe"", ""rating"": 5, ""author"": ""Ellie Kennedy"", ""published"": ""2 months ago""}, {""text"": ""The food here is incredible. The staff is very nice.  Looking forward to coming back!"", ""rating"": 5, ""author"": ""Stephen Howell"", ""published"": ""2 months ago""}]",,"{""standout_dishes"": [""Jhol momos (beef, chicken, veg)"", ""Pan-fried and steamed momos"", ""Beef kothey momo""], ""vibe_and_service"": [""Cozy, homey atmosphere that feels like a family kitchen"", ""Warm, attentive staff who keep checking in even on busy nights"", ""Relaxed pace where they don't rush you, and everything is halal""], ""wait_time_note"": null}"
r_68b9e8,50.0,0.2235026177647691,0.0,0.9,4.719945518571608,4.591232246823153,0.0,4.719945518571608,Fyahbun Creative,Murray Hill,Restaurant,NYC,ChIJib3-DrVZwokRpQqAy8Xs34g,"325 E 48th St, New York, NY 10017",4.8,133.0,https://komriwzkkknrsirifgqg.supabase.co/storage/v1/object/public/restaurant-photos/r_68b9e8.jpg,https://www.google.com/maps/search/?api=1&query=Fyahbun%20Creative&query_place_id=ChIJib3-DrVZwokRpQqAy8Xs34g,15.0,40.753299,-73.968068,1.571,0.9022556390977444,10.0,0.0225563909774436,0.8796992481203008,133.0,117.0,0.0,1.0,10017.0,0.88,0.5681818181818182,0.0227272727272727,0.6590909090909091,0.1818181818181818,25.0,310.90909090909093,0.5476529324973961,(347) 816-4946,http://fyahbuncreativeny.com/,"[{""day"": ""Monday"", ""hours"": ""Closed""}, {""day"": ""Tuesday"", ""hours"": ""11:30\u202fAM to 4\u202fPM""}, {""day"": ""Wednesday"", ""hours"": ""11:30\u202fAM to 4\u202fPM""}, {""day"": ""Thursday"", ""hours"": ""11:30\u202fAM to 4\u202fPM""}, {""day"": ""Friday"", ""hours"": ""Closed""}, {""day"": ""Saturday"", ""hours"": ""Closed""}, {""day"": ""Sunday"", ""hours"": ""Closed""}]","[""https://lh3.googleusercontent.com/gps-cs-s/AHVAwepyCgTLawivO3F993nWen9sZ-DjXmOoCSyV937IvWH6Hp5G-2LiF-FFlg3IrMkhE6XzwWpURXgVkQbl9e63K6-c63v9HR7lDYLIWtxTdS8BSlB9wlZFco3UaXhm0eHbEIhOl4Ky=w1920-h1080-k-no""]","[{""text"": ""The only place in Manhattan with the real taste of Jamaica"", ""rating"": 5, ""author"": ""Janvier Rugira"", ""published"": ""7 months ago""}, {""text"": ""Had the beef patty of my dreams and found just really kind and good vibes in here. Can\u2019t wait to come back."", ""rating"": 5, ""author"": ""Ra Chel"", ""published"": ""9 months ago""}, {""text"": ""Fyahbun serves up big portions of fresh, authentic Jamaican food for great prices. I still have dreams about their special curried goat!"", ""rating"": 5, ""author"": ""Bobby Rhino"", ""published"": ""3 weeks ago""}]",Local Favorite,"{""standout_dishes"": [""Homemade Jamaican beef patties"", ""Jerk chicken"", ""Curried goat"", ""Jamaican hot chocolate""], ""vibe_and_service"": [""Warm, welcoming staff and an owner people call a gem"", ""Rustic backyard-style back dining area with lively Jamaican decor"", ""Big portions of authentic food at fair prices""], ""wait_time_note"": null}"
r_75ac75,50.0,0.1721104869532585,0.0,0.96,5.0,5.0,0.0,5.0,A Slice of Brooklyn Bus Tours,Mapleton,Restaurant,NYC,ChIJD5M42JhZwokRf5vgAVU0sbg,"2036 61st St, Brooklyn, NY 11204",4.9,343.0,https://komriwzkkknrsirifgqg.supabase.co/storage/v1/object/public/restaurant-photos/r_75ac75.jpg,https://www.google.com/maps/search/?api=1&query=A%20Slice%20of%20Brooklyn%20Bus%20Tours&query_place_id=ChIJD5M42JhZwokRf5vgAVU0sbg,,40.6181,-73.982705,15.531,0.9708454810495628,10.0,0.0174927113702623,0.9533527696793004,343.0,942.0,0.0,2.0,11204.0,1.0,0.14,0.08,0.5,0.0,1.75,339.18,0.5474323998599341,(917) 515-5409,https://www.asliceofbrooklyn.com/,"[{""day"": ""Monday"", ""hours"": ""9\u202fAM to 5\u202fPM""}, {""day"": ""Tuesday"", ""hours"": ""9\u202fAM to 5\u202fPM""}, {""day"": ""Wednesday"", ""hours"": ""9\u202fAM to 5\u202fPM""}, {""day"": ""Thursday"", ""hours"": ""9\u202fAM to 5\u202fPM""}, {""day"": ""Friday"", ""hours"": ""9\u202fAM to 5\u202fPM""}, {""day"": ""Saturday"", ""hours"": ""9\u202fAM to 5\u202fPM""}, {""day"": ""Sunday"", ""hours"": ""9\u202fAM to 5\u202fPM""}]","[""https://lh3.googleusercontent.com/gps-cs-s/AHVAwer5Et46VMyjPRQAsoHZPI3mU7ATfNe5cxTPp3NzwhAv3ixYTlns_KGR0cXa1FJrowoLJTauKSss2ceohmPXTz0admgcazDno_5FnsO3Sb8XTy8f6DcElvlTCAs4wSI0U0wX3xc3=w1920-h1080-k-no""]","[{""text"": ""So much fun! Bruce went above and beyond to make the experience magical"", ""rating"": 5, ""author"": ""Misty Hupp"", ""published"": ""3 months ago""}, {""text"": ""We had a great time on our tour of Brooklyn.  Tony was a wonderful tour guide."", ""rating"": 5, ""author"": ""Debbie Kachinko"", ""published"": ""a year ago""}, {""text"": ""Brilliant bus tour to Dyker Heights Christmas lights.  Knowledgeable, friendly and extremely funny host."", ""rating"": 5, ""author"": ""Sandi Keeble"", ""published"": ""2 years ago""}]",Hidden Gem,"{""standout_dishes"": [], ""vibe_and_service"": [""Knowledgeable, funny guides (Tony, Rusty, Camber, Bruce, Angela) who mix Brooklyn history with great stories"", ""Comfortable, clean bus with a bathroom and skilled drivers who handle crowded streets and snow"", ""Well-organized and professional, covering a lot of ground without feeling rushed, and good for groups and families""], ""wait_time_note"": null}"
r_87557d,50.0,0.2803531515737069,0.0,0.78,4.975098747639332,4.9263265648442776,0.0,4.975098747639332,RUA Thai - Thai Restaurant Brooklyn,Cobble Hill,Thai,NYC,ChIJWQ-ytU1bwokRM10czlaEt_U,"204 Smith St, Brooklyn, NY 11201",4.8,1182.0,https://komriwzkkknrsirifgqg.supabase.co/storage/v1/object/public/restaurant-photos/r_87557d.jpg,https://www.google.com/maps/search/?api=1&query=RUA%20Thai%20-%20Thai%20Restaurant%20Brooklyn&query_place_id=ChIJWQ-ytU1bwokRM10czlaEt_U,25.0,40.6847296,-73.9920122,8.152,0.9272419627749576,10.0,0.015228426395939,0.9120135363790186,1182.0,1512.0,1.0,1.0,11201.0,0.74,0.2162162162162162,0.027027027027027,0.5135135135135135,0.1891891891891892,8.0,154.78378378378378,0.5469591738219503,(718) 797-5121,http://ruathai.com/,"[{""day"": ""Monday"", ""hours"": ""11:30\u202fAM to 10:30\u202fPM""}, {""day"": ""Tuesday"", ""hours"": ""11:30\u202fAM to 10:30\u202fPM""}, {""day"": ""Wednesday"", ""hours"": ""11:30\u202fAM to 10:30\u202fPM""}, {""day"": ""Thursday"", ""hours"": ""11:30\u202fAM to 10:30\u202fPM""}, {""day"": ""Friday"", ""hours"": ""11:30\u202fAM to 10:30\u202fPM""}, {""day"": ""Saturday"", ""hours"": ""11:30\u202fAM to 10:30\u202fPM""}, {""day"": ""Sunday"", ""hours"": ""11:30\u202fAM to 10:30\u202fPM""}]","[""https://lh3.googleusercontent.com/gps-cs-s/AHVAweq3MAXjlshh4bcmW8GzrrRAUCQqhxHs_WOVptX2dxclOeO22kz10FfdeQZ4OHqiF-ilC4TVxS6SFOVZEhG35ByVHyuKE-vMmyPAyg2lhxVeykRcbj6O8peYRMJ0w-TfPvfRnr0=w1920-h1080-k-no""]","[{""text"": ""Best Thai place in the city. Their creative meals set them apart"", ""rating"": 5, ""author"": ""chester altiery"", ""published"": ""a week ago""}, {""text"": ""The Shrimp Drunken Noodle was perfection, great service, great atmosphere. I'll be back asap!"", ""rating"": 5, ""author"": ""Alexander George"", ""published"": ""a week ago""}, {""text"": ""The food is amazing, the sticky rice mango is absolutely out this planet, the staff is nice and friendly"", ""rating"": 5, ""author"": ""Alejandra Olvera"", ""published"": ""17 hours ago""}]",Universally Loved,"{""standout_dishes"": [""Green curry, thick and tasty"", ""Shrimp drunken noodles"", ""Spring rolls"", ""Mango sticky rice""], ""vibe_and_service"": [""Cute, unique decor and a comfortable, inviting atmosphere that works well for date night"", ""Friendly, attentive staff and quick service"", ""Reasonable prices with generous portions""], ""wait_time_note"": null}"
r_55e5c8,26.0,0.2592336261147513,0.0,0.8076923076923077,4.760811325778324,4.616413340525365,0.0,4.760811325778324,Caribbean America Cuisine,St. Albans,Restaurant,NYC,ChIJb2q3NVxhwokRyEa3XszzbUw,"199-17 Murdock Ave, St. Albans, NY 11412",4.7,26.0,https://komriwzkkknrsirifgqg.supabase.co/storage/v1/object/public/restaurant-photos/r_55e5c8.jpg,https://www.google.com/maps/search/?api=1&query=Caribbean%20America%20Cuisine&query_place_id=ChIJb2q3NVxhwokRyEa3XszzbUw,15.0,40.7000542,-73.7550037,20.621,0.9615384615384616,10.0,0.0769230769230769,0.8846153846153846,26.0,49.0,0.0,1.0,11412.0,0.7307692307692307,0.3157894736842105,0.0526315789473684,0.4736842105263157,0.2631578947368421,6.0,238.52631578947367,0.5469176433835661,,,,"[""https://lh3.googleusercontent.com/gps-cs-s/AHVAwepq-JQITadoOdZZ794Cl0wBVW56AVstBVB1EYxQ-vYqh2d3QWpq7goH0jgYm0DyOtAk7vvYpWpcKIjAZoehsxnaNqzFpDMtcKovnDAPUV7I1add4GZ3ia3m0SZpQr1LrMJZJPse7YDfjSw2=w1920-h1080-k-no""]","[{""text"": ""generous portions, good food, and extremely kind staff"", ""rating"": 5, ""author"": ""Fahim Faisal"", ""published"": ""7 months ago""}, {""text"": ""Food was okay service was great. Not the greatest atmosphere."", ""rating"": 4, ""author"": ""Darril B"", ""published"": ""9 months ago""}, {""text"": ""The food is really good it has that home cooked meal feel \ud83d\ude0b \ud83d\udc4c\ud83c\udffc"", ""rating"": 5, ""author"": ""John Colon"", ""published"": ""2 months ago""}]",Local Favorite,"{""standout_dishes"": [""Stew chicken, tender and well seasoned"", ""Oxtail, including oxtail mac and cheese"", ""Curry chicken with potatoes and gravy"", ""Rice and peas""], ""vibe_and_service"": [""Owner, daughter, and staff are warm and kind, which reviewers say is rare for a Caribbean spot"", ""Huge portions at fair prices, with home-cooked feel and Too Good To Go deals as a steal""], ""wait_time_note"": null}"
r_2d6016,50.0,0.2044365822511825,0.02,0.9,4.500094295421402,4.374278687025739,0.0,4.500094295421402,Saraghina Pizzeria,Bedford-Stuyvesant,Pizza,NYC,ChIJN6a8BXZcwokRTpACTb3PxvQ,"350 Lewis Ave, Brooklyn, NY 11233",4.5,2291.0,https://komriwzkkknrsirifgqg.supabase.co/storage/v1/object/public/restaurant-photos/r_2d6016.jpg,https://www.google.com/maps/search/?api=1&query=Saraghina%20Pizzeria&query_place_id=ChIJN6a8BXZcwokRTpACTb3PxvQ,,40.6837311,-73.9353875,9.279,0.7354866870362288,10.0,0.0309908336970755,0.7044958533391532,2291.0,1082.0,1.0,2.0,11233.0,0.68,0.3529411764705882,0.088235294117647,0.4117647058823529,0.1470588235294117,4.0,232.14705882352945,0.5465209602547682,(718) 574-0010,http://www.saraghina.com/,"[{""day"": ""Monday"", ""hours"": ""5 to 10\u202fPM""}, {""day"": ""Tuesday"", ""hours"": ""5 to 10\u202fPM""}, {""day"": ""Wednesday"", ""hours"": ""5 to 10\u202fPM""}, {""day"": ""Thursday"", ""hours"": ""5 to 10\u202fPM""}, {""day"": ""Friday"", ""hours"": ""5 to 10\u202fPM""}, {""day"": ""Saturday"", ""hours"": ""10\u202fAM to 10\u202fPM""}, {""day"": ""Sunday"", ""hours"": ""10\u202fAM to 10\u202fPM""}]","[""https://lh3.googleusercontent.com/gps-cs-s/AHVAweruHJakHbR-sEol3R8oqe4npCVves_NFSkzXSfYVvzAeWW9Uem5tJ71JJT4iunRy14aQkzRUcKNuBZXC161L8RV8UxXm2I07nj6FDnN3fdFJH2vPjSNZ14laU4dnhntLFcGecrmajVCPR96=w1920-h1080-k-no""]","[{""text"": ""Such a friendly crowd with truly amazing service."", ""rating"": 5, ""author"": ""Martin Kaye"", ""published"": ""a day ago""}, {""text"": ""Finally got to stop in! Great pizza, friendly staff, solid wine"", ""rating"": 5, ""author"": ""Cam Moore"", ""published"": ""4 months ago""}, {""text"": ""I loved it here and will be back. My pasta dish was very good but a little dry."", ""rating"": 5, ""author"": ""Eugene Lynch"", ""published"": ""5 months ago""}]",,"{""standout_dishes"": [""Margherita pizza"", ""Pizza with mozzarella di Agerola""], ""vibe_and_service"": [""Cozy, romantic atmosphere that feels especially nice in the winter and holiday season"", ""Friendly, welcoming staff and owners with generally great service"", ""A long-running neighborhood favorite people keep coming back to""], ""wait_time_note"": null}"
r_237ac2,50.0,0.2197670245890228,0.0,0.88,4.7060047745339295,4.544508428564242,0.0,4.7060047745339295,MáLà Project,East Village,Chinese,NYC,ChIJM2NCGJ1ZwokRA2nCkZcz08g,"122 1st Ave, New York, NY 10009",4.4,1416.0,https://komriwzkkknrsirifgqg.supabase.co/storage/v1/object/public/restaurant-photos/r_237ac2.jpg,https://www.google.com/maps/search/?api=1&query=M%C3%A1L%C3%A0%20Project&query_place_id=ChIJM2NCGJ1ZwokRA2nCkZcz08g,40.0,40.7271443,-73.9854189,3.425,0.7288135593220338,10.0,0.0466101694915254,0.6822033898305084,1416.0,1613.0,1.0,5.0,10009.0,0.76,0.2631578947368421,0.0263157894736842,0.4473684210526316,0.5789473684210527,10.0,239.52631578947367,0.5463393542763554,(212) 353-8880,http://malaproject.com/,"[{""day"": ""Monday"", ""hours"": ""12 to 9:15\u202fPM""}, {""day"": ""Tuesday"", ""hours"": ""12 to 9:15\u202fPM""}, {""day"": ""Wednesday"", ""hours"": ""12 to 9:15\u202fPM""}, {""day"": ""Thursday"", ""hours"": ""12 to 9:15\u202fPM""}, {""day"": ""Friday"", ""hours"": ""12 to 10\u202fPM""}, {""day"": ""Saturday"", ""hours"": ""11\u202fAM to 10\u202fPM""}, {""day"": ""Sunday"", ""hours"": ""11\u202fAM to 9:15\u202fPM""}]","[""https://lh3.googleusercontent.com/gps-cs-s/AHVAweqSlVNm64raO46SYiDoZg0QAb-bDbtYGWBxbcvU2-bSYiGpzgTBQae-wnqHJpq7CFNpkJl53rHruvRPg3y-aF51wlWjHkWpnyYM7Au04u75omXLJ89k2X1YqxxuXbPs-WyWJ00XjQ=w1920-h1080-k-no""]","[{""text"": ""Little loud and hectic but food is delish and unique!"", ""rating"": 5, ""author"": ""Jasmine -"", ""published"": ""5 months ago""}, {""text"": ""Amaziiiiing food, super shareable and absolutely delicious!!!"", ""rating"": 5, ""author"": ""Noor M"", ""published"": ""4 months ago""}, {""text"": ""$45 for one okay dry pot is pretty rough even for manhattan prices. The taste was alright."", ""rating"": 2, ""author"": ""Carolyn Wu"", ""published"": ""3 months ago""}]",Local Favorite,"{""standout_dishes"": [""Mala dry pot with customizable ingredients"", ""Mapo tofu"", ""Mala peanuts"", ""Purple rice""], ""vibe_and_service"": [""Relaxed, cozy setting with a minimal, warm interior that works well for sharing a dry pot with friends"", ""Friendly, attentive servers, with one reviewer shouting out Onder by name"", ""Happy hour food discounts before 7pm""], ""wait_time_note"": ""Food comes out fast according to several reviews, though one reviewer said the dry pot itself took a while to arrive.""}"
r_b184ca,50.0,0.3284948124550199,0.0,0.66,4.739080694585979,4.502179033159389,0.0,4.739080694585979,Dhania,Crown Heights,Indian,NYC,ChIJU4DtNiZbwokRieDzRbPZJ8U,"787 Prospect Pl, Brooklyn, NY 11216",4.7,573.0,https://komriwzkkknrsirifgqg.supabase.co/storage/v1/object/public/restaurant-photos/r_b184ca.jpg,https://www.google.com/maps/search/?api=1&query=Dhania&query_place_id=ChIJU4DtNiZbwokRieDzRbPZJ8U,25.0,40.6744619,-73.9505166,9.738,0.93717277486911,10.0,0.0488656195462478,0.8883071553228621,573.0,236.0,1.0,1.0,11216.0,0.84,0.2857142857142857,0.0238095238095238,0.4761904761904761,0.1904761904761904,12.0,160.21428571428572,0.545768763763929,(347) 627-3095,http://httpsdhaniany.com/,"[{""day"": ""Monday"", ""hours"": ""11:30\u202fAM to 3:30\u202fPM, 4 to 10:30\u202fPM""}, {""day"": ""Tuesday"", ""hours"": ""11:30\u202fAM to 3:30\u202fPM, 4 to 10:30\u202fPM""}, {""day"": ""Wednesday"", ""hours"": ""11:30\u202fAM to 3:30\u202fPM, 4 to 10:30\u202fPM""}, {""day"": ""Thursday"", ""hours"": ""11:30\u202fAM to 3:30\u202fPM, 4 to 10:30\u202fPM""}, {""day"": ""Friday"", ""hours"": ""11:30\u202fAM to 10:30\u202fPM""}, {""day"": ""Saturday"", ""hours"": ""11:30\u202fAM to 10:30\u202fPM""}, {""day"": ""Sunday"", ""hours"": ""11:30\u202fAM to 10\u202fPM""}]","[""https://lh3.googleusercontent.com/gps-cs-s/AHVAweqm4amnFe_24UEax5tEXPo_lyjRcKKUrpm4zkQDoqbglYQtfrLt_iYMQ7eyvHpaZZ0T03e5yaPud4r8SzlxIxfEOL9jDy6941rpwAohMhONOxLTZQ_Ksdmucd09BUIHFJEbjg8TrE0_3s1L=w1920-h1080-k-no""]","[{""text"": ""Sadly the worst chicken biryani I\u2019ve had"", ""rating"": 1, ""author"": ""Mansi Jotwani"", ""published"": ""a week ago""}, {""text"": ""Food is always delicious, decent portions. Everything I\u2019ve gotten has always been good. This time we got lamb curry and saag paneer. So good, no notes. We will be back :)"", ""rating"": 5, ""author"": ""Yolanda Leo Hassel"", ""published"": ""4 days ago""}, {""text"": ""Fantastic spot! The food hits the mark, the service is on point, and the vibe is just right. Solid flavors, good portions, and an all-around great experience. Definitely coming back!"", ""rating"": 5, ""author"": ""Pawan Bhardwaj"", ""published"": ""2 months ago""}]",Local Favorite,"{""standout_dishes"": [""Butter chicken with garlic naan""], ""vibe_and_service"": [""Friendly, attentive staff who are quick to help"", ""Clean, cozy, welcoming space"", ""Generous portions and consistently tasty food, whether dining in or ordering takeout""], ""wait_time_note"": null}"
r_966ea5,50.0,0.2996985024366847,0.0,0.68,4.897009073038495,4.758484347079697,0.0,4.897009073038495,Holy Schnitzel,Crown Heights,Restaurant,NYC,ChIJj2vTHQBbwokRW0-OjYjQNEo,"262 Kingston Ave, Brooklyn, NY 11213",4.9,854.0,https://komriwzkkknrsirifgqg.supabase.co/storage/v1/object/public/restaurant-photos/r_966ea5.jpg,https://www.google.com/maps/search/?api=1&query=Holy%20Schnitzel&query_place_id=ChIJj2vTHQBbwokRW0-OjYjQNEo,25.0,40.6705489,-73.9422966,10.378,0.9648711943793912,10.0,0.0199063231850117,0.9449648711943794,854.0,328.0,0.0,3.0,11213.0,0.68,0.1176470588235294,0.0588235294117647,0.5882352941176471,0.0588235294117647,2.0,109.79411764705884,0.5449934357907562,(929) 339-1156,,"[{""day"": ""Monday"", ""hours"": ""11\u202fAM to 1\u202fAM""}, {""day"": ""Tuesday"", ""hours"": ""11\u202fAM to 1\u202fAM""}, {""day"": ""Wednesday"", ""hours"": ""11\u202fAM to 1\u202fAM""}, {""day"": ""Thursday"", ""hours"": ""11\u202fAM to 1\u202fAM""}, {""day"": ""Friday"", ""hours"": ""11\u202fAM to 3\u202fPM""}, {""day"": ""Saturday"", ""hours"": ""6\u202fPM to 2\u202fAM""}, {""day"": ""Sunday"", ""hours"": ""11\u202fAM to 1\u202fAM""}]","[""https://lh3.googleusercontent.com/gps-cs-s/AHVAweppPBKbvUIeUXZrHqrFFRybQ0IsxLUQ0MkN_cWHB7x6IeZR2mk0wR8_928DJEKjZpuBsYOr1_WyUz0CYMGN_tlGUQCeRhFYCbYUH9-0uDL0u3dU3dSzz8vUNaGtJxbcwxzIofU=w1920-h1080-k-no""]","[{""text"": ""Kosher!\nOne of the best places to eat schnitzel!!"", ""rating"": 5, ""author"": ""shalev horev"", ""published"": ""a week ago""}, {""text"": ""the corn bites are delicious but i have absolutely no clue why they are priced so incredibly high for such a tiny portion. not even half a cob of corn, and it\u2019s $13.60! will this corn give me unfathomable magical powers? is this corn lined with the blood of jesus? i am left with more questions than answers."", ""rating"": 2, ""author"": ""Ari Rabin"", ""published"": ""a week ago""}, {""text"": ""Update: Excellent customer service from the owner yosef he was asking us if we were all set and if we need sauces, ect\n\n10/10 !!! I recently got the \""The Big Sister\"" sandwich just chicken in side and my \""yestzer hura\"" was going crazy the best grilled chicken sandwich in Brooklyn out of all the kosher restaurants had food from the sauce was crazy I even went for a few more bites for a midnight snack in middle of the night at home\n\n8/10 As well I had the chicken avocado wrap no veggies and that was pretty good better than Mendys chicken avocado wrap which is like a 7.5\n\nI do want to add that the 1st time I came there is had the Tony special sandwich and the sauce was not good at all too much soy sauce there or salt even for a person who likes salty food please adjust this sandwich\n\nI had the portobello avocado burger with pastrami 6/10 needs to be juicer but a good burger.\n\nHomemade onion rings 7.8/10 nice and big"", ""rating"": 5, ""author"": ""Eli"", ""published"": ""Edited 2 months ago""}]",Local Favorite,"{""standout_dishes"": [""Corn ribs""], ""vibe_and_service"": [""Friendly, welcoming staff, including an owner who checks in to see if you need anything"", ""Fresh ingredients and a warm atmosphere"", ""Open late, so it works for a late-night craving""], ""wait_time_note"": null}"
r_d74196,50.0,0.2702829672676426,0.0,0.78,4.576739884290535,4.553799643704599,0.0,4.576739884290535,Cebu,Fort Hamilton,Restaurant,NYC,ChIJpSFqk4pPwokREokUaeLkQj8,"8801 3rd Ave, Brooklyn, NY 11209",4.5,1481.0,https://komriwzkkknrsirifgqg.supabase.co/storage/v1/object/public/restaurant-photos/r_d74196.jpg,https://www.google.com/maps/search/?api=1&query=Cebu&query_place_id=ChIJpSFqk4pPwokREokUaeLkQj8,,40.6219034,-74.0314735,15.604,0.7292370020256583,10.0,0.0391627278865631,0.6900742741390952,1481.0,1871.0,1.0,2.0,11209.0,0.8,0.25,0.05,0.5,0.1,5.0,276.65,0.5447480427377706,(718) 492-5095,http://www.cebubrooklyn.com/,"[{""day"": ""Monday"", ""hours"": ""4 to 10\u202fPM""}, {""day"": ""Tuesday"", ""hours"": ""4 to 10\u202fPM""}, {""day"": ""Wednesday"", ""hours"": ""4 to 10\u202fPM""}, {""day"": ""Thursday"", ""hours"": ""4 to 10\u202fPM""}, {""day"": ""Friday"", ""hours"": ""12 to 11\u202fPM""}, {""day"": ""Saturday"", ""hours"": ""10\u202fAM to 11\u202fPM""}, {""day"": ""Sunday"", ""hours"": ""10\u202fAM to 10\u202fPM""}]","[""https://lh3.googleusercontent.com/gps-cs-s/AHVAwepfLLREPAnck-qAcLraxgLUhi14UYakzDdjMu1RO6K7EV0orM3JYeiIB6vuHEsiE7kxFofazqFOKfVUozViYKzeIv41ROjac7D5MJV4RRdWCy1ErN56p9omrssNN6HKivO0ntB4qg=w1920-h1080-k-no""]","[{""text"": ""Amazing service and food. Highly recommend"", ""rating"": 5, ""author"": ""Derrick Davis"", ""published"": ""3 months ago""}, {""text"": ""One of the best places to eat in Bay Ridge!"", ""rating"": 5, ""author"": ""Taste of the HomeMakers - Edarrel Peloquin"", ""published"": ""Edited 4 days ago""}, {""text"": ""The food is delicious and the atmosphere is great. \ud83d\udc4d"", ""rating"": 5, ""author"": ""Mikhail Frayman"", ""published"": ""a month ago""}]",,"{""standout_dishes"": [], ""vibe_and_service"": [""Beautifully decorated space with a great atmosphere and a good music selection"", ""Friendly, attentive staff -- Tommy gets a specific shout-out for amazing service"", ""Fantastic cocktails, with a courtesy espresso martini mentioned as a nice touch""], ""wait_time_note"": null}"
r_1799c1,50.0,0.1956042947017595,0.0,0.92,1.5448496537499463,1.8371813316806087,0.2923316779306628,1.398683814784615,USA Brooklyn Delicatessen,Queens,Restaurant,NYC,ChIJ69fkw1pmwokRxk8a6PvGbzI,"John F. Kennedy International Airport, JFK, Queens, NY 11430",1.8,64.0,https://komriwzkkknrsirifgqg.supabase.co/storage/v1/object/public/restaurant-photos/r_1799c1.jpg,https://www.google.com/maps/search/?api=1&query=USA%20Brooklyn%20Delicatessen&query_place_id=ChIJ69fkw1pmwokRxk8a6PvGbzI,25.0,40.6382578,-73.7812136,21.867,0.84375,0.2272727272727272,0.6875,0.15625,64.0,37.0,0.0,1.0,11430.0,0.84,0.119047619047619,0.238095238095238,0.0952380952380952,0.1904761904761904,0.5,324.6190476190476,0.5443454643639022,,,,"[""https://lh3.googleusercontent.com/gps-cs-s/AHVAweqE6Ua8Fsi--Wgc2VeTnw2xYzuXkILhCAeNrLPpXUTT9kYP-iEHFeOenbRs77qq4M4_S76ZC2YB4E3IvgKhAiOhppVfKk9dgO041vs6TdUHaETGx37s9W7h-6jtO2AKrqUkCH4seJPTRWk=w1920-h1080-k-no""]","[{""text"": ""Crap. Expensive. Staff has attitude. Not worth it."", ""rating"": 1, ""author"": ""PabloEnrique"", ""published"": ""a month ago""}, {""text"": ""$20 for a dry ahhh bacon egg and cheese that doesn\u2019t even use real eggs"", ""rating"": 1, ""author"": ""Kaya Moon"", ""published"": ""2 weeks ago""}, {""text"": ""$30 sandwich that takes 20 minutes to make. There is a single poor woman making the sandwichs while three others are wiping the counter."", ""rating"": 1, ""author"": ""Dave Borncamp"", ""published"": ""6 months ago""}]",,"{""standout_dishes"": [], ""vibe_and_service"": [""One reviewer found the service good and fast, and another called the place clean"", ""The pastrami sandwich gets credit for a good size and flavor, though prices are airport-level""], ""wait_time_note"": null}"
r_e10f29,50.0,0.2351486473959693,0.0,0.82,4.461701681304724,4.511774572677518,0.0500728913727934,4.436665235618328,"ZIGGLE Tofu & Grill | Healthy Korean Food in Sunnyside, Queens NYC",Long Island City,Korean,NYC,ChIJTwR0du9fwokRo83Rxlf5XJU,"37-04 Queens Blvd Suite, 205, Long Island City, NY 11101",4.6,414.0,https://komriwzkkknrsirifgqg.supabase.co/storage/v1/object/public/restaurant-photos/r_e10f29.jpg,https://www.google.com/maps/search/?api=1&query=ZIGGLE%20Tofu%20%26%20Grill%20%7C%20Healthy%20Korean%20Food%20in%20Sunnyside%2C%20Queens%20NYC&query_place_id=ChIJTwR0du9fwokRo83Rxlf5XJU,25.0,40.7439067,-73.9277888,5.149,0.8647342995169082,10.0,0.0531400966183574,0.8115942028985508,414.0,664.0,1.0,1.0,11101.0,0.7,0.1428571428571428,0.0285714285714285,0.4857142857142857,0.2857142857142857,5.0,255.0857142857143,0.5441041337532175,(718) 885-4429,https://zigglekfood.com/,"[{""day"": ""Monday"", ""hours"": ""11\u202fAM to 12\u202fAM""}, {""day"": ""Tuesday"", ""hours"": ""11\u202fAM to 12\u202fAM""}, {""day"": ""Wednesday"", ""hours"": ""11\u202fAM to 12\u202fAM""}, {""day"": ""Thursday"", ""hours"": ""11\u202fAM to 12\u202fAM""}, {""day"": ""Friday"", ""hours"": ""11\u202fAM to 12\u202fAM""}, {""day"": ""Saturday"", ""hours"": ""11\u202fAM to 12\u202fAM""}, {""day"": ""Sunday"", ""hours"": ""11\u202fAM to 12\u202fAM""}]","[""https://lh3.googleusercontent.com/gps-cs-s/AHVAwepYvf5SVHClaYo74M8ZhFcakilBilXFpQdyLH98T3rC3npFm1odEPcrZ1xu4Ds4f8Mq7NgJOyTQ8o5B4SdzpcXWuv95Jggc1dE2nT9rYTfeqHrCZT3WDgzg7o6HYHATngVi-KWARHwOOdDN=w1920-h1080-k-no""]","[{""text"": ""Delicious food of good varieties and of significant portions. Love it, \ud83d\ude00"", ""rating"": 5, ""author"": ""Larry Chui"", ""published"": ""Edited 2 months ago""}, {""text"": ""This is one of our regular stops and it's always delicious.  The tofu stew is the best!"", ""rating"": 5, ""author"": ""Joe Henderson"", ""published"": ""3 days ago""}, {""text"": ""The was good. We had a great time but menu was pretty small and they didn't have the shave ice. But over all I recommend it"", ""rating"": 4, ""author"": ""Wimolwan Suwannachote"", ""published"": ""4 months ago""}]",,"{""standout_dishes"": [""Sundubu (soft tofu stew)""], ""vibe_and_service"": [""Friendly, attentive staff who go above and beyond"", ""Clean, neat, cute space with good cocktails and vegetarian-friendly options"", ""Great value: a table full of dishes and sides for around $50""], ""wait_time_note"": null}"
r_d3d6ad,50.0,0.2944086176280673,0.0,0.72,4.967731922806684,4.928428831103013,0.0,4.967731922806684,Isla & Co. - Midtown,Midtown,Brunch,NYC,ChIJIYq6WtZZwokRdqduboSbRU8,"25 W 38th St, New York, NY 10018",4.8,4634.0,https://komriwzkkknrsirifgqg.supabase.co/storage/v1/object/public/restaurant-photos/r_d3d6ad.jpg,https://www.google.com/maps/search/?api=1&query=Isla%20%26%20Co.%20-%20Midtown&query_place_id=ChIJIYq6WtZZwokRdqduboSbRU8,,40.7517724,-73.984103,0.701,0.9123867069486404,10.0,0.0110056107034959,0.9013810962451446,4634.0,1494.0,1.0,10.0,10018.0,0.24,0.0,0.0833333333333333,0.5,0.0,0.0,95.66666666666669,0.5440843312114673,(646) 676-9373,http://www.isla-co.com/,"[{""day"": ""Monday"", ""hours"": ""7:30\u202fAM to 10\u202fPM""}, {""day"": ""Tuesday"", ""hours"": ""7:30\u202fAM to 10\u202fPM""}, {""day"": ""Wednesday"", ""hours"": ""7:30\u202fAM to 10\u202fPM""}, {""day"": ""Thursday"", ""hours"": ""7:30\u202fAM to 10\u202fPM""}, {""day"": ""Friday"", ""hours"": ""7:30\u202fAM to 10\u202fPM""}, {""day"": ""Saturday"", ""hours"": ""7:30\u202fAM to 10\u202fPM""}, {""day"": ""Sunday"", ""hours"": ""7:30\u202fAM to 10\u202fPM""}]","[""https://lh3.googleusercontent.com/gps-cs-s/AHVAwepg772aHifCv3sHdhudx_xfVjK7czAxgaoJ1iBrXIPkRR7Me0CtnOJrIBT1UhfvzUizdp1QNkQs5DaM1iLoHX0eDpGEBVCg0RfZfzW7rFnGXuJbEMdUOpmNe4rAJSjA5RzA1Jik7Q=w1920-h1080-k-no""]","[{""text"": ""Good food, fancy location and nice staff!"", ""rating"": 5, ""author"": ""Thomas Donvil"", ""published"": ""4 days ago""}, {""text"": ""Our family loved Isla & Co.\n\nGreat atmosphere, food and service!"", ""rating"": 5, ""author"": ""Danielle Kelley"", ""published"": ""3 days ago""}, {""text"": ""What a great time. Penny was exceptional and really made my 40th birthday feel special. Highly recommend!"", ""rating"": 5, ""author"": ""Rosanna Shepard"", ""published"": ""3 days ago""}]",Universally Loved,"{""standout_dishes"": [], ""vibe_and_service"": [""Friendly, attentive service comes up again and again, with staff like Penny, Jay, Raphael and Jesna called out by name for making birthdays and family visits feel special"", ""Relaxed, down-to-earth atmosphere that reviewers describe as quiet, chill and fun, with a fancy-feeling location"", ""Works well for family outings and celebrations, including a 40th birthday and a 6-year-old's visit""], ""wait_time_note"": null}"
r_e97d0b,50.0,0.2706092177532374,0.0,0.72,4.90021538127646,4.817659661157572,0.0,4.90021538127646,Janooon Cafe,Bath Beach,Dessert,NYC,ChIJKYXjUL1FwokRLxBILyvC1hE,"1950 Bath Ave, Brooklyn, NY 11214",4.9,206.0,https://komriwzkkknrsirifgqg.supabase.co/storage/v1/object/public/restaurant-photos/r_e97d0b.jpg,https://www.google.com/maps/search/?api=1&query=Janooon%20Cafe&query_place_id=ChIJKYXjUL1FwokRLxBILyvC1hE,15.0,40.6015687,-74.0021478,17.421,0.9466019417475728,10.0,0.0145631067961165,0.9320388349514565,206.0,164.0,1.0,5.0,11214.0,0.76,0.2631578947368421,0.0263157894736842,0.4736842105263157,0.0263157894736842,10.0,115.92105263157896,0.5437876190400712,(347) 312-5279,,"[{""day"": ""Monday"", ""hours"": ""11\u202fAM to 10\u202fPM""}, {""day"": ""Tuesday"", ""hours"": ""11\u202fAM to 10\u202fPM""}, {""day"": ""Wednesday"", ""hours"": ""11\u202fAM to 10\u202fPM""}, {""day"": ""Thursday"", ""hours"": ""11\u202fAM to 10\u202fPM""}, {""day"": ""Friday"", ""hours"": ""12\u202fPM to 12\u202fAM""}, {""day"": ""Saturday"", ""hours"": ""12\u202fPM to 12\u202fAM""}, {""day"": ""Sunday"", ""hours"": ""12 to 11\u202fPM""}]","[""https://lh3.googleusercontent.com/gps-cs-s/AHVAweoZAoBN0OXzUHwNr1f5bGt0R0OrgbiE1W_ol68CZ0zCKo6ONLiWf3UyLjfVTJQm8tTENOjf0ajMn6wlZV5Q3Xcqo_VkYzx7pfSTBJWXa2ts4Bq2YL3C0SLHzNcQZlDZLrOgPkWh-_CZfTtS=w1920-h1080-k-no""]","[{""text"": ""Great food and service. It's one of my go-to lunch spots in the area."", ""rating"": 5, ""author"": ""Ashton Krow"", ""published"": ""2 months ago""}, {""text"": ""Nice cozy Place for a authentic Chai and Gupshup.  Food was topnotch and fresh."", ""rating"": 5, ""author"": ""Afzaal Gondal (Zali)"", ""published"": ""2 months ago""}, {""text"": ""Very good place to eat out.\nAmbiance is so good. Food is awesome and prices are good.\nHighly recommended"", ""rating"": 5, ""author"": ""Joweria Khalid"", ""published"": ""2 months ago""}]",Hidden Gem,"{""standout_dishes"": [""Chai (Gulabi and Karak)"", ""Loaded chicken fries"", ""Matcha drinks""], ""vibe_and_service"": [""Cozy, warm, welcoming spot that's great for hanging out with friends, with board games to play while you wait"", ""Friendly, helpful staff and great service mentioned across many reviews"", ""Cute chinaware and a lovely ambiance""], ""wait_time_note"": null}"
r_7df38c,50.0,0.2300867746056647,0.0,0.8,4.777536540935366,4.728782292148249,0.0,4.777536540935366,Rocco’s of Roc Beach – Italian Fine Dining & Coal-Oven Cuisine,Rockaway Park,Pizza,NYC,ChIJCxUlA6JpwokR_RCAEDUydo8,"115-10 Rockaway Beach Blvd, Rockaway Park, NY 11694",4.5,653.0,https://komriwzkkknrsirifgqg.supabase.co/storage/v1/object/public/restaurant-photos/r_7df38c.jpg,https://www.google.com/maps/search/?api=1&query=Rocco%E2%80%99s%20of%20Roc%20Beach%20%E2%80%93%20Italian%20Fine%20Dining%20%26%20Coal-Oven%20Cuisine&query_place_id=ChIJCxUlA6JpwokR_RCAEDUydo8,,40.5801181,-73.8367373,23.447,0.8284839203675345,10.0,0.0658499234303215,0.7626339969372129,653.0,1183.0,1.0,10.0,11694.0,0.76,0.3684210526315789,0.0,0.6052631578947368,0.1052631578947368,14.0,322.0,0.5436375281499363,(718) 799-5050,https://www.roccoscoalovenpizza.com/,"[{""day"": ""Monday"", ""hours"": ""Closed""}, {""day"": ""Tuesday"", ""hours"": ""12 to 10\u202fPM""}, {""day"": ""Wednesday"", ""hours"": ""12 to 10\u202fPM""}, {""day"": ""Thursday"", ""hours"": ""12 to 10\u202fPM""}, {""day"": ""Friday"", ""hours"": ""12 to 11\u202fPM""}, {""day"": ""Saturday"", ""hours"": ""12 to 11\u202fPM""}, {""day"": ""Sunday"", ""hours"": ""12 to 9\u202fPM""}]","[""https://lh3.googleusercontent.com/gps-cs-s/AHVAweoTybIV_353r9j2J1PNbohcoK5YzC3N1izgrcG8cYkWEyo52U3it9lGmr1dR53GBryu11I1zoU5q7WHwt9O4zhQWw-YdOg0BD9qEtVbBWVQCNyjiDMYluFWlD2D130UqHKpX0XQ=w1920-h1080-k-no""]","[{""text"": ""Amazing amazing service, staff, and food \ud83d\ude01"", ""rating"": 5, ""author"": ""Maria Henriquez"", ""published"": ""a month ago""}, {""text"": ""Really surprised by the food here! This place is unassuming but had fantastic food and fresh baked bread"", ""rating"": 5, ""author"": ""Dan Ferrara"", ""published"": ""4 months ago""}, {""text"": ""Great Italian. Dishes from all regions. Delicious food! Something for everyone and kids. Fun lively great location. Great drinks."", ""rating"": 5, ""author"": ""Shara Sita"", ""published"": ""a month ago""}]",Local Favorite,"{""standout_dishes"": [""Pizza (New Yorker, prosciutto)"", ""Veal Valdostano"", ""Caesar salad"", ""Homemade pistachio dessert""], ""vibe_and_service"": [""Staff are friendly and attentive, and the family-style feel works well for kids and celebrations"", ""Cozy, relaxed atmosphere with house-made pasta, bread, and desserts"", ""Easy parking with valet available""], ""wait_time_note"": null}"
r_afaf2e,50.0,0.2157502059328465,0.02,0.9,4.7035864804641445,4.724515423844206,0.0209289433800616,4.693122008774114,Zest Sushi,Lower East Side,Japanese,NYC,ChIJCyayOIdZwokR2GhEvmhn3ss,"249 Broome St, New York, NY 10002",4.6,724.0,https://komriwzkkknrsirifgqg.supabase.co/storage/v1/object/public/restaurant-photos/r_afaf2e.jpg,https://www.google.com/maps/search/?api=1&query=Zest%20Sushi&query_place_id=ChIJCyayOIdZwokR2GhEvmhn3ss,35.0,40.717919,-73.9898739,4.464,0.755524861878453,10.0,0.0248618784530386,0.7306629834254144,724.0,754.0,1.0,5.0,10002.0,0.7,0.3142857142857143,0.0,0.4857142857142857,0.1142857142857142,11.0,306.2857142857143,0.5423021778904049,(212) 677-3158,,"[{""day"": ""Monday"", ""hours"": ""Closed""}, {""day"": ""Tuesday"", ""hours"": ""12 to 10:30\u202fPM""}, {""day"": ""Wednesday"", ""hours"": ""12 to 10:30\u202fPM""}, {""day"": ""Thursday"", ""hours"": ""12 to 10:30\u202fPM""}, {""day"": ""Friday"", ""hours"": ""12 to 11\u202fPM""}, {""day"": ""Saturday"", ""hours"": ""12 to 11\u202fPM""}, {""day"": ""Sunday"", ""hours"": ""12 to 10:30\u202fPM""}]","[""https://lh3.googleusercontent.com/gps-cs-s/AHVAwepY01SMmWmbwKY6p1I4Vz_8Cf-LVS2wwrz0PMutkM6-GxZ2aXhN_m2RTF1zn11yJU_T4_sqnOyFfpMoqtYj1ziKVqGP_YgXTn2EYFYJ66TRpTKYI96k_eXSWBpHFiFaPUKGhrY=w1920-h1080-k-no""]","[{""text"": ""Great place, very tasty, amazing happy hour."", ""rating"": 5, ""author"": ""Eli Levary"", ""published"": ""2 months ago""}, {""text"": ""Cute and vibrant spot with great happy hour deals!"", ""rating"": 5, ""author"": ""Jenny"", ""published"": ""4 months ago""}, {""text"": ""Loved the sushi and the vibe. Can't recommend this place enough"", ""rating"": 5, ""author"": ""Vlad Z"", ""published"": ""5 months ago""}]",Local Favorite,"{""standout_dishes"": [""Yellowtail jalape\u00f1o and salmon sushi"", ""Unagi-don rice bowl"", ""Fresh nigiri and sashimi""], ""vibe_and_service"": [""Amazing happy hour deals with most items around $6, running until 7pm"", ""Fast, friendly service even when the place is packed"", ""Lively, cute, and vibrant spot that works well for a casual date""], ""wait_time_note"": ""Happy hour gets busy, but walk-ins were seated without much of a wait (one reviewer grabbed wall seating on a Friday around 6:20pm without a reservation).""}"
r_d9bf6f,100.0,0.2036810036611498,0.0,0.94,4.728300770923986,4.667645717928826,0.0,4.728300770923986,Nerina,Greenpoint,Greek,NYC,ChIJtzHzeUFZwokRVrZjWJ3tlwY,"35 Commercial St, Brooklyn, NY 11222",4.7,137.0,https://komriwzkkknrsirifgqg.supabase.co/storage/v1/object/public/restaurant-photos/r_d9bf6f.jpg,https://www.google.com/maps/search/?api=1&query=Nerina&query_place_id=ChIJtzHzeUFZwokRVrZjWJ3tlwY,,40.7367541,-73.9579909,3.321,0.8759124087591241,10.0,0.0145985401459854,0.8613138686131386,137.0,240.0,0.0,1.0,11222.0,0.8,0.425,0.125,0.7,0.1,3.4,285.5,0.5411882748417092,(718) 509-9339,https://nerinanyc.com/,"[{""day"": ""Monday"", ""hours"": ""Closed""}, {""day"": ""Tuesday"", ""hours"": ""5:30 to 10\u202fPM""}, {""day"": ""Wednesday"", ""hours"": ""5:30 to 10\u202fPM""}, {""day"": ""Thursday"", ""hours"": ""5:30 to 10\u202fPM""}, {""day"": ""Friday"", ""hours"": ""5:30 to 11\u202fPM""}, {""day"": ""Saturday"", ""hours"": ""5:30 to 11\u202fPM""}, {""day"": ""Sunday"", ""hours"": ""4 to 9\u202fPM""}]","[""https://lh3.googleusercontent.com/gps-cs-s/AHVAwer8tPtulc6-_pKaXDl-0VqyVth3t8IATBuc2QTT9BYNGavrDDlllRMga9UzEQCithlIwSzsNU6QiIPn9FUoU3opIMz3OfLyFz1JwmK5aTRjLACgKZoZwgXIoswar7OLhgBxRoKP8V5W4yed=w1920-h1080-k-no""]","[{""text"": ""Outstanding! Great food, great drinks,great service!"", ""rating"": 5, ""author"": ""joshua thompson"", ""published"": ""4 months ago""}, {""text"": ""Food was incredible, reasonable prices and amazing service!"", ""rating"": 5, ""author"": ""Or Samuel Stein"", ""published"": ""5 months ago""}, {""text"": ""some of the best lamb i\u2019ve had, et else was A-\ngreat service"", ""rating"": 5, ""author"": ""Andrew M"", ""published"": ""2 months ago""}]",Local Favorite,"{""standout_dishes"": [""Baby rack of lamb"", ""Bougatsa semolina custard dessert"", ""Zucchini chips with tzatziki"", ""Greek salad""], ""vibe_and_service"": [""Attentive, friendly, knowledgeable staff -- one reviewer singled out their server Elias for great ordering advice"", ""Cozy, atmospheric space with heated outdoor seating and a nice bar"", ""Portions run small, so plan on 2-3 dishes per person; some find it a bit pricey but worth it""], ""wait_time_note"": null}"
r_778dae,50.0,0.2084499289382253,0.02,0.9,4.863251066384232,4.808610092975922,0.0,4.863251066384232,Harvest Cafe,New Dorp Beach,Brunch,NYC,ChIJuWekL0hJwokRrx2XEx2c7k8,"694 New Dorp Ln, Staten Island, NY 10306",4.7,305.0,https://komriwzkkknrsirifgqg.supabase.co/storage/v1/object/public/restaurant-photos/r_778dae.jpg,https://www.google.com/maps/search/?api=1&query=Harvest%20Cafe&query_place_id=ChIJuWekL0hJwokRrx2XEx2c7k8,15.0,40.5658843,-74.101078,23.479,0.8655737704918033,10.0,0.0262295081967213,0.839344262295082,305.0,166.0,1.0,5.0,10306.0,0.72,0.3611111111111111,0.0277777777777777,0.5833333333333334,0.1111111111111111,13.0,239.27777777777777,0.5408655653296341,(347) 857-6888,http://www.harvestcafe-si.org/,"[{""day"": ""Monday"", ""hours"": ""Closed""}, {""day"": ""Tuesday"", ""hours"": ""Closed""}, {""day"": ""Wednesday"", ""hours"": ""8\u202fAM to 3\u202fPM""}, {""day"": ""Thursday"", ""hours"": ""8\u202fAM to 3\u202fPM, 4 to 9\u202fPM""}, {""day"": ""Friday"", ""hours"": ""8\u202fAM to 3\u202fPM, 4 to 9\u202fPM""}, {""day"": ""Saturday"", ""hours"": ""8\u202fAM to 3\u202fPM, 4 to 9\u202fPM""}, {""day"": ""Sunday"", ""hours"": ""8\u202fAM to 3\u202fPM""}]","[""https://lh3.googleusercontent.com/gps-cs-s/AHVAwepvNZTfw19xnP99zGAOv5NczTrX4xa86eIEroYKy4DNF6roegatkb2upESA51O8BmX5KlXLx0pmIXk0q9Oq4UNbrKt0yXCTSmWdfWId5OErq9oXCD9NEdYOALPYLzi8rQ6OT06E4AAhIKVW=w1920-h1080-k-no""]","[{""text"": ""Wow great good and great portions. The workers are so so nice."", ""rating"": 5, ""author"": ""Louie Verzi"", ""published"": ""2 years ago""}, {""text"": ""This is a very special restaurant.  The wait staff was incredible and the food came out fast and hot."", ""rating"": 5, ""author"": ""Tricia Brewster"", ""published"": ""2 years ago""}, {""text"": ""Very clean, so cozy, really nice stuff. The food is good.\n2 dishes for breakfast, one coffee, one tea and pancakes, for $45."", ""rating"": 5, ""author"": ""Micheline Nakhleh"", ""published"": ""5 months ago""}]",Hidden Gem,"{""standout_dishes"": [], ""vibe_and_service"": [""Friendly, welcoming staff who greet you right away and go out of their way to make you comfortable, including with a baby"", ""Supports a good cause: the cafe trains and employs servers with disabilities"", ""Cozy, spacious dining room with room between tables""], ""wait_time_note"": null}"
r_759bce,50.0,0.2499617753421359,0.02,0.84,4.000377912610917,3.786551593713536,0.0,4.000377912610917,Parlay,Sunset Park,Brunch,NYC,ChIJ-fScHM9awokRQQEHMNgrJYg,"4024 8th Ave, Brooklyn, NY 11232",4.4,686.0,https://komriwzkkknrsirifgqg.supabase.co/storage/v1/object/public/restaurant-photos/r_759bce.jpg,https://www.google.com/maps/search/?api=1&query=Parlay&query_place_id=ChIJ-fScHM9awokRQQEHMNgrJYg,15.0,40.6464285,-73.9985982,12.434,0.7317784256559767,10.0,0.0626822157434402,0.6690962099125365,686.0,645.0,1.0,6.0,11232.0,0.7,0.2857142857142857,0.0571428571428571,0.2285714285714285,0.0,5.0,265.0571428571429,0.5394900534067149,(347) 987-4059,https://www.instagram.com/parlayrestaurantbk?igsh=anplcW40emplOTlm,"[{""day"": ""Monday"", ""hours"": ""8\u202fAM to 7\u202fPM""}, {""day"": ""Tuesday"", ""hours"": ""8\u202fAM to 7\u202fPM""}, {""day"": ""Wednesday"", ""hours"": ""8\u202fAM to 7\u202fPM""}, {""day"": ""Thursday"", ""hours"": ""6\u202fAM to 7\u202fPM""}, {""day"": ""Friday"", ""hours"": ""6\u202fAM to 9\u202fPM""}, {""day"": ""Saturday"", ""hours"": ""6\u202fAM to 9\u202fPM""}, {""day"": ""Sunday"", ""hours"": ""6\u202fAM to 9\u202fPM""}]","[""https://lh3.googleusercontent.com/gps-cs-s/AHVAwepyQPoVe8PcMZTL2vemWrMt4Mq9cNS2WHegt747sKuNYgUR3eJitRT2-SsC_YEZ6n9HmW5n9cQ6SJmACSJzjiOsSuY4w-FQsnhWav_45YcgO9TQDg7D3LT1o0i4XXnEEE0CcV45Q4vldJu6=w1920-h1080-k-no""]","[{""text"": ""The food was good. The service was excellent."", ""rating"": 4, ""author"": ""Doruk Toklu"", ""published"": ""2 months ago""}, {""text"": ""Best burgers in the neighborhood. Solid every time."", ""rating"": 5, ""author"": ""Michael Siu (DJ OLB)"", ""published"": ""4 months ago""}, {""text"": ""Chicken curry is amazing! But the service is exceptional!!"", ""rating"": 5, ""author"": ""Jorge Vega"", ""published"": ""7 months ago""}]",,"{""standout_dishes"": [""Chicken curry with roti"", ""Chicken sandwich""], ""vibe_and_service"": [""Friendly, polite staff and service that reviewers keep calling excellent"", ""Cozy, clean spot that works for a coffee or a quick bite""], ""wait_time_note"": null}"
r_d7529f,50.0,0.2340729873523511,0.0,0.8,4.505314235889474,4.498375930017347,0.0,4.505314235889474,Aminas Cafe,West Bronx,Mexican,NYC,ChIJbfbnmDT0wokRpM-uZkcOZU4,"890 Morris Ave, Bronx, NY 10451",4.5,175.0,https://komriwzkkknrsirifgqg.supabase.co/storage/v1/object/public/restaurant-photos/r_d7529f.jpg,https://www.google.com/maps/search/?api=1&query=Aminas%20Cafe&query_place_id=ChIJbfbnmDT0wokRpM-uZkcOZU4,,40.8261681,-73.9178867,9.502,0.8,10.0,0.0457142857142857,0.7542857142857143,175.0,743.0,1.0,2.0,10451.0,0.78,0.5384615384615384,0.0769230769230769,0.358974358974359,0.1282051282051282,7.0,252.3589743589744,0.5390342612357848,(917) 631-9203,http://www.aminascafe.com/,"[{""day"": ""Monday"", ""hours"": ""10\u202fAM to 10\u202fPM""}, {""day"": ""Tuesday"", ""hours"": ""10\u202fAM to 10\u202fPM""}, {""day"": ""Wednesday"", ""hours"": ""10\u202fAM to 10\u202fPM""}, {""day"": ""Thursday"", ""hours"": ""10\u202fAM to 10\u202fPM""}, {""day"": ""Friday"", ""hours"": ""10\u202fAM to 10\u202fPM""}, {""day"": ""Saturday"", ""hours"": ""10\u202fAM to 10\u202fPM""}, {""day"": ""Sunday"", ""hours"": ""10\u202fAM to 10\u202fPM""}]","[""https://lh3.googleusercontent.com/gps-cs-s/AHVAwepnQhoOOZQ69ghLOXek9s0-KhhdqqSo4ku0uCbYOoMMVw5d7KyVISE9QAxPSMQg3afnrRN5XKPbVBbbxZ4ZVAzpaAnXLM6IvNopKZc7hQGKu4fNyiPM3Hm3lIqzW_Hpo6lPC40-=w1920-h1080-k-no""]","[{""text"": ""Nice, clean and friendly. The food is decent."", ""rating"": 5, ""author"": ""Lilly-Ly Bartley"", ""published"": ""a year ago""}, {""text"": ""lovely establishment, delicious food, and wonderful staff"", ""rating"": 5, ""author"": ""L E"", ""published"": ""2 weeks ago""}, {""text"": ""Ordered chicken torta, steak sope and churro waffle. Very yummy."", ""rating"": 5, ""author"": ""Evelyn Pleitez"", ""published"": ""10 months ago""}]",,"{""standout_dishes"": [], ""vibe_and_service"": [""The shaded backyard patio is a relaxing spot to eat"", ""Friendly, attentive servers"", ""Homemade, fresh-tasting food at reasonable prices""], ""wait_time_note"": null}"
r_1ac7af,35.0,0.2271557435662316,0.0,0.8571428571428571,4.622766308506061,4.519370100300216,0.0,4.622766308506061,Falafel Palace,Bay Ridge,Middle Eastern,NYC,ChIJifAqEB9FwokRkD4gJLrHh_Q,"484 77th St, Brooklyn, NY 11209",4.5,35.0,https://komriwzkkknrsirifgqg.supabase.co/storage/v1/object/public/restaurant-photos/r_1ac7af.jpg,https://www.google.com/maps/search/?api=1&query=Falafel%20Palace&query_place_id=ChIJifAqEB9FwokRkD4gJLrHh_Q,15.0,40.6279903,-74.0235136,14.788,0.9428571428571428,10.0,0.0857142857142857,0.8571428571428571,35.0,61.0,1.0,1.0,11209.0,0.8571428571428571,0.3666666666666666,0.0666666666666666,0.5,0.1,5.5,188.1,0.5386132159450391,(347) 492-0496,https://g.co/kgs/NUfJN8h,"[{""day"": ""Monday"", ""hours"": ""10\u202fAM to 11\u202fPM""}, {""day"": ""Tuesday"", ""hours"": ""10\u202fAM to 11\u202fPM""}, {""day"": ""Wednesday"", ""hours"": ""10\u202fAM to 11\u202fPM""}, {""day"": ""Thursday"", ""hours"": ""10\u202fAM to 11\u202fPM""}, {""day"": ""Friday"", ""hours"": ""10\u202fAM to 11\u202fPM""}, {""day"": ""Saturday"", ""hours"": ""10\u202fAM to 11\u202fPM""}, {""day"": ""Sunday"", ""hours"": ""10\u202fAM to 11\u202fPM""}]","[""https://lh3.googleusercontent.com/gps-cs-s/AHVAweojz0IZLRv8NuZ1Cp11sSGW2FN1fmhx23QzXBO0L09eYUKvl_4JYAtQTdg9zCPhh1DIEyFy-w1D_9vnrD03Y_SQ4--EHlAhNoK8FyrDJ2XrPUS_ZNNfPKbBh62F2TQQjhpRx35CTN9jb9en=w1920-h1080-k-no""]","[{""text"": ""Friendly and the food looks great. Good prices"", ""rating"": 5, ""author"": ""Laura Guerrero"", ""published"": ""6 months ago""}, {""text"": ""Very Reasonable prices.\n\nGood quality. I will definitely go back there."", ""rating"": 5, ""author"": ""Ahmed"", ""published"": ""4 months ago""}, {""text"": ""Sorry but a very bad service, food was acceptable for the price (wasn\u2019t that wow)"", ""rating"": 1, ""author"": ""Youcef Khattara"", ""published"": ""6 months ago""}]",Local Favorite,"{""standout_dishes"": [""Falafel (sandwich or on a plate)"", ""Lamb with olives"", ""Chicken with olives and potatoes""], ""vibe_and_service"": [""Owner/chef Riyadh is warm, generous, and makes you feel welcome"", ""Prices are low and portions are big, so you leave full"", ""Food is made fresh daily""], ""wait_time_note"": null}"
r_74417d,50.0,0.2100834477995875,0.0,0.88,4.8993616210333535,4.824212390563383,0.0,4.8993616210333535,Yezo Thai Isankaya,Murray Hill,Japanese,NYC,ChIJU2AGB3VZwokRhU2GEUp_uUI,"301 E 49th St, New York, NY 10017",4.9,659.0,https://komriwzkkknrsirifgqg.supabase.co/storage/v1/object/public/restaurant-photos/r_74417d.jpg,https://www.google.com/maps/search/?api=1&query=Yezo%20Thai%20Isankaya&query_place_id=ChIJU2AGB3VZwokRhU2GEUp_uUI,25.0,40.7541752,-73.9685051,1.506,0.9393019726858876,10.0,0.0121396054628224,0.9271623672230652,659.0,1182.0,1.0,5.0,10017.0,0.92,0.3043478260869565,0.0217391304347826,0.6521739130434783,0.0869565217391304,14.0,263.9130434782609,0.5384820244207562,(646) 398-8656,https://linktr.ee/Yezoisankaya?utm_source=linktree_profile_share&ltsid=cfedef21-b230-4e41-8069-49fc0c411c72,"[{""day"": ""Monday"", ""hours"": ""12 to 4\u202fPM, 5 to 10\u202fPM""}, {""day"": ""Tuesday"", ""hours"": ""12 to 4\u202fPM, 5 to 10\u202fPM""}, {""day"": ""Wednesday"", ""hours"": ""12 to 4\u202fPM, 5 to 10\u202fPM""}, {""day"": ""Thursday"", ""hours"": ""12 to 4\u202fPM, 5 to 10\u202fPM""}, {""day"": ""Friday"", ""hours"": ""12 to 4\u202fPM, 5 to 10\u202fPM""}, {""day"": ""Saturday"", ""hours"": ""12 to 10\u202fPM""}, {""day"": ""Sunday"", ""hours"": ""12 to 10\u202fPM""}]","[""https://lh3.googleusercontent.com/gps-cs-s/AHVAweoh8Wc-WWl__TkD6CyRGaTKGB1_ElJtwiBM_Rvoa-Rad_GzLnmG_i_tfYsfQhTV6xdxpRz6y0GbtVxOYp4scGQ3xoQ0FU9hWF8r7AruHkJO4Un31xvq2Y1RoGuINwqS30V_afqyucXaf-s=w1920-h1080-k-no""]","[{""text"": ""I\u2019ve been here twice. And food always good. Lovely service."", ""rating"": 5, ""author"": ""Janie Jirat"", ""published"": ""a week ago""}, {""text"": ""Had a great time here. Wonderful atmosphere, drinks were good, and the food specials were so good"", ""rating"": 5, ""author"": ""Patrick Murnen"", ""published"": ""a week ago""}, {""text"": ""The Pad Thai and the chicken satay were superlative !!!! And our waitress was so nice \u2764\ufe0f\u2764\ufe0f\u2764\ufe0f Def coming back"", ""rating"": 5, ""author"": ""Anna Risaliti"", ""published"": ""2 months ago""}]",Local Favorite,"{""standout_dishes"": [""Pad Thai (chicken Yezo version)"", ""Massaman curry with crispy roti"", ""Tom Yum soup""], ""vibe_and_service"": [""Cozy, cute, nicely decorated space with a warm, authentic feel"", ""Friendly, fast, attentive service with food coming out quickly"", ""Good value, with lunch specials and 5% off for paying cash""], ""wait_time_note"": ""Reviewers found it easy to get a table on weekday evenings, even when other Thai spots were full, and the food arrives fast, so you probably don't need a reservation.""}"
r_36f31f,50.0,0.2013833413202984,0.0,0.9,4.459942784889719,4.434971123363539,0.0,4.459942784889719,Enzo's of Arthur Avenue,Belmont,Italian,NYC,ChIJK-WbWIf0wokRWPsJsVTeOfQ,"2339 Arthur Ave, Bronx, NY 10458",4.4,1921.0,https://komriwzkkknrsirifgqg.supabase.co/storage/v1/object/public/restaurant-photos/r_36f31f.jpg,https://www.google.com/maps/search/?api=1&query=Enzo's%20of%20Arthur%20Avenue&query_place_id=ChIJK-WbWIf0wokRWPsJsVTeOfQ,40.0,40.8544441,-73.888881,13.493,0.7152524726704841,10.0,0.0499739718896408,0.6652785007808433,1921.0,1689.0,1.0,3.0,10458.0,0.7,0.1428571428571428,0.0285714285714285,0.4285714285714285,0.0857142857142857,5.0,251.8571428571429,0.5383805513675682,(718) 733-4455,http://www.enzosofarthuravenue.com/,"[{""day"": ""Monday"", ""hours"": ""11:30\u202fAM to 10\u202fPM""}, {""day"": ""Tuesday"", ""hours"": ""11:30\u202fAM to 10\u202fPM""}, {""day"": ""Wednesday"", ""hours"": ""11:30\u202fAM to 10\u202fPM""}, {""day"": ""Thursday"", ""hours"": ""11:30\u202fAM to 10\u202fPM""}, {""day"": ""Friday"", ""hours"": ""11:30\u202fAM to 10\u202fPM""}, {""day"": ""Saturday"", ""hours"": ""11:30\u202fAM to 10\u202fPM""}, {""day"": ""Sunday"", ""hours"": ""12 to 9\u202fPM""}]","[""https://lh3.googleusercontent.com/gps-cs-s/AHVAwepAUKapDHUqAyGUTMg5d396SPy_CRizZAEHMaA9ASSwUzSo0XrhgPYOcDvxgBnG-AySqDuPdRVgLDLjXmyRRJt_Odc92IvOk9C8hSVuZQc5nKnwJar4xVaR62YCPXnsBHIF_dxr=w1920-h1080-k-no""]","[{""text"": ""A perfect meal!  So glad I chose Enzo's for Zuppa di Pesce."", ""rating"": 5, ""author"": ""Charles O'Reilly"", ""published"": ""a month ago""}, {""text"": ""Fried meatballs were good but the rest of the food is missing soul"", ""rating"": 4, ""author"": ""Vanessa Ceballos"", ""published"": ""2 months ago""}, {""text"": ""Top notch Italian spot in the heart of Arthur Avenue. You can\u2019t go wrong here."", ""rating"": 5, ""author"": ""David Schorr"", ""published"": ""a month ago""}]",,"{""standout_dishes"": [], ""vibe_and_service"": [""Warm, friendly, attentive staff and a lovely atmosphere"", ""Classic Little Italy feel in the middle of Arthur Ave, great for family outings and get-togethers with friends"", ""Servers are happy to suggest other spots worth exploring in the neighborhood""], ""wait_time_note"": null}"
r_a1beda,100.0,0.229473558277003,0.0,0.87,4.577082718525226,4.567890667296735,0.0,4.577082718525226,21 Greenpoint,Greenpoint,American,NYC,ChIJp4jIhmpZwokRabZfKVJPoBY,"21 Greenpoint Ave, Brooklyn, NY 11222",4.4,349.0,https://komriwzkkknrsirifgqg.supabase.co/storage/v1/object/public/restaurant-photos/r_a1beda.jpg,https://www.google.com/maps/search/?api=1&query=21%20Greenpoint&query_place_id=ChIJp4jIhmpZwokRabZfKVJPoBY,35.0,40.7298071,-73.9599282,3.81,0.7277936962750716,10.0,0.0343839541547277,0.6934097421203438,349.0,273.0,0.0,1.0,11222.0,0.76,0.2368421052631578,0.0263157894736842,0.4210526315789473,0.0526315789473684,9.0,254.3421052631579,0.537872472271586,(718) 383-8833,http://www.21greenpoint.com/,"[{""day"": ""Monday"", ""hours"": ""Closed""}, {""day"": ""Tuesday"", ""hours"": ""Closed""}, {""day"": ""Wednesday"", ""hours"": ""5 to 10\u202fPM""}, {""day"": ""Thursday"", ""hours"": ""5 to 10\u202fPM""}, {""day"": ""Friday"", ""hours"": ""5 to 10\u202fPM""}, {""day"": ""Saturday"", ""hours"": ""11\u202fAM to 10\u202fPM""}, {""day"": ""Sunday"", ""hours"": ""11\u202fAM to 9\u202fPM""}]","[""https://lh3.googleusercontent.com/gps-cs-s/AHVAweqfRhEiUzbM4_gT9gx_t_XRNKEbZtvoGmg7IuZSWQlBlDWXCqFTlUpUhGAMVPyIDgK3ZsRT5fEWsBv7oca41-aQDYumk4vNJ1yls7VJoIkbG57Ydu4b1O044_YhjIqWKq36xtA=w1920-h1080-k-no""]","[{""text"": ""Good food, love the Wednesday pizza night.  Great focaccia!"", ""rating"": 4, ""author"": ""Nadine Schrode"", ""published"": ""11 months ago""}, {""text"": ""Amazing and that\u2019s says a lot. Sunday 2pm we had brunch everything was \ud83d\udcaf"", ""rating"": 5, ""author"": ""Thiago Aquilles Sanunga"", ""published"": ""a year ago""}, {""text"": ""Excellent food, wonderful service and a fantastic location. Highly recommend!"", ""rating"": 5, ""author"": ""Siobhan Walsh-Johnson"", ""published"": ""a year ago""}]",,"{""standout_dishes"": [""Chicken parm"", ""Roasted chicken with mashed potatoes""], ""vibe_and_service"": [""Friendly, attentive staff who go out of their way for guests"", ""Warm, welcoming atmosphere that works well for brunch and large groups""], ""wait_time_note"": null}"
r_4eb33a,50.0,0.2154251219083084,0.02,0.88,4.235430491277387,4.215763163520325,0.0,4.235430491277387,Beso,Mid Island,Restaurant,NYC,ChIJB6g5NtNPwokRu53L55LVGEQ,"70 Bay St, Staten Island, NY 10301",4.5,1697.0,https://komriwzkkknrsirifgqg.supabase.co/storage/v1/object/public/restaurant-photos/r_4eb33a.jpg,https://www.google.com/maps/search/?api=1&query=Beso&query_place_id=ChIJB6g5NtNPwokRu53L55LVGEQ,,40.6402341,-74.0758332,15.16,0.7348261638185032,10.0,0.0318208603417796,0.7030053034767236,1697.0,1136.0,1.0,4.0,10301.0,0.66,0.1818181818181818,0.0303030303030303,0.5454545454545454,0.1212121212121212,6.0,338.4848484848485,0.5373408159156212,(718) 816-8162,http://www.besonyc.com/,"[{""day"": ""Monday"", ""hours"": ""11:30\u202fAM to 10\u202fPM""}, {""day"": ""Tuesday"", ""hours"": ""11:30\u202fAM to 10\u202fPM""}, {""day"": ""Wednesday"", ""hours"": ""11:30\u202fAM to 10\u202fPM""}, {""day"": ""Thursday"", ""hours"": ""11:30\u202fAM to 10\u202fPM""}, {""day"": ""Friday"", ""hours"": ""11:30\u202fAM to 11\u202fPM""}, {""day"": ""Saturday"", ""hours"": ""11:30\u202fAM to 11\u202fPM""}, {""day"": ""Sunday"", ""hours"": ""11:30\u202fAM to 9\u202fPM""}]","[""https://lh3.googleusercontent.com/gps-cs-s/AHVAweqF1NdfNZH0rufaoOdsbheu-_XWNQ8y5gVFDzgTia-ZdZEEs4WH8pv6ismcSt8_m3PS0pNiHlGOfEcxr_ZAlRARJe0_ktoXir-jtW3wVNFZuuyZo-wquXxgWDrz9GX48DQQdGPc=w1920-h1080-k-no""]","[{""text"": ""Food is delicious. The atmosphere was just right."", ""rating"": 5, ""author"": ""Renee Noel"", ""published"": ""2 months ago""}, {""text"": ""Always have a good experience with staff and atmosphere."", ""rating"": 5, ""author"": ""aubrey saunders"", ""published"": ""4 months ago""}, {""text"": ""A Gem of a place, great food, great cocktails and attentive service."", ""rating"": 5, ""author"": ""Andre Parnther"", ""published"": ""4 months ago""}]",,"{""standout_dishes"": [], ""vibe_and_service"": [""Relaxed, comfortable atmosphere where you can chat and enjoy your meal without feeling rushed, even when it's busy"", ""Friendly, attentive staff and a standout bartender mention (Britt), with reviewers also praising how accommodating they are for groups"", ""Reasonably priced with good portions, and a good fit for groups of all sizes as well as intimate dinners""], ""wait_time_note"": ""Reservations are a good idea, since a couple of reviewers got lucky walking in on weekdays, and one place was reported as overbooked and slow on Valentine's night.""}"
r_df49aa,50.0,0.2446705788269691,0.0,0.82,4.647737187111526,4.584536700312812,0.0,4.647737187111526,Zero Otto Nove Bronx,Belmont,Italian,NYC,ChIJ4aiyUYf0wokRl3irR6IrNfM,"2357 Arthur Ave, Bronx, NY 10458",4.5,1540.0,https://komriwzkkknrsirifgqg.supabase.co/storage/v1/object/public/restaurant-photos/r_df49aa.jpg,https://www.google.com/maps/search/?api=1&query=Zero%20Otto%20Nove%20Bronx&query_place_id=ChIJ4aiyUYf0wokRl3irR6IrNfM,25.0,40.8547726,-73.8884726,13.543,0.7357142857142858,10.0,0.0292207792207792,0.7064935064935065,1540.0,1656.0,1.0,2.0,10458.0,0.6,0.2666666666666666,0.0333333333333333,0.5,0.0,8.0,190.06666666666663,0.5368305006428938,(718) 220-1028,https://www.zeroottonove.com/locations/bronx,"[{""day"": ""Monday"", ""hours"": ""Closed""}, {""day"": ""Tuesday"", ""hours"": ""12 to 2:30\u202fPM, 4:30 to 10\u202fPM""}, {""day"": ""Wednesday"", ""hours"": ""12 to 2:30\u202fPM, 4:30 to 10\u202fPM""}, {""day"": ""Thursday"", ""hours"": ""12 to 2:30\u202fPM, 4:30 to 10\u202fPM""}, {""day"": ""Friday"", ""hours"": ""12 to 2:30\u202fPM, 4:30 to 11\u202fPM""}, {""day"": ""Saturday"", ""hours"": ""12 to 2:30\u202fPM, 4:30 to 11\u202fPM""}, {""day"": ""Sunday"", ""hours"": ""1 to 9\u202fPM""}]","[""https://lh3.googleusercontent.com/gps-cs-s/AHVAwerzsz0kxHf2fdWO9fJnp_03MJJjyJl-fohzYzU6l3-qpA-HdFPmUPjfYUbWy2nIl3gZBeRNh3GjTergIu6o5y5NPWhhzDTzlKqUASUybkWq9n95BMTbELPZhxW7ZQhinnqvJGFleT8IKgo=w1920-h1080-k-no""]","[{""text"": ""IS IN LITTLE ITALY, THE FOOD WAS GREAT. THE STAFF, VERY NICE \ud83d\udc4d\ud83d\udc4d."", ""rating"": 5, ""author"": ""Israel Rodriguez"", ""published"": ""an hour ago""}, {""text"": ""Food was great,  service was skeptical at best,  atmosphere was good"", ""rating"": 5, ""author"": ""Michael D Mercantini"", ""published"": ""3 days ago""}, {""text"": ""Love this place and their other restaurant in Manhattan 21st bet 5th & 6th"", ""rating"": 5, ""author"": ""r d"", ""published"": ""3 months ago""}]",Local Favorite,"{""standout_dishes"": [], ""vibe_and_service"": [""Cozy, intimate Little Italy feel that reviewers compare to a hidden speakeasy"", ""Service gets repeated praise as warm, efficient, and patient, including with elderly guests at a 95th birthday party"", ""One standout waiter who handles the floor, bar, and phones solo""], ""wait_time_note"": null}"
r_aa7b6e,50.0,0.1995454485472772,0.0,0.96,4.375561789563972,4.231191582218355,0.0,4.375561789563972,Hi-Collar,East Village,Japanese,NYC,ChIJZyJMS5xZwokR6LR59bMP6s8,"231 E 9th St, New York, NY 10003",4.4,1225.0,https://komriwzkkknrsirifgqg.supabase.co/storage/v1/object/public/restaurant-photos/r_aa7b6e.jpg,https://www.google.com/maps/search/?api=1&query=Hi-Collar&query_place_id=ChIJZyJMS5xZwokR6LR59bMP6s8,25.0,40.7295831,-73.9878324,3.161,0.7175510204081633,10.0,0.0522448979591836,0.6653061224489796,1225.0,2855.0,1.0,3.0,10003.0,0.68,0.2058823529411764,0.0588235294117647,0.4411764705882353,0.0294117647058823,3.5,260.0,0.5368165631826769,(212) 777-7018,http://www.hi-collar.com/,"[{""day"": ""Monday"", ""hours"": ""11:30\u202fAM to 3:30\u202fPM, 5:30 to 10\u202fPM""}, {""day"": ""Tuesday"", ""hours"": ""11:30\u202fAM to 3:30\u202fPM, 5:30 to 10\u202fPM""}, {""day"": ""Wednesday"", ""hours"": ""11:30\u202fAM to 3:30\u202fPM, 5:30 to 10\u202fPM""}, {""day"": ""Thursday"", ""hours"": ""11:30\u202fAM to 3:30\u202fPM, 5:30 to 10\u202fPM""}, {""day"": ""Friday"", ""hours"": ""11:30\u202fAM to 3:30\u202fPM, 5:30 to 11\u202fPM""}, {""day"": ""Saturday"", ""hours"": ""11:30\u202fAM to 3:30\u202fPM, 5:30 to 11\u202fPM""}, {""day"": ""Sunday"", ""hours"": ""11:30\u202fAM to 3:30\u202fPM, 5:30 to 11\u202fPM""}]","[""https://lh3.googleusercontent.com/gps-cs-s/AHVAwepWx99F-a5Y_P8MBpjYzeV4nh5C4iKCvYCB5Ehw8OFwregKPdc1vgUZOi_eBYHzX0GBr9xbQD32dNbdceB8x5-Kwvs86F_T-tDsFD0kmEYpdpwzsiK0fyOz4LbC_ay40JOlG-JRTg=w1920-h1080-k-no""]","[{""text"": ""I always wanted to try that Japanese egg, was delicious everything."", ""rating"": 5, ""author"": ""Verenise Nu\u00f1ez"", ""published"": ""a month ago""}, {""text"": ""Loved the omurice and seafood doria! Bonus points for having a bidet and heated toilet seat"", ""rating"": 5, ""author"": ""Mayumi Verse"", ""published"": ""a month ago""}, {""text"": ""Great spot to hit for omurice. Coffee is also great here too. Awesome vibes and a great place for solo dining."", ""rating"": 5, ""author"": ""Steven George (SJorge3442)"", ""published"": ""4 months ago""}]",,"{""standout_dishes"": [""Hayashi omurice with velvety egg"", ""Honey toast"", ""Siphon/hand-drip coffee""], ""vibe_and_service"": [""Warm, wood-accented decor blending modern and traditional Japanese style"", ""Friendly, welcoming service and owner/manager"", ""Live jazz on Sundays and good music, plus a good fit for solo dining""], ""wait_time_note"": null}"
r_8df3e2,50.0,0.2761455602118023,0.0,0.76,4.64572540869027,4.610185931032582,0.0,4.64572540869027,Canto West Village,West Village,Italian,NYC,ChIJlQeGjx9ZwokR__TUhlvg-Cg,"117 Perry St, New York, NY 10014",4.6,1483.0,https://komriwzkkknrsirifgqg.supabase.co/storage/v1/object/public/restaurant-photos/r_8df3e2.jpg,https://www.google.com/maps/search/?api=1&query=Canto%20West%20Village&query_place_id=ChIJlQeGjx9ZwokR__TUhlvg-Cg,75.0,40.7351451,-74.006589,3.106,0.8799730276466622,10.0,0.0498988536749831,0.830074173971679,1483.0,690.0,1.0,1.0,10014.0,0.94,0.0638297872340425,0.0425531914893617,0.4893617021276595,0.0,1.5,113.61702127659576,0.5364411329411461,(315) 257-5473,https://www.cantonyc.com/,"[{""day"": ""Monday"", ""hours"": ""4 to 11\u202fPM""}, {""day"": ""Tuesday"", ""hours"": ""4 to 11\u202fPM""}, {""day"": ""Wednesday"", ""hours"": ""4 to 11\u202fPM""}, {""day"": ""Thursday"", ""hours"": ""3\u202fPM to 12\u202fAM""}, {""day"": ""Friday"", ""hours"": ""12\u202fPM to 12\u202fAM""}, {""day"": ""Saturday"", ""hours"": ""11\u202fAM to 12\u202fAM""}, {""day"": ""Sunday"", ""hours"": ""11\u202fAM to 11\u202fPM""}]","[""https://lh3.googleusercontent.com/gps-cs-s/AHVAwepI7Iir_yr5wqVGf69c_zr8-hdNZmqMkXYWyBYl5QEpfYLxuhfH_EAe8htbYi6-EEF_HXbBcpHkpXPpeiEBta0729AxdiF39k29J7OPY7X-rPGWYmIt_km3KoGLstKZXcfnbPaNKNBrflo=w1920-h1080-k-no""]","[{""text"": ""Very good food and welcoming restaurant, Ana our waitress was great."", ""rating"": 5, ""author"": ""Maicon Lopes motta"", ""published"": ""3 weeks ago""}, {""text"": ""The food is quite good but the service is extremely slow and the space is very small and feels a bit claustrophobic."", ""rating"": 3, ""author"": ""Alon Juwal"", ""published"": ""a week ago""}, {""text"": ""The frozen espresso martini is so good! Our server was also so so sweet and we had a great time. Got the bruschetta which was delicious! Honestly would be great for date night."", ""rating"": 5, ""author"": ""Maham Ahmed"", ""published"": ""3 weeks ago""}]",Local Favorite,"{""standout_dishes"": [""Frozen espresso martini""], ""vibe_and_service"": [""Servers get named and praised again and again, especially Alexa, plus Teo, Ana, and Erick, who come across as warm and attentive"", ""Fun, welcoming vibe that works well for a date night or a celebration""], ""wait_time_note"": ""Reservations matter here: one group with a reservation still got moved to the bar, and another was told a Resy is required even to sit at the bar, so book ahead and confirm opening time (one reviewer found it opens later than Google says).""}"
r_56e878,50.0,0.201058527372522,0.02,0.88,4.457185433820008,4.58587391689733,0.1286884830773216,4.392841192281347,Tap That,Rockaway Park,Restaurant,NYC,ChIJM_Ox7klpwokRE7hyE7Sbo6w,"111-04 Rockaway Beach Blvd, Rockaway Park, NY 11694",4.7,192.0,https://komriwzkkknrsirifgqg.supabase.co/storage/v1/object/public/restaurant-photos/r_56e878.jpg,https://www.google.com/maps/search/?api=1&query=Tap%20That&query_place_id=ChIJM_Ox7klpwokRE7hyE7Sbo6w,25.0,40.5812315,-73.8331622,23.509,0.8541666666666666,10.0,0.0260416666666666,0.828125,192.0,201.0,0.0,4.0,11694.0,0.68,0.2352941176470588,0.0294117647058823,0.6176470588235294,0.088235294117647,8.0,251.73529411764707,0.5362567494783134,(929) 254-2222,http://tapthatrbny.com/,"[{""day"": ""Monday"", ""hours"": ""Closed""}, {""day"": ""Tuesday"", ""hours"": ""Closed""}, {""day"": ""Wednesday"", ""hours"": ""Closed""}, {""day"": ""Thursday"", ""hours"": ""4 to 10\u202fPM""}, {""day"": ""Friday"", ""hours"": ""4 to 11\u202fPM""}, {""day"": ""Saturday"", ""hours"": ""1 to 11\u202fPM""}, {""day"": ""Sunday"", ""hours"": ""1 to 8\u202fPM""}]","[""https://lh3.googleusercontent.com/gps-cs-s/AHVAweosvNinPB0f6lD4I2v5QHjSggphxIYS_T2Imw2BkONY7SkBULW-Y3L7CvH2P4OVsyXGjIubM7fZDYLtzkIr6xTlayys8zYwSc8vvH-HUo94gOgLyiyYB0ii1YIvHvC4SjQINXel_hEWmZ_Q=w1920-h1080-k-no""]","[{""text"": ""Tasty food, AMAZING service, and a wonderful back patio"", ""rating"": 5, ""author"": ""David"", ""published"": ""a year ago""}, {""text"": ""Food and drinks are delicious but definitely the most expensive on the peninsula."", ""rating"": 4, ""author"": ""Danielle Williams"", ""published"": ""a year ago""}, {""text"": ""Love this place! The pizza is amazing, everyone so friendly and great choice of ales!"", ""rating"": 5, ""author"": ""Jen Mitchell"", ""published"": ""5 months ago""}]",,"{""standout_dishes"": [""Grilled ahi burger"", ""Pizza"", ""Sweet potato fries""], ""vibe_and_service"": [""Self-pour beer taps are a fun, convenient touch and the beer selection gets lots of love"", ""Big outdoor space with a backyard patio, front patio live music, and dog-friendly seating"", ""Friendly, attentive staff and a relaxed, well-designed atmosphere""], ""wait_time_note"": null}"
r_9650af,50.0,0.2359446203528938,0.02,0.86,4.233314281757058,4.111184022298436,0.0,4.233314281757058,Okiboru House of Tsukemen,Lower East Side,Ramen,NYC,ChIJLeixHgZZwokRwv5jEjzFPW4,"117 Orchard St, New York, NY 10002",4.5,801.0,https://komriwzkkknrsirifgqg.supabase.co/storage/v1/object/public/restaurant-photos/r_9650af.jpg,https://www.google.com/maps/search/?api=1&query=Okiboru%20House%20of%20Tsukemen&query_place_id=ChIJLeixHgZZwokRwv5jEjzFPW4,25.0,40.7193873,-73.9897013,4.301,0.7765293383270911,10.0,0.0362047440699126,0.7403245942571786,801.0,1088.0,1.0,1.0,10002.0,0.68,0.1176470588235294,0.1764705882352941,0.3529411764705882,0.2058823529411764,0.6666666666666666,300.11764705882354,0.5358090824250191,(917) 965-2223,https://okiboru.com/new-york,"[{""day"": ""Monday"", ""hours"": ""Closed""}, {""day"": ""Tuesday"", ""hours"": ""12 to 3\u202fPM, 5 to 9\u202fPM""}, {""day"": ""Wednesday"", ""hours"": ""12 to 3\u202fPM, 5 to 9\u202fPM""}, {""day"": ""Thursday"", ""hours"": ""12 to 3\u202fPM, 5 to 9\u202fPM""}, {""day"": ""Friday"", ""hours"": ""12 to 3\u202fPM, 5 to 9\u202fPM""}, {""day"": ""Saturday"", ""hours"": ""12 to 9\u202fPM""}, {""day"": ""Sunday"", ""hours"": ""12 to 8\u202fPM""}]","[""https://lh3.googleusercontent.com/gps-cs-s/AHVAweoah_QzqIAnp7fIf6fy4hKbaNkSKUsAruCa_pi47hatlKQC_JT4tx0ED6isNmoIloxBjE3URQbRzrR7jKnu1YjHsW5QARpyTnrwffI3i0RH2SnUKz2-3vep8EPLPUQGzdFScck-=w1920-h1080-k-no""]","[{""text"": ""Yea, it\u2019s yummy. Came when it was freezing out so no line."", ""rating"": 5, ""author"": ""S S"", ""published"": ""2 months ago""}, {""text"": ""Such a cute place! Servers are so kind and the ramen was delicious."", ""rating"": 5, ""author"": ""Bethany Goodwin"", ""published"": ""3 months ago""}, {""text"": ""Omg so not worth it. $30 after tax and tip for two small slabs of meat. Such a bummer. Take a walk to tabe tomo instead.\nFeel like i paid for noodles n sauce"", ""rating"": 3, ""author"": ""Adam Shlomi"", ""published"": ""2 weeks ago""}]",,"{""standout_dishes"": [""Tsukemen (dipping ramen) with bonito dipping broth"", ""Chewy house-made noodles"", ""Pork bao buns appetizer""], ""vibe_and_service"": [""Small counter-only seating that feels a lot like ramen shops in Japan, best for parties of 1-2"", ""Friendly, polite servers, including a host who greets and guides you at the front""], ""wait_time_note"": ""The space is tiny, so there can be a line outside at lunch and dinner (one reviewer waited about 20 minutes on a weekend), but on a freezing-cold day another visitor was seated quickly with no line.""}"
r_4fe182,50.0,0.2690895654088693,0.0,0.8,4.736757170656297,4.549651932881441,0.0,4.736757170656297,MáLà Project 53rd St,Midtown East,Chinese,NYC,ChIJc4JAM8hZwokRMyWkNxrTDN8,"245 E 53rd St, New York, NY 10022",4.5,366.0,https://komriwzkkknrsirifgqg.supabase.co/storage/v1/object/public/restaurant-photos/r_4fe182.jpg,https://www.google.com/maps/search/?api=1&query=M%C3%A1L%C3%A0%20Project%2053rd%20St&query_place_id=ChIJc4JAM8hZwokRMyWkNxrTDN8,25.0,40.7571499,-73.9676483,1.52,0.7896174863387978,10.0,0.0601092896174863,0.7295081967213115,366.0,551.0,1.0,3.0,10022.0,0.94,0.1489361702127659,0.0212765957446808,0.5106382978723404,0.4468085106382978,7.0,261.7872340425532,0.5356974278953652,(212) 602-1005,http://malaproject.com/,"[{""day"": ""Monday"", ""hours"": ""11\u202fAM to 9\u202fPM""}, {""day"": ""Tuesday"", ""hours"": ""11\u202fAM to 9\u202fPM""}, {""day"": ""Wednesday"", ""hours"": ""11\u202fAM to 9\u202fPM""}, {""day"": ""Thursday"", ""hours"": ""11\u202fAM to 9\u202fPM""}, {""day"": ""Friday"", ""hours"": ""11\u202fAM to 9\u202fPM""}, {""day"": ""Saturday"", ""hours"": ""12 to 9\u202fPM""}, {""day"": ""Sunday"", ""hours"": ""12 to 9\u202fPM""}]","[""https://lh3.googleusercontent.com/gps-cs-s/AHVAwepwkE18RdBiAnywZI66UGB6sghCam1Fgcxf3yRBWWx_KIDnTPlTt-IgDTp7Hr29SRKVHTQlX4iDmMkCv4uMqUo7eYuUaay7K6Hy085gm5NAOCf2wCeusTkSjrFNnxkopVD7v04=w1920-h1080-k-no""]","[{""text"": ""Mala was oily yet lacked flavor. Needed more Chinese spices instead of salt and msg"", ""rating"": 3, ""author"": ""Chuq"", ""published"": ""a week ago""}, {""text"": ""The only problem with this place is that if you order there, you will wait at least 30 mins. The kitchen is moving slow =("", ""rating"": 2, ""author"": ""Albina Usmanova"", ""published"": ""a month ago""}, {""text"": ""love it here. happy hour is great for snacks and drinks. the food is tasty and spicy. cute place, relaxed service and great prices."", ""rating"": 5, ""author"": ""Vivian Rizo"", ""published"": ""2 months ago""}]",Local Favorite,"{""standout_dishes"": [""Dry pot with your choice of ingredients""], ""vibe_and_service"": [""Friendly, helpful servers who will guide you through building your dry pot (Sarah, Wyatt, and others get named shout-outs)"", ""Cute retro pink-tinged room that works for a date night or a group, with good happy hour deals and prices""], ""wait_time_note"": ""The kitchen can run slow, with a couple of reviews reporting 30 to 50 minute waits for food, and Friday and Saturday nights get busy, so book ahead and don't come if you're on a tight schedule.""}"
r_ac64c2,50.0,0.2416508941184544,0.0,0.82,4.667423169959188,4.710380733683012,0.0429575637238244,4.645944388097275,Chinese Tuxedo,Tribeca,Chinese,NYC,ChIJyW-u9iZawokRY1sHXGzZHGI,"5 Doyers St, New York, NY 10013",4.4,1276.0,https://komriwzkkknrsirifgqg.supabase.co/storage/v1/object/public/restaurant-photos/r_ac64c2.jpg,https://www.google.com/maps/search/?api=1&query=Chinese%20Tuxedo&query_place_id=ChIJyW-u9iZawokRY1sHXGzZHGI,75.0,40.7143302,-73.9980357,4.963,0.7351097178683386,10.0,0.0399686520376175,0.695141065830721,1276.0,2117.0,1.0,1.0,10013.0,0.58,0.1034482758620689,0.0,0.6206896551724138,0.0689655172413793,3.0,390.6551724137931,0.5356693126603131,(646) 355-8693,http://www.chinesetuxedo.com/,"[{""day"": ""Monday"", ""hours"": ""5 to 11\u202fPM""}, {""day"": ""Tuesday"", ""hours"": ""5 to 11\u202fPM""}, {""day"": ""Wednesday"", ""hours"": ""5 to 11\u202fPM""}, {""day"": ""Thursday"", ""hours"": ""5 to 11\u202fPM""}, {""day"": ""Friday"", ""hours"": ""5\u202fPM to 12\u202fAM""}, {""day"": ""Saturday"", ""hours"": ""5\u202fPM to 12\u202fAM""}, {""day"": ""Sunday"", ""hours"": ""5 to 11\u202fPM""}]","[""https://lh3.googleusercontent.com/gps-cs-s/AHVAwerddb3fZwlUs754HXmILT1reBAazSXToi55Mib74DZI8KLJm75hhwYabo8eksfT4cnJnWvaoTcKWpB4oWOJG9bKf-Y3ezl4xi1UgqPKbOvzK09ZnrLVW5hDoTBwgbbwub7bLIIq=w1920-h1080-k-no""]","[{""text"": ""Eli our server was great. I look forward to coming back."", ""rating"": 5, ""author"": ""GC Pen"", ""published"": ""4 days ago""}, {""text"": ""Excellent wine list. Stand-out dishes include the crispy branzino and butter crab noodles with XO sauce."", ""rating"": 5, ""author"": ""Suzanne Schmitt"", ""published"": ""3 weeks ago""}, {""text"": ""Absolutely delicious! All the vegetarian dishes I had were very tasty and authentic. Would keep coming back!!"", ""rating"": 5, ""author"": ""Snaha Krishna"", ""published"": ""3 weeks ago""}]",Local Favorite,"{""standout_dishes"": [""Dan Dan noodles"", ""Johnny's fried rice"", ""Cocktails inspired by the restaurant's history""], ""vibe_and_service"": [""Gorgeous, dimly lit space in the former Chinese Opera House with great music and a lively, good-vibes feel"", ""Friendly, attentive service with standout staff mentions like Bella, Eli, and Karina going above and beyond"", ""Great for date nights, group outings, and special-occasion celebrations""], ""wait_time_note"": ""Several groups got in without a reservation (even a party of 7), but it gets packed and busy as the evening goes on, so book ahead if you can.""}"
r_fc1bc5,50.0,0.1806279516352386,0.0,0.58,4.692344526773792,4.7134984001767695,0.0211538734029774,4.681767590072303,Manor Delicatessen,Woodhaven,Deli,NYC,ChIJ9yam-PxdwokRr1MZwwXccxM,"94-12 Jamaica Ave, Woodhaven, NY 11421",4.6,178.0,https://komriwzkkknrsirifgqg.supabase.co/storage/v1/object/public/restaurant-photos/r_fc1bc5.jpg,https://www.google.com/maps/search/?api=1&query=Manor%20Delicatessen&query_place_id=ChIJ9yam-PxdwokRr1MZwwXccxM,15.0,40.693953,-73.8508017,13.477,0.8146067415730337,10.0,0.0224719101123595,0.7921348314606742,178.0,95.0,0.0,1.0,11421.0,0.9,0.4222222222222222,0.0666666666666666,0.3777777777777777,0.0666666666666666,6.333333333333333,242.13333333333333,0.5345861541759,(718) 849-2836,https://www.manordeli.com/order,"[{""day"": ""Monday"", ""hours"": ""Closed""}, {""day"": ""Tuesday"", ""hours"": ""7\u202fAM to 5\u202fPM""}, {""day"": ""Wednesday"", ""hours"": ""7\u202fAM to 5\u202fPM""}, {""day"": ""Thursday"", ""hours"": ""7\u202fAM to 5\u202fPM""}, {""day"": ""Friday"", ""hours"": ""7\u202fAM to 5\u202fPM""}, {""day"": ""Saturday"", ""hours"": ""8\u202fAM to 5\u202fPM""}, {""day"": ""Sunday"", ""hours"": ""Closed""}]","[""https://lh3.googleusercontent.com/gps-cs-s/AHVAweqXy2UrgE3fjxdWLEGcq6Ut7CIil0tJMizDUNRJdk-XtVy3cwbtIcIWTnqjtK9cBIJosBxr4kkgVlse4EHJMfze_xKDZb1cQgc3LVrkfsFoJ1VQEIdRNaVnpvN599IM7E6UvLZ8gTVftiVV=w1920-h1080-k-no""]","[{""text"": ""That's the place to go , it's the best ."", ""rating"": 5, ""author"": ""Miriam Cedeno"", ""published"": ""Edited 2 years ago""}, {""text"": ""Food was good and the place is very neat and well kept"", ""rating"": 4, ""author"": ""Eduardo Aponte"", ""published"": ""a year ago""}, {""text"": ""Rueben was alright, quite greasy, corned beef was decent"", ""rating"": 3, ""author"": ""Anaan Ramay"", ""published"": ""a year ago""}]",Local Favorite,"{""standout_dishes"": [""Pastrami on rye"", ""Reuben on rye with corned beef"", ""Corned beef sandwich""], ""vibe_and_service"": [""Spotless, well-organized, and well-stocked inside, with a classic old-time deli feel"", ""Friendly, easygoing staff and consistently good service"", ""Fair prices for the portions and quality""], ""wait_time_note"": null}"
r_4fe0c8,50.0,0.2088270586155807,0.0,0.9,4.604357262440693,4.5988499173170485,0.0,4.604357262440693,Nowon Bushwick,Bushwick,Korean,NYC,ChIJCzyNLENbwokR-lXh5FtzU70,"436 Jefferson St, Brooklyn, NY 11237",4.5,447.0,https://komriwzkkknrsirifgqg.supabase.co/storage/v1/object/public/restaurant-photos/r_4fe0c8.jpg,https://www.google.com/maps/search/?api=1&query=Nowon%20Bushwick&query_place_id=ChIJCzyNLENbwokR-lXh5FtzU70,,40.7074089,-73.9228973,7.736,0.7539149888143176,10.0,0.0246085011185682,0.7293064876957495,447.0,1000.0,1.0,1.0,11237.0,0.78,0.1538461538461538,0.0769230769230769,0.6410256410256411,0.1794871794871795,2.0,368.28205128205127,0.5343468636833795,(718) 971-9636,https://www.nowonusa.com/,"[{""day"": ""Monday"", ""hours"": ""5 to 11\u202fPM""}, {""day"": ""Tuesday"", ""hours"": ""5 to 11\u202fPM""}, {""day"": ""Wednesday"", ""hours"": ""5 to 11\u202fPM""}, {""day"": ""Thursday"", ""hours"": ""5 to 11\u202fPM""}, {""day"": ""Friday"", ""hours"": ""5\u202fPM to 12:30\u202fAM""}, {""day"": ""Saturday"", ""hours"": ""12\u202fPM to 12:30\u202fAM""}, {""day"": ""Sunday"", ""hours"": ""12 to 11\u202fPM""}]","[""https://lh3.googleusercontent.com/gps-cs-s/AHVAweq7DrX3zisKG3JfwGydOdhRYg1BdX3pqO9-p6KtXHeeu1zRLdSc0L3N5s2TIOqCPmOGLtgFzrIPMstNUxfMH2owspbSz9b9-iw_AGqBdOLhpZVPlZc957VmIYB8dqTzP1LYaC_VuQ=w1920-h1080-k-no""]","[{""text"": ""Awesome vibe. Awesome food. Have been back and will be back again."", ""rating"": 5, ""author"": ""mike ugenyi"", ""published"": ""2 months ago""}, {""text"": ""Very cool interior and fantastic food. Legendary burger is aptly named."", ""rating"": 5, ""author"": ""Zander"", ""published"": ""4 months ago""}, {""text"": ""The pizza is lutterally the bedt you cant go wrong with what you get here."", ""rating"": 5, ""author"": ""Ariel Lee (Ciao4Now)"", ""published"": ""3 months ago""}]",Local Favorite,"{""standout_dishes"": [""Legendary burger"", ""Chopped cheese rice cakes"", ""Whipped ricotta toast"", ""Black sesame cr\u00e8me br\u00fbl\u00e9e""], ""vibe_and_service"": [""Fun, hip, energetic atmosphere with an open kitchen and music videos on the walls (though it's loud enough that talking is hard)"", ""Friendly, attentive service"", ""Reasonable prices, especially the Mixtape deal and daily happy hour""], ""wait_time_note"": null}"
r_ec30df,50.0,0.2028305638436258,0.0,0.94,4.8215740473028745,4.71924442501305,0.0,4.8215740473028745,Shanghai 21,Tribeca,Chinese,NYC,ChIJTVG07iZawokRq9rPs7ib8bY,"21 Mott St, New York, NY 10013",4.5,3426.0,https://komriwzkkknrsirifgqg.supabase.co/storage/v1/object/public/restaurant-photos/r_ec30df.jpg,https://www.google.com/maps/search/?api=1&query=Shanghai%2021&query_place_id=ChIJTVG07iZawokRq9rPs7ib8bY,15.0,40.7144148,-73.9989026,4.97,0.7081144191476941,10.0,0.0376532399299474,0.6704611792177466,3426.0,5308.0,1.0,3.0,10013.0,0.82,0.3170731707317073,0.0,0.4146341463414634,0.1463414634146341,13.0,240.0731707317073,0.533943802008746,(212) 766-6311,https://shanghai21nyc.com/,"[{""day"": ""Monday"", ""hours"": ""11\u202fAM to 8:30\u202fPM""}, {""day"": ""Tuesday"", ""hours"": ""11\u202fAM to 8:30\u202fPM""}, {""day"": ""Wednesday"", ""hours"": ""11\u202fAM to 8:30\u202fPM""}, {""day"": ""Thursday"", ""hours"": ""11\u202fAM to 8:30\u202fPM""}, {""day"": ""Friday"", ""hours"": ""11\u202fAM to 8:30\u202fPM""}, {""day"": ""Saturday"", ""hours"": ""11\u202fAM to 8:30\u202fPM""}, {""day"": ""Sunday"", ""hours"": ""11\u202fAM to 8:30\u202fPM""}]","[""https://lh3.googleusercontent.com/gps-cs-s/AHVAweoxkN5ZYirn6WuLQq7_8y4huXcf1t3lyBcSIo8z5A3siwL-gzIphZmvrqDBC89ZMgr6ZASeN5Ty-vbuZNv4pRgreXog8h0mai1iM8QUwokawoNOHQCTIsq9N0XbmhpYtSmaD_NAzA=w1920-h1080-k-no""]","[{""text"": ""Best wontons ever. I\u2019ve had lots of wontons"", ""rating"": 5, ""author"": ""Angie"", ""published"": ""a month ago""}, {""text"": ""Excellent soup dumplings, wonton noodle soup was plenty for 2 people."", ""rating"": 5, ""author"": ""Karen Goodman"", ""published"": ""2 days ago""}, {""text"": ""great authentic food and a nice atmosphere. The hot tea (oolong or green tea i believe) was nice on a cold day."", ""rating"": 5, ""author"": ""Joshua Mimun"", ""published"": ""5 days ago""}]",Universally Loved,"{""standout_dishes"": [""Soup dumplings and wontons"", ""Scallion pancakes"", ""General Tso's / Gong Bao chicken"", ""Crispy beef and crunchy noodles""], ""vibe_and_service"": [""Friendly, efficient staff who help you pick dishes"", ""Great value for Manhattan, with big portions"", ""Lively, authentic Chinatown energy in a small, crowded space""], ""wait_time_note"": ""It's busy and a wait of about 15-20 minutes is common at peak times, but reviewers say it's worth it; put your name in at the door, and bring cash.""}"
r_ae3190,50.0,0.1949619414851936,0.0,0.92,4.308766374321936,4.397251166965753,0.0884847926438174,4.264523978000026,Nowon East Village,East Village,Korean,NYC,ChIJjReAQKxZwokRnnraeb2WJ18,"507 E 6th St, New York, NY 10009",4.5,771.0,https://komriwzkkknrsirifgqg.supabase.co/storage/v1/object/public/restaurant-photos/r_ae3190.jpg,https://www.google.com/maps/search/?api=1&query=Nowon%20East%20Village&query_place_id=ChIJjReAQKxZwokRnnraeb2WJ18,,40.7253574,-73.9833014,3.628,0.7587548638132295,10.0,0.040207522697795,0.7185473411154345,771.0,1436.0,1.0,1.0,10009.0,0.74,0.027027027027027,0.1621621621621621,0.4324324324324324,0.3243243243243243,0.1666666666666666,323.1081081081081,0.5333068483045036,(646) 692-3867,https://www.nowonusa.com/,"[{""day"": ""Monday"", ""hours"": ""4 to 11\u202fPM""}, {""day"": ""Tuesday"", ""hours"": ""4 to 11\u202fPM""}, {""day"": ""Wednesday"", ""hours"": ""4 to 11\u202fPM""}, {""day"": ""Thursday"", ""hours"": ""4 to 11\u202fPM""}, {""day"": ""Friday"", ""hours"": ""4\u202fPM to 12\u202fAM""}, {""day"": ""Saturday"", ""hours"": ""11\u202fAM to 12\u202fAM""}, {""day"": ""Sunday"", ""hours"": ""11\u202fAM to 11\u202fPM""}]","[""https://lh3.googleusercontent.com/gps-cs-s/AHVAwerog0CZP9K58DOJg4MEikkiZTrN55Ebr5AAIBOUDHa_xI9B6YXyAADkGk0wqCu14TM_KYFzTN7KilCVnQeZmkVXmuxekfkQZNpaDraJ0I-6XP1iZYNMeQH-yaAV8wDqDR67aGqnYCpgpg2I=w1920-h1080-k-no""]","[{""text"": ""Best burger in the city, don\u2019t think go here ASAP"", ""rating"": 5, ""author"": ""David London"", ""published"": ""2 months ago""}, {""text"": ""The cheeseburger was delicious, the staff was super friendly and attentive."", ""rating"": 5, ""author"": ""Daniel Miller"", ""published"": ""6 days ago""}, {""text"": ""Delicious food (especially the chopped cheese rice cakes!!!). Waitress was super friendly, hostess less so."", ""rating"": 5, ""author"": ""Rebecca B."", ""published"": ""3 weeks ago""}]",,"{""standout_dishes"": [""Chopped cheese rice cakes"", ""Legendary cheeseburger"", ""Garlic honey butter tater tots"", ""Bacon & kimchi fried rice""], ""vibe_and_service"": [""Loud, energetic, red-lit disco-style room that feels very NYC and works for a night out with friends or a fun date"", ""Friendly, attentive staff who are quick and accommodating (including with allergies)""], ""wait_time_note"": ""The dining room is small and tight, so a couple of reviewers say to reserve in advance.""}"
r_10025a,50.0,0.1903265764434787,0.0,0.96,3.990231700744765,4.22460804771892,0.2343763469741553,3.8730435272576873,Fedoroff's Roast Pork,Williamsburg,Steakhouse,NYC,ChIJ6-oZ9lxZwokRg3G1HhqhVhM,"178 N 10th St, Brooklyn, NY 11211",4.5,1271.0,https://komriwzkkknrsirifgqg.supabase.co/storage/v1/object/public/restaurant-photos/r_10025a.jpg,https://www.google.com/maps/search/?api=1&query=Fedoroff's%20Roast%20Pork&query_place_id=ChIJ6-oZ9lxZwokRg3G1HhqhVhM,15.0,40.7189427,-73.9554071,5.034,0.7789142407553108,10.0,0.044846577498033,0.7340676632572777,1271.0,956.0,1.0,3.0,11211.0,0.6,0.3666666666666666,0.1666666666666666,0.2333333333333333,0.0333333333333333,2.2,319.1333333333333,0.533122586247738,(347) 384-2222,http://fedoroffsroastpork.com/,"[{""day"": ""Monday"", ""hours"": ""10\u202fAM to 10\u202fPM""}, {""day"": ""Tuesday"", ""hours"": ""10\u202fAM to 10\u202fPM""}, {""day"": ""Wednesday"", ""hours"": ""10\u202fAM to 10\u202fPM""}, {""day"": ""Thursday"", ""hours"": ""10\u202fAM to 10\u202fPM""}, {""day"": ""Friday"", ""hours"": ""10\u202fAM to 10\u202fPM""}, {""day"": ""Saturday"", ""hours"": ""10\u202fAM to 10\u202fPM""}, {""day"": ""Sunday"", ""hours"": ""10\u202fAM to 10\u202fPM""}]","[""https://lh3.googleusercontent.com/gps-cs-s/AHVAwepxCXhin9POiqRhoxVMV0RQkDypBzqWy8QR5RvLIVS3Ba2XOGyiU3h-qOpoFmrZ4HJKhznPTVDizXZWRsT7mfeF3ms9xmrPgvoXeip9LD3UQ1BDNztSqNmez1CEvQMhV2Safo5X=w1920-h1080-k-no""]","[{""text"": ""Samwich was great, enough to feed 2 people"", ""rating"": 4, ""author"": ""Kevin Libutsi"", ""published"": ""2 months ago""}, {""text"": ""excellent sandwiches, full of meat and cheese!"", ""rating"": 5, ""author"": ""Freddie Rudovic"", ""published"": ""2 months ago""}, {""text"": ""Truly the best Philly steak I\u2019ve had in my life"", ""rating"": 5, ""author"": ""Mark Khosravi"", ""published"": ""a month ago""}]",,"{""standout_dishes"": [""Philly cheesesteak stuffed with steak and cheese"", ""Roast pork sandwich with broccoli rabe and provolone""], ""vibe_and_service"": [""Clean, old-school shop with a comfy, peaceful feel"", ""Friendly service and orders come out quick"", ""Hefty, meat-packed sandwiches that can feed two""], ""wait_time_note"": null}"
r_dffff1,50.0,0.2171217641965471,0.0,0.86,4.123615201293614,4.170090881728191,0.0464756804345771,4.100377361076325,Son del North,Lower East Side,Mexican,NYC,ChIJXcohm1dZwokR-w-Sv7cYZl8,"177 Orchard St, New York, NY 10002",4.3,495.0,https://komriwzkkknrsirifgqg.supabase.co/storage/v1/object/public/restaurant-photos/r_dffff1.jpg,https://www.google.com/maps/search/?api=1&query=Son%20del%20North&query_place_id=ChIJXcohm1dZwokR-w-Sv7cYZl8,,40.7218098,-73.9885376,4.025,0.793939393939394,8.585365853658537,0.0828282828282828,0.7111111111111111,495.0,290.0,1.0,5.0,10002.0,0.7,0.2571428571428571,0.0857142857142857,0.1428571428571428,0.0571428571428571,3.0,244.9142857142857,0.5331221510099272,(718) 521-2447,https://sondelnorth.com/sondelnorth?utm_source=google,"[{""day"": ""Monday"", ""hours"": ""11\u202fAM to 10\u202fPM""}, {""day"": ""Tuesday"", ""hours"": ""11\u202fAM to 10\u202fPM""}, {""day"": ""Wednesday"", ""hours"": ""11\u202fAM to 10\u202fPM""}, {""day"": ""Thursday"", ""hours"": ""11\u202fAM to 12\u202fAM""}, {""day"": ""Friday"", ""hours"": ""11\u202fAM to 12\u202fAM""}, {""day"": ""Saturday"", ""hours"": ""11\u202fAM to 12\u202fAM""}, {""day"": ""Sunday"", ""hours"": ""11\u202fAM to 7\u202fPM""}]","[""https://lh3.googleusercontent.com/gps-cs-s/AHVAweqE0OT_X-ejql0LUX6wMf2_ablWo0UWkvQbbFoj4Sqwil6WkQCMfycCXC2ChfiRZWNh830QjN7ZkhwBNiNhyJm3RgPtITBfDZjRYQxdkFmnE8kVUKaaxWV5cs5HK6_Giv4otuybuDcP73Ie=w1920-h1080-k-no""]","[{""text"": ""No rice even as an option is hella annoying \ud83d\ude02 but it\u2019s decent"", ""rating"": 2, ""author"": ""GoodLyfeLA Food Review"", ""published"": ""2 months ago""}, {""text"": ""The carne asada is definitely not over hyped. It was one of the best I\u2019ve had in the city."", ""rating"": 5, ""author"": ""Jordan Jennings"", ""published"": ""3 weeks ago""}, {""text"": ""Quick and fresh. Great size burrito. Only complaint is it should come with more sauce. A lot more."", ""rating"": 5, ""author"": ""Sachi Tejani"", ""published"": ""2 weeks ago""}]",,"{""standout_dishes"": [""Bean and cheese burrito"", ""Carne asada burrito"", ""Green sauce"", ""Breakfast burrito with bacon""], ""vibe_and_service"": [""Friendly, helpful counter staff and a casual, welcoming space"", ""Great fresh tortillas made in-house, and it's a good grab-and-go spot (no indoor seating)""], ""wait_time_note"": null}"
r_16b077,50.0,0.1789997317672407,0.0,0.94,4.598361331187013,4.527275689141318,0.0,4.598361331187013,Twist,Sunset Park,Seafood,NYC,ChIJlbrIc1NbwokR0J9f3ZSsd9I,"4202 3rd Ave, Brooklyn, NY 11232",4.6,367.0,https://komriwzkkknrsirifgqg.supabase.co/storage/v1/object/public/restaurant-photos/r_16b077.jpg,https://www.google.com/maps/search/?api=1&query=Twist&query_place_id=ChIJlbrIc1NbwokR0J9f3ZSsd9I,40.0,40.6522977,-74.0103947,11.922,0.771117166212534,10.0,0.0299727520435967,0.7411444141689373,367.0,493.0,1.0,1.0,11232.0,0.8,0.375,0.025,0.375,0.15,15.0,167.0,0.5314372873455002,(646) 838-4938,https://twistrestaurantbrooklyn.com/,"[{""day"": ""Monday"", ""hours"": ""11:30\u202fAM to 10\u202fPM""}, {""day"": ""Tuesday"", ""hours"": ""Closed""}, {""day"": ""Wednesday"", ""hours"": ""11:30\u202fAM to 10\u202fPM""}, {""day"": ""Thursday"", ""hours"": ""11:30\u202fAM to 10\u202fPM""}, {""day"": ""Friday"", ""hours"": ""11:30\u202fAM to 11\u202fPM""}, {""day"": ""Saturday"", ""hours"": ""11:30\u202fAM to 11\u202fPM""}, {""day"": ""Sunday"", ""hours"": ""11:30\u202fAM to 10\u202fPM""}]","[""https://lh3.googleusercontent.com/gps-cs-s/AHVAweoN7B9k5zjWSuUL5x-v-lejdfp4bjr-zV52Q3BIR1GZlGBUuosvDK6SNMb3cwpCXapq7-BGnkuyYSYqFDCh_CP6y7wEvasmv59gt2-ej50DxgaDfASPz4OpelmmPK-lZ1XAcRUx=w1920-h1080-k-no""]","[{""text"": ""Very quality food and service for the prices."", ""rating"": 4, ""author"": ""shawncrob"", ""published"": ""3 months ago""}, {""text"": ""So wonderful sea food restaurant and tasty \ud83d\ude0b so amazing \ud83d\udc4d"", ""rating"": 4, ""author"": ""Q C"", ""published"": ""a year ago""}, {""text"": ""I got food poisoning from the grilled oysters I ordered on door dash."", ""rating"": 1, ""author"": ""Olivia Bethea"", ""published"": ""a year ago""}]",,"{""standout_dishes"": [], ""vibe_and_service"": [""Friendly, attentive staff mentioned in several reviews, including one calling the service amazing"", ""Prices and portion sizes feel like good value for the quality"", ""Restaurant is cute and clean, and they hand out plastic gloves and bibs for the seafood boils""], ""wait_time_note"": null}"
r_345d97,22.0,0.175165868389741,0.0,0.9090909090909092,4.377213665574485,4.911828002818831,0.5346143372443466,4.109906496952311,Handmade Dumpling,Flushing,Restaurant,NYC,ChIJc3fA7hpgwokRtwcnCKd5-TU,"35-46 Union St, Flushing, NY 11354",4.8,22.0,https://komriwzkkknrsirifgqg.supabase.co/storage/v1/object/public/restaurant-photos/r_345d97.jpg,https://www.google.com/maps/search/?api=1&query=Handmade%20Dumpling&query_place_id=ChIJc3fA7hpgwokRtwcnCKd5-TU,15.0,40.7642581,-73.8282469,13.385,1.0,10.0,0.0454545454545454,0.9545454545454546,22.0,42.0,1.0,1.0,11354.0,0.8181818181818182,0.5555555555555556,0.0,0.3888888888888889,0.0,10.0,229.22222222222223,0.5309001895911698,,,"[{""day"": ""Monday"", ""hours"": ""9\u202fAM to 9\u202fPM""}, {""day"": ""Tuesday"", ""hours"": ""9\u202fAM to 9\u202fPM""}, {""day"": ""Wednesday"", ""hours"": ""9\u202fAM to 9\u202fPM""}, {""day"": ""Thursday"", ""hours"": ""9\u202fAM to 9\u202fPM""}, {""day"": ""Friday"", ""hours"": ""9\u202fAM to 9\u202fPM""}, {""day"": ""Saturday"", ""hours"": ""9\u202fAM to 9\u202fPM""}, {""day"": ""Sunday"", ""hours"": ""10\u202fAM to 8\u202fPM""}]","[""http://t0.gstatic.com/images?q=tbn:ANd9GcRJqqv1FalFr536dudPn3zVWxBBDepsZpfP2Vv1ySyQZRoJ__F9""]","[{""text"": ""Super friendly people and very good dumplings! Small area for 2 people to dine in."", ""rating"": 5, ""author"": ""Tom Bellisario"", ""published"": ""2 months ago""}, {""text"": ""10 out of 10. Ladies were so kind but working at the same time. Literally handmade dumplings \ud83d\ude0b \ud83d\ude0d"", ""rating"": 5, ""author"": ""Nancy CT"", ""published"": ""5 months ago""}, {""text"": ""I love to buy the frozen dumplings here! Pork + Cabbage / Pork Chive is my default. It's like 25 for 50! The staff is super nice."", ""rating"": 5, ""author"": ""John Hui"", ""published"": ""2 months ago""}]",,"{""standout_dishes"": [""Boiled pork and cabbage dumplings"", ""Boiled pork and chive dumplings"", ""Frozen handmade dumplings to take home""], ""vibe_and_service"": [""Tiny takeout spot with a few stools where you watch the ladies hand-make dumplings, like eating in someone's kitchen"", ""Warm, friendly staff who clearly care about what they make"", ""Good value, especially the frozen dumplings (about $25 for 50)""], ""wait_time_note"": null}"
r_c86045,50.0,0.2395269963238857,0.0,0.82,4.9863620104756405,4.9779961507477,0.0,4.9863620104756405,Arberia,Mapleton,Cafe,NYC,ChIJNfnVkOdFwokR_t07IX7mT5Q,"2325 65th St, Brooklyn, NY 11204",4.9,228.0,https://komriwzkkknrsirifgqg.supabase.co/storage/v1/object/public/restaurant-photos/r_c86045.jpg,https://www.google.com/maps/search/?api=1&query=Arberia&query_place_id=ChIJNfnVkOdFwokR_t07IX7mT5Q,15.0,40.6123227,-73.9782509,16.182,0.9473684210526316,10.0,0.0131578947368421,0.9342105263157896,228.0,239.0,1.0,3.0,11204.0,0.6,0.1666666666666666,0.0,0.6333333333333333,0.0333333333333333,5.0,147.03333333333333,0.5304183793468726,(718) 676-4408,https://arberiagrill.com/,"[{""day"": ""Monday"", ""hours"": ""9\u202fAM to 5\u202fPM""}, {""day"": ""Tuesday"", ""hours"": ""9\u202fAM to 8:30\u202fPM""}, {""day"": ""Wednesday"", ""hours"": ""9\u202fAM to 8:30\u202fPM""}, {""day"": ""Thursday"", ""hours"": ""9\u202fAM to 8:30\u202fPM""}, {""day"": ""Friday"", ""hours"": ""9\u202fAM to 8:30\u202fPM""}, {""day"": ""Saturday"", ""hours"": ""9\u202fAM to 8:30\u202fPM""}, {""day"": ""Sunday"", ""hours"": ""9\u202fAM to 7:30\u202fPM""}]","[""https://lh3.googleusercontent.com/gps-cs-s/AHVAweq_gs7TrggLUqg_LqV8Rjk1zrSkA4UEyU-5NgfUru9C71T8VE-SbA2a4DHecqWjCt_fGZa5G26FgTZIDAweCX3uHK-9v4qhKbIG9XlYTASPVNThR69dA_UlJhxEifrD5f-sdgBxQRRymEM=w1920-h1080-k-no""]","[{""text"": ""Very good kebap and Fantastic service guy"", ""rating"": 5, ""author"": ""Elez Duka"", ""published"": ""6 months ago""}, {""text"": ""Good espresso. Delicious bureks (spinach, meat, cheese). Balkan vibes"", ""rating"": 4, ""author"": ""Evgeny"", ""published"": ""5 months ago""}, {""text"": ""Great food, great coffee, very hospitable owners and staff, great prices."", ""rating"": 5, ""author"": ""Rayan Beydoun"", ""published"": ""4 months ago""}]",Hidden Gem,"{""standout_dishes"": [""Burek (spinach, meat, cheese)"", ""Qebapi sandwich with ajvar"", ""Espresso and ice latte""], ""vibe_and_service"": [""Warm, welcoming owners and staff who go out of their way, even accommodating a gluten allergy"", ""Good prices and generous portions with consistent quality over the years"", ""Cozy, clean family-run spot with Balkan vibes and food that tastes like home""], ""wait_time_note"": null}"
r_22ee74,39.0,0.1844573797778857,0.0,0.9230769230769232,4.749466848221276,4.7422604748377095,0.0,4.749466848221276,Simple Noodle见面,Douglaston,Restaurant,NYC,ChIJ3c0GIxSJwokRbUWEhgHcwTE,"44-25 Douglaston Pkwy, Douglaston, NY 11363",4.7,39.0,https://komriwzkkknrsirifgqg.supabase.co/storage/v1/object/public/restaurant-photos/r_22ee74.jpg,https://www.google.com/maps/search/?api=1&query=Simple%20Noodle%E8%A7%81%E9%9D%A2&query_place_id=ChIJ3c0GIxSJwokRbUWEhgHcwTE,15.0,40.7659181,-73.7446219,20.493,0.8974358974358975,10.0,0.0256410256410256,0.8717948717948718,39.0,305.0,1.0,1.0,11363.0,0.7948717948717948,0.5483870967741935,0.064516129032258,0.4838709677419355,0.064516129032258,8.5,214.1290322580645,0.5295752031608183,(718) 229-1484,http://simplenoodle25.com/,"[{""day"": ""Monday"", ""hours"": ""11:30\u202fAM to 9:30\u202fPM""}, {""day"": ""Tuesday"", ""hours"": ""11:30\u202fAM to 9:30\u202fPM""}, {""day"": ""Wednesday"", ""hours"": ""11:30\u202fAM to 9:30\u202fPM""}, {""day"": ""Thursday"", ""hours"": ""11:30\u202fAM to 9:30\u202fPM""}, {""day"": ""Friday"", ""hours"": ""11:30\u202fAM to 9:30\u202fPM""}, {""day"": ""Saturday"", ""hours"": ""11:30\u202fAM to 9:30\u202fPM""}, {""day"": ""Sunday"", ""hours"": ""11:30\u202fAM to 9:30\u202fPM""}]","[""https://lh3.googleusercontent.com/gps-cs-s/AHVAweoXQptKMTM8sLpXGg_x6gsxCg0gGj9MdMWxqNLsb_uEWwsIoSgT4WyOO7BCYFuKMfUXOE9o8qL0fC-OWxw6ocAtpUyCFgr8iwZUx2rYFppl7eMSmxu877CWxYYB6fARuN8DQ1n_9N_FrKqG=w1920-h1080-k-no""]","[{""text"": ""Simple Noodle Pork Dumplings and soup dumplings are good with sauce on the side for dipping."", ""rating"": 5, ""author"": ""Elena Belias (PoetElenaB)"", ""published"": ""7 months ago""}, {""text"": ""Family Friendly with the best Noodles in town. Newly opened and surprisingly great noodles.  Will be coming back for more!"", ""rating"": 5, ""author"": ""Kin Poon"", ""published"": ""9 months ago""}, {""text"": ""I love the noodles and they also had such good things to eat. Some of the people were not giving us the things in time but the food was still good."", ""rating"": 5, ""author"": ""Ron"", ""published"": ""Edited 5 days ago""}]",Local Favorite,"{""standout_dishes"": [""Beef noodle soup"", ""Soup dumplings and pork dumplings""], ""vibe_and_service"": [""The owners and staff are friendly and welcoming, and happy to answer menu questions"", ""Calm, clean, family-owned spot with its own style, not a typical Chinese restaurant"", ""Reasonable prices with good service""], ""wait_time_note"": null}"
r_b7eda0,50.0,0.2241029080014341,0.0,0.88,4.410038173191477,4.397100667309582,0.0,4.410038173191477,New Chinatown Restaurant and Bar | Asian Fusion | Chinese and Thai Food,Upper East Side,Chinese,NYC,ChIJVQo6V6RYwokR44gJvaeMUgA,"1650 3rd Ave, New York, NY 10128",4.4,548.0,https://komriwzkkknrsirifgqg.supabase.co/storage/v1/object/public/restaurant-photos/r_b7eda0.jpg,https://www.google.com/maps/search/?api=1&query=New%20Chinatown%20Restaurant%20and%20Bar%20%7C%20Asian%20Fusion%20%7C%20Chinese%20and%20Thai%20Food&query_place_id=ChIJVQo6V6RYwokR44gJvaeMUgA,25.0,40.7828576,-73.9512593,4.01,0.7956204379562044,9.634146341463415,0.0748175182481751,0.7208029197080292,548.0,823.0,1.0,4.0,10128.0,0.86,0.3488372093023256,0.0,0.4651162790697674,0.2093023255813953,15.0,207.65116279069767,0.5274238033786424,(212) 520-8124,https://chinatown1650.com/,"[{""day"": ""Monday"", ""hours"": ""11\u202fAM to 10\u202fPM""}, {""day"": ""Tuesday"", ""hours"": ""11\u202fAM to 10\u202fPM""}, {""day"": ""Wednesday"", ""hours"": ""11\u202fAM to 10\u202fPM""}, {""day"": ""Thursday"", ""hours"": ""11\u202fAM to 10\u202fPM""}, {""day"": ""Friday"", ""hours"": ""11\u202fAM to 10:30\u202fPM""}, {""day"": ""Saturday"", ""hours"": ""11:30\u202fAM to 10:30\u202fPM""}, {""day"": ""Sunday"", ""hours"": ""11:30\u202fAM to 10\u202fPM""}]","[""https://lh3.googleusercontent.com/gps-cs-s/AHVAwerjtRF7joqlQQRFPCVTnuOLpDYVUy2WhrM7WEdgbewXxbyaIxjg80BznSJVSiQqRsTk6uQpzbjJmp2vtJTL-AufRy7-L2gxDUNcKLNw750g1BymEvQJHMMq3fXglEWzdQ4NJ-KSMw=w1920-h1080-k-no""]","[{""text"": ""Terrible food made me vomit and their hot and sour is way too sour."", ""rating"": 1, ""author"": ""KBorw"", ""published"": ""2 months ago""}, {""text"": ""Excellent food , atmosphere and value! My favorite Chinese restaurant in UES!"", ""rating"": 5, ""author"": ""Jeanine Hill"", ""published"": ""7 months ago""}, {""text"": ""So far, these are the best dumplings I\u2019ve ever eaten.\nThey are steamed with soup inside.\nAmazing."", ""rating"": 5, ""author"": ""Tamires \u00c9rvila"", ""published"": ""a month ago""}]",,"{""standout_dishes"": [""Steamed soup dumplings"", ""General Tso's chicken"", ""Wonton soup""], ""vibe_and_service"": [""Fast, quick service mentioned by several reviewers"", ""Colorful, clean, modern space with plants and a cozy, quiet feel"", ""Lunch specials (even on weekends) and generous portions give good value""], ""wait_time_note"": null}"
r_357e63,50.0,0.2025544864970903,0.0,0.86,4.775907855864026,4.781039421678472,0.0051315658144455,4.773342072956803,Pita Palace,Williamsburg,Middle Eastern,NYC,ChIJjyE7_FBZwokRdzVR4A2HSRA,"413 Graham Ave, Brooklyn, NY 11211",4.7,517.0,https://komriwzkkknrsirifgqg.supabase.co/storage/v1/object/public/restaurant-photos/r_357e63.jpg,https://www.google.com/maps/search/?api=1&query=Pita%20Palace&query_place_id=ChIJjyE7_FBZwokRdzVR4A2HSRA,15.0,40.7172335,-73.945102,5.68,0.9342359767891684,10.0,0.0425531914893617,0.8916827852998066,517.0,150.0,1.0,3.0,11211.0,0.74,0.5135135135135135,0.027027027027027,0.4324324324324324,0.081081081081081,19.0,216.2972972972973,0.5261978380065081,(718) 383-0550,,"[{""day"": ""Monday"", ""hours"": ""12 to 11:30\u202fPM""}, {""day"": ""Tuesday"", ""hours"": ""12 to 11:30\u202fPM""}, {""day"": ""Wednesday"", ""hours"": ""12 to 11:30\u202fPM""}, {""day"": ""Thursday"", ""hours"": ""12 to 11:30\u202fPM""}, {""day"": ""Friday"", ""hours"": ""12 to 11:30\u202fPM""}, {""day"": ""Saturday"", ""hours"": ""12 to 11:30\u202fPM""}, {""day"": ""Sunday"", ""hours"": ""12 to 11:30\u202fPM""}]","[""https://lh3.googleusercontent.com/gps-cs-s/AHVAweqWs3WMgqT4xFgmeB7PxoJEr4CXmTW-ip7p1gfmBoULsiQO6EVUy0QRJIxOkG2P3WH7YdDRSkfur5nIanXMEDUM5tAoCjd9UNC3aMHoIlSYbOxjKYPnAiveyVUtqmkQzBWcsBrL=w1920-h1080-k-no""]","[{""text"": ""Amazing flavor and quiet store to eat at"", ""rating"": 5, ""author"": ""Salim Amiri"", ""published"": ""3 weeks ago""}, {""text"": ""The best sandwich in Brooklyn I waited tragically long to try it"", ""rating"": 5, ""author"": ""Al"", ""published"": ""4 months ago""}, {""text"": ""Roger is so sweet food was delicious service incredible. Try the rice pudding!"", ""rating"": 5, ""author"": ""Nicolasa Dobe"", ""published"": ""2 months ago""}]",Local Favorite,"{""standout_dishes"": [""Falafel sandwich"", ""Chicken shawarma"", ""Kofta kebab sandwich"", ""Hummus""], ""vibe_and_service"": [""Friendly, welcoming owner and staff who make you feel at home"", ""Fresh, made-in-house food at affordable prices with generous portions"", ""Small, quiet, cozy spot with a few tables for dining in""], ""wait_time_note"": null}"
r_b5a4d6,50.0,0.19264906203586,0.0,0.94,4.252877626680573,4.410333780308121,0.1574561536275478,4.174149549866799,Casa Adela,East Village,Restaurant,NYC,ChIJ5xneO3FZwokRyyN-P0ch-Wo,"66 Loisaida Ave, New York, NY 10009",4.5,2241.0,https://komriwzkkknrsirifgqg.supabase.co/storage/v1/object/public/restaurant-photos/r_b5a4d6.jpg,https://www.google.com/maps/search/?api=1&query=Casa%20Adela&query_place_id=ChIJ5xneO3FZwokRyyN-P0ch-Wo,15.0,40.72261,-73.9796495,3.96,0.7960731816153503,10.0,0.0522088353413654,0.7438643462739848,2241.0,1566.0,1.0,3.0,10009.0,0.7,0.3142857142857143,0.0285714285714285,0.3714285714285714,0.0285714285714285,11.0,196.3142857142857,0.5257790480034229,(212) 473-1882,https://casa-adela.shop/,"[{""day"": ""Monday"", ""hours"": ""11\u202fAM to 9\u202fPM""}, {""day"": ""Tuesday"", ""hours"": ""11\u202fAM to 9\u202fPM""}, {""day"": ""Wednesday"", ""hours"": ""11\u202fAM to 9\u202fPM""}, {""day"": ""Thursday"", ""hours"": ""11\u202fAM to 9\u202fPM""}, {""day"": ""Friday"", ""hours"": ""11\u202fAM to 9\u202fPM""}, {""day"": ""Saturday"", ""hours"": ""11\u202fAM to 9\u202fPM""}, {""day"": ""Sunday"", ""hours"": ""11\u202fAM to 9\u202fPM""}]","[""https://lh3.googleusercontent.com/gps-cs-s/AHVAwerUCsJ89Hr1YIJR3uRAHb3-H-DZknlrjvt7ZIONDDFeYP5NWMTVnAGzpKHxmczE1T7lABgGuMI2IixAG6Cur-JddVh7WLfJBM4idMF8yL-rClBWNiiq44dKQJEUoOZTZmjgIfTvoQ=w1920-h1080-k-no""]","[{""text"": ""No food made the restaurant needs to look like they open"", ""rating"": 1, ""author"": ""Ashley Maldonado"", ""published"": ""Edited 3 days ago""}, {""text"": ""They close whenever they feel like it. Keep that in mind before you make the trip."", ""rating"": 1, ""author"": ""Terence S"", ""published"": ""a month ago""}, {""text"": ""Juiciest pork chop ever. Would 100% go back. This is the spot if you want some old-school Puerto Rican food."", ""rating"": 5, ""author"": ""Raena P"", ""published"": ""2 months ago""}]",,"{""standout_dishes"": [""Mofongo with chicken or pork"", ""Rotisserie chicken with rice and beans"", ""Sancocho"", ""Tostones""], ""vibe_and_service"": [""Cozy, no-frills neighborhood spot that feels like home-cooked Puerto Rican food"", ""Very affordable, with four people eating for about $50 including tip"", ""Friendly, efficient service, though it's cash only (Zelle works too)""], ""wait_time_note"": ""There's no reservation option, and at prime lunch time you may wait a bit for a table and get slower service, so seating can be tricky if your group is an odd size.""}"
r_384c47,100.0,0.2624482479441513,0.0,0.78,3.8824469276840863,4.001154627953076,0.1187077002689895,3.823093077549592,Sisters,East Harlem,Caribbean,NYC,ChIJ4bMvkQv2wokRUPRQUqYPUEc,"47 E 124th St, New York, NY 10035",4.1,669.0,https://komriwzkkknrsirifgqg.supabase.co/storage/v1/object/public/restaurant-photos/r_384c47.jpg,https://www.google.com/maps/search/?api=1&query=Sisters&query_place_id=ChIJ4bMvkQv2wokRUPRQUqYPUEc,25.0,40.8050196,-73.9408063,6.455,0.7204783258594918,5.602739726027397,0.109118086696562,0.6113602391629297,669.0,326.0,1.0,3.0,10035.0,0.86,0.1860465116279069,0.1627906976744186,0.2790697674418604,0.2325581395348837,1.1428571428571428,246.93023255813952,0.525678341470386,(212) 410-3000,http://sisterscuisineharlem.com/,"[{""day"": ""Monday"", ""hours"": ""11\u202fAM to 9\u202fPM""}, {""day"": ""Tuesday"", ""hours"": ""11\u202fAM to 9\u202fPM""}, {""day"": ""Wednesday"", ""hours"": ""11\u202fAM to 9\u202fPM""}, {""day"": ""Thursday"", ""hours"": ""11\u202fAM to 9\u202fPM""}, {""day"": ""Friday"", ""hours"": ""11\u202fAM to 9\u202fPM""}, {""day"": ""Saturday"", ""hours"": ""11\u202fAM to 9\u202fPM""}, {""day"": ""Sunday"", ""hours"": ""11\u202fAM to 8\u202fPM""}]","[""https://lh3.googleusercontent.com/gps-cs-s/AHVAwerKEIfJj46cBuQPtqywxITBJoH9z8Vw6K3gr0wu91CsP6KKIl93Tq9pPcsi980q5xXXV3jgZRWPSpzHaIUiMMzyuP0KxcW1FTIL4VwBiOh4llvwq9WUN13M2EioCpODRt8jnyJY=w1920-h1080-k-no""]","[{""text"": ""Really amazing food and the greens where so well seasoned \ud83e\udd24."", ""rating"": 5, ""author"": ""Victoria C"", ""published"": ""8 months ago""}, {""text"": ""Cozy space. Me: vegetarian roti with a side of Mac and cheese."", ""rating"": 5, ""author"": ""Jessica Schnell"", ""published"": ""2 months ago""}, {""text"": ""The food was nasty \ud83d\ude12 I didn't like the food the curry wasn't mixed well it tastes very gritty."", ""rating"": 3, ""author"": ""vena sims"", ""published"": ""8 months ago""}]",,"{""standout_dishes"": [""Jerk chicken"", ""Oxtail"", ""Mac and cheese"", ""Collard greens""], ""vibe_and_service"": [""Cozy, quiet little spot that's good for a chill lunch or dinner"", ""Warm, friendly owner and staff who make you feel like family"", ""Quick service, even for a big group without a reservation""], ""wait_time_note"": null}"
r_5a11d8,50.0,0.2455552924551406,0.04,0.82,4.505706033775311,4.312575864899885,0.0,4.505706033775311,Villa Paradiso Ristorante Italiano,Bay Terrace,Italian,NYC,ChIJb_L0pMZLwokRt8kbZIH-v5o,"145 Greaves Ln, Staten Island, NY 10308",4.6,557.0,https://komriwzkkknrsirifgqg.supabase.co/storage/v1/object/public/restaurant-photos/r_5a11d8.jpg,https://www.google.com/maps/search/?api=1&query=Villa%20Paradiso%20Ristorante%20Italiano&query_place_id=ChIJb_L0pMZLwokRt8kbZIH-v5o,75.0,40.5534203,-74.1435742,26.386,0.829443447037702,10.0,0.0359066427289048,0.7935368043087971,557.0,346.0,1.0,1.0,10308.0,0.56,0.0357142857142857,0.0714285714285714,0.2142857142857142,0.0714285714285714,0.5,161.28571428571428,0.5255308946827085,(718) 227-2405,http://www.villaparadisorestaurant.com/,"[{""day"": ""Monday"", ""hours"": ""Closed""}, {""day"": ""Tuesday"", ""hours"": ""12 to 10\u202fPM""}, {""day"": ""Wednesday"", ""hours"": ""12 to 10\u202fPM""}, {""day"": ""Thursday"", ""hours"": ""12 to 10\u202fPM""}, {""day"": ""Friday"", ""hours"": ""12 to 11\u202fPM""}, {""day"": ""Saturday"", ""hours"": ""12 to 11\u202fPM""}, {""day"": ""Sunday"", ""hours"": ""12 to 10\u202fPM""}]","[""https://lh3.googleusercontent.com/gps-cs-s/AHVAweq6qz-drlX8sELWYkzuwDpiLsxx5-sRtkR3bleZP8Z0qylTwtXdAizBSXbWI4mzzfl0YkvYG2Thn6s3KjkiRYsIeB1KPVFNetNcCpamiHwXh6H7iJE62rXYNO2E_kmDEmIV6R76=w1920-h1080-k-no""]","[{""text"": ""Good Italian restaurant with old school vibe."", ""rating"": 4, ""author"": ""hamdy mustafa"", ""published"": ""a month ago""}, {""text"": ""Family function. Food was great. Service was on point"", ""rating"": 5, ""author"": ""conan cahill"", ""published"": ""7 months ago""}, {""text"": ""Excellent food, service and entertainment.  This place is a gem."", ""rating"": 5, ""author"": ""Roseann O'Keefe"", ""published"": ""3 months ago""}]",,"{""standout_dishes"": [], ""vibe_and_service"": [""Lively, old-school atmosphere with owners and staff who sing, which makes birthdays and family celebrations feel special"", ""Friendly, attentive service, with the owner coming over to welcome guests"", ""Good for groups and big family events, with multiple reviewers praising the food, service and entertainment together""], ""wait_time_note"": null}"
r_086018,50.0,0.2059458720547284,0.0,0.92,4.718954678508449,4.619522315235237,0.0,4.718954678508449,Lucky Rabbit Noodles,Dumbo,Restaurant,NYC,ChIJRX9A8xxbwokRKZOYDX-2R64,"151 Front St, Brooklyn, NY 11201",4.7,1341.0,https://komriwzkkknrsirifgqg.supabase.co/storage/v1/object/public/restaurant-photos/r_086018.jpg,https://www.google.com/maps/search/?api=1&query=Lucky%20Rabbit%20Noodles&query_place_id=ChIJRX9A8xxbwokRKZOYDX-2R64,25.0,40.7026036,-73.9869185,6.15,0.9000745712155108,10.0,0.0380313199105145,0.8620432513049963,1341.0,1060.0,1.0,1.0,11201.0,0.78,0.2564102564102564,0.1282051282051282,0.5128205128205128,0.2051282051282051,2.0,172.10256410256412,0.5253131351960136,(929) 699-2859,https://luckyrabbitnoodles.square.site/,"[{""day"": ""Monday"", ""hours"": ""11\u202fAM to 9\u202fPM""}, {""day"": ""Tuesday"", ""hours"": ""11\u202fAM to 9\u202fPM""}, {""day"": ""Wednesday"", ""hours"": ""11\u202fAM to 9\u202fPM""}, {""day"": ""Thursday"", ""hours"": ""11\u202fAM to 9\u202fPM""}, {""day"": ""Friday"", ""hours"": ""11\u202fAM to 10\u202fPM""}, {""day"": ""Saturday"", ""hours"": ""11\u202fAM to 10\u202fPM""}, {""day"": ""Sunday"", ""hours"": ""11\u202fAM to 9\u202fPM""}]","[""https://lh3.googleusercontent.com/gps-cs-s/AHVAweou26Ukd_mMpqtEHBG6Y_H_3f9l5T1jkVELlt6Y6ktIyGTfLM-prUxTyVJXAhRamHpVvzDHcm-fGyxQQdQfCrGMfordLW-mPTpEKJ0FIOLEHhJzYSTccfSnQyENf2X1ADByu3Pr=w1920-h1080-k-no""]","[{""text"": ""good but way too expensive for what it is"", ""rating"": 3, ""author"": ""Viv M"", ""published"": ""Edited a month ago""}, {""text"": ""Cozy spot with great food. Dean\u2019s and incredible host."", ""rating"": 5, ""author"": ""Austin D"", ""published"": ""5 days ago""}, {""text"": ""Just WOW! Amazing flavorful food! BEST Asian food that I ever had. Really cool spot inside!"", ""rating"": 5, ""author"": ""Arzona Shehu Krizan"", ""published"": ""Edited 2 months ago""}]",Local Favorite,"{""standout_dishes"": [""Cucumber salad (Eastern cukes)"", ""House dumplings and dumpling soup""], ""vibe_and_service"": [""The owner is often there, friendly, and happy to give recommendations"", ""Cozy, small, authentic-feeling spot with big portions at reasonable prices""], ""wait_time_note"": null}"
r_c55ea3,50.0,0.1758421884650513,0.0,0.96,4.287493944284955,4.424004275365249,0.1365103310802942,4.219238778744808,Fairfax,West Village,Brunch,NYC,ChIJSyYvYZRZwokR6tWSvOA2xXw,"234 W 4th St, New York, NY 10014",4.5,585.0,https://komriwzkkknrsirifgqg.supabase.co/storage/v1/object/public/restaurant-photos/r_c55ea3.jpg,https://www.google.com/maps/search/?api=1&query=Fairfax&query_place_id=ChIJSyYvYZRZwokR6tWSvOA2xXw,40.0,40.734351,-74.0031358,3.023,0.7367521367521368,10.0,0.029059829059829,0.7076923076923077,585.0,826.0,1.0,5.0,10014.0,0.86,0.0465116279069767,0.1162790697674418,0.3023255813953488,0.0465116279069767,0.4,233.4186046511628,0.5247189647115699,,http://www.fairfax.nyc/,"[{""day"": ""Monday"", ""hours"": ""9:30\u202fAM to 10\u202fPM""}, {""day"": ""Tuesday"", ""hours"": ""9:30\u202fAM to 11\u202fPM""}, {""day"": ""Wednesday"", ""hours"": ""9:30\u202fAM to 11:30\u202fPM""}, {""day"": ""Thursday"", ""hours"": ""9:30\u202fAM to 11:30\u202fPM""}, {""day"": ""Friday"", ""hours"": ""9:30\u202fAM to 11:30\u202fPM""}, {""day"": ""Saturday"", ""hours"": ""9:30\u202fAM to 11:30\u202fPM""}, {""day"": ""Sunday"", ""hours"": ""9:30\u202fAM to 10\u202fPM""}]","[""https://lh3.googleusercontent.com/gps-cs-s/AHVAwepaWdgrULR0Q1hbCw-oBD0uZd7IbybZqhXNW8kSt3-5iEK6PdE3h1yUjcCFBYA_vxUSIXjyofrlJNutLWGeNfEV3GUbqzTGG8i2ebBzVkXxprG899EitC8hEn-VJnrNQzssW85o=w1920-h1080-k-no""]","[{""text"": ""Burger + fries + Cesar salad is the best combo"", ""rating"": 5, ""author"": ""Sofia Arteaga Garcia"", ""published"": ""6 months ago""}, {""text"": ""Excellent spot great food and friendly staff. Cool atmosphere"", ""rating"": 5, ""author"": ""Rex Accavallo"", ""published"": ""6 months ago""}, {""text"": ""Great food, great lactation and perfect service by Mary Catherine"", ""rating"": 5, ""author"": ""Ori Mintzer"", ""published"": ""4 months ago""}]",,"{""standout_dishes"": [""The classic burger with the unique bun"", ""Tater tots with Old Bay seasoning"", ""Special cauliflower/romanesco dish""], ""vibe_and_service"": [""Cozy, lively West Village feel with a lot of personality, great for date nights"", ""Friendly, attentive service in most reviews and music that adds to the fun atmosphere""], ""wait_time_note"": null}"
r_742cf1,50.0,0.2173911952216481,0.0,0.84,4.605528363631861,4.291797720515215,0.0,4.605528363631861,Veselka Williamsburg,Williamsburg,Restaurant,NYC,ChIJZyqIQwBZwokR1lSPyPdTLoM,"646 Lorimer St, Brooklyn, NY 11211",4.6,416.0,https://komriwzkkknrsirifgqg.supabase.co/storage/v1/object/public/restaurant-photos/r_742cf1.jpg,https://www.google.com/maps/search/?api=1&query=Veselka%20Williamsburg&query_place_id=ChIJZyqIQwBZwokR1lSPyPdTLoM,,40.716398,-73.9494437,5.542,0.8870192307692307,10.0,0.0600961538461538,0.8269230769230769,416.0,561.0,1.0,1.0,11211.0,0.6,0.2333333333333333,0.1,0.5333333333333333,0.2666666666666666,2.333333333333333,320.7333333333333,0.5241546137887478,(917) 781-4829,https://veselka.com/,"[{""day"": ""Monday"", ""hours"": ""9\u202fAM to 10\u202fPM""}, {""day"": ""Tuesday"", ""hours"": ""9\u202fAM to 10\u202fPM""}, {""day"": ""Wednesday"", ""hours"": ""9\u202fAM to 10\u202fPM""}, {""day"": ""Thursday"", ""hours"": ""9\u202fAM to 11\u202fPM""}, {""day"": ""Friday"", ""hours"": ""9\u202fAM to 11\u202fPM""}, {""day"": ""Saturday"", ""hours"": ""9\u202fAM to 11\u202fPM""}, {""day"": ""Sunday"", ""hours"": ""9\u202fAM to 10\u202fPM""}]","[""https://lh3.googleusercontent.com/gps-cs-s/AHVAweqB_EPsemGcIm3KXbpvL6Ecds5E8WiK0a37243ZmNwpEklTSNb2gyQW_yMk_9eFXIJZnrbwYBA3rqqdnMmlx86CiyaP6moaf5hTfRaFwsRP7Hip76AshfOwSBbPTW5maX7vQO1-lw=w1920-h1080-k-no""]","[{""text"": ""Really good authentic Ukrainian kitchen."", ""rating"": 5, ""author"": ""Oleksii Ivasiuk"", ""published"": ""a day ago""}, {""text"": ""As good as mom's cooking, don't tell her that"", ""rating"": 5, ""author"": ""igor helfer"", ""published"": ""2 months ago""}, {""text"": ""solid homemade food.  chicken noodle soup best in the area"", ""rating"": 5, ""author"": ""Andrew M"", ""published"": ""2 months ago""}]",Local Favorite,"{""standout_dishes"": [""Pierogi (potato, short rib, mushroom sauerkraut)"", ""Borscht"", ""Chicken paprikash"", ""Matzo ball soup""], ""vibe_and_service"": [""Friendly, attentive staff who go out of their way"", ""Clean, bright space with a classic diner feel""], ""wait_time_note"": null}"
r_acd3fb,50.0,0.1995279903094254,0.02,0.92,4.488148743748524,4.452983561946096,0.0,4.488148743748524,Deux Amis,Midtown East,French,NYC,ChIJMW8ZMOJYwokRk07VWx6CCLk,"356 E 51st St, New York, NY 10022",4.5,369.0,https://komriwzkkknrsirifgqg.supabase.co/storage/v1/object/public/restaurant-photos/r_acd3fb.jpg,https://www.google.com/maps/search/?api=1&query=Deux%20Amis&query_place_id=ChIJMW8ZMOJYwokRk07VWx6CCLk,75.0,40.7545966,-73.9661633,1.686,0.6964769647696477,10.0,0.029810298102981,0.6666666666666666,369.0,351.0,1.0,4.0,10022.0,0.76,0.3421052631578947,0.0526315789473684,0.3947368421052631,0.1052631578947368,6.5,276.8157894736842,0.5239716767171394,(212) 230-1117,http://deuxamisnyc.com/,"[{""day"": ""Monday"", ""hours"": ""12 to 10:30\u202fPM""}, {""day"": ""Tuesday"", ""hours"": ""12 to 10:30\u202fPM""}, {""day"": ""Wednesday"", ""hours"": ""12 to 10:30\u202fPM""}, {""day"": ""Thursday"", ""hours"": ""12 to 10:30\u202fPM""}, {""day"": ""Friday"", ""hours"": ""12 to 10:30\u202fPM""}, {""day"": ""Saturday"", ""hours"": ""12 to 10:30\u202fPM""}, {""day"": ""Sunday"", ""hours"": ""12 to 10:30\u202fPM""}]","[""https://lh3.googleusercontent.com/gps-cs-s/AHVAwergYmDjlQnW5JVDuI3KkvuWeM4PG_QnRPLaLuNreCry-WtLrm3II_ZcpvVtzWhmLH5musKtNu3l5JHyADLnp4B_kuwYpM3JsPxrLjenOqpmuhOQwUJ9MmD2J65nZ-rMUD30ct8=w1920-h1080-k-no""]","[{""text"": ""Food, service, ambience, everything: WONDERFUL!"", ""rating"": 5, ""author"": ""S RLS"", ""published"": ""2 months ago""}, {""text"": ""Food doesn't taste nearly as good as to justify the prices."", ""rating"": 3, ""author"": ""Shreyan Mohanty"", ""published"": ""6 months ago""}, {""text"": ""Really enjoyed my onion tart, short rib, and raspberry millfieulle."", ""rating"": 5, ""author"": ""Justin Leung"", ""published"": ""a year ago""}]",,"{""standout_dishes"": [""Burger with fries and salad"", ""Roasted duck"", ""Chicken with potato gratin"", ""Onion soup""], ""vibe_and_service"": [""Cozy, intimate Parisian-style atmosphere with white tablecloths, a mahogany bar, and French paintings on the walls"", ""Friendly, attentive staff with a relaxed pace and a low noise level that lets you actually talk"", ""Good portions and fair prices, plus affordable wine for New York, making it a nice date-night spot""], ""wait_time_note"": null}"
r_c4b27a,50.0,0.2152369484687463,0.02,0.88,4.051126339191013,4.16437537740143,0.1132490382104167,3.9945018200858047,Yefsi Estiatorio,Upper East Side,Greek,NYC,ChIJdVLsiLhYwokRhp04Zh8bHJ0,"1481 York Ave, New York, NY 10075",4.4,450.0,https://komriwzkkknrsirifgqg.supabase.co/storage/v1/object/public/restaurant-photos/r_c4b27a.jpg,https://www.google.com/maps/search/?api=1&query=Yefsi%20Estiatorio&query_place_id=ChIJdVLsiLhYwokRhp04Zh8bHJ0,75.0,40.7709973,-73.9509348,3.273,0.6955555555555556,10.0,0.0288888888888888,0.6666666666666666,450.0,298.0,1.0,1.0,10075.0,0.56,0.2857142857142857,0.1428571428571428,0.3928571428571428,0.1785714285714285,2.0,227.53571428571428,0.5227352273167746,(212) 535-0293,http://yefsiestiatorio.com/,"[{""day"": ""Monday"", ""hours"": ""12 to 9\u202fPM""}, {""day"": ""Tuesday"", ""hours"": ""12 to 9\u202fPM""}, {""day"": ""Wednesday"", ""hours"": ""12 to 9\u202fPM""}, {""day"": ""Thursday"", ""hours"": ""12 to 9\u202fPM""}, {""day"": ""Friday"", ""hours"": ""12 to 10\u202fPM""}, {""day"": ""Saturday"", ""hours"": ""12 to 10\u202fPM""}, {""day"": ""Sunday"", ""hours"": ""12 to 9\u202fPM""}]","[""https://lh3.googleusercontent.com/gps-cs-s/AHVAweowKBs9x_pWtVCCka1G_FjRk1OY0Y5SY9hiE5kiMpVT9ObZP69L16sTiZwyAbVhaQRGS_PQxzMYtbT40kGQyZDPB-BI4uUm_KgehLk4TLwzaqhnNgBCfwW8EXjknSrVEquPUBdqDPtaBVDi=w1920-h1080-k-no""]","[{""text"": ""Authentic excellent Greek food, and a pleasant place."", ""rating"": 5, ""author"": ""Ari Sonesh"", ""published"": ""a year ago""}, {""text"": ""Nice place. Calamari very good. Seafood pasta was good but nothing to \u201coh wow\u201d me"", ""rating"": 4, ""author"": ""V Caz"", ""published"": ""11 months ago""}, {""text"": ""Kotopoulo slouvaki was great. The pilaf was delicious to pair with. Didn't need any tzatziki to enhance the chickens flavor. Highly recommended"", ""rating"": 5, ""author"": ""Will VI"", ""published"": ""10 months ago""}]",,"{""standout_dishes"": [""Grilled octopus (horiatiki salad, generous portion)""], ""vibe_and_service"": [""Warm, welcoming hospitality where staff like Katerina make you feel like family"", ""Friendly, attentive service that's kind to kids and doesn't rush you"", ""Nice surroundings with outdoor seating and a good Greek wine selection""], ""wait_time_note"": null}"
r_7e18b3,50.0,0.205338884208327,0.0,0.94,3.864566667511368,4.034995709271777,0.1704290417604088,3.779352146631164,La Contenta,Lower East Side,Mexican,NYC,ChIJdZGxHYFZwokRj85WGKuKF2k,"102 Norfolk St, New York, NY 10002",4.6,1049.0,https://komriwzkkknrsirifgqg.supabase.co/storage/v1/object/public/restaurant-photos/r_7e18b3.jpg,https://www.google.com/maps/search/?api=1&query=La%20Contenta&query_place_id=ChIJdZGxHYFZwokRj85WGKuKF2k,40.0,40.71877,-73.9870693,4.357,0.7959961868446139,10.0,0.0276453765490943,0.7683508102955195,1049.0,1048.0,1.0,1.0,10002.0,0.78,0.2307692307692307,0.1538461538461538,0.2051282051282051,0.0769230769230769,1.5,270.6666666666667,0.5218582565818152,(212) 432-4180,http://lacontentales.com/,"[{""day"": ""Monday"", ""hours"": ""3\u202fPM to 12\u202fAM""}, {""day"": ""Tuesday"", ""hours"": ""3\u202fPM to 12\u202fAM""}, {""day"": ""Wednesday"", ""hours"": ""3\u202fPM to 12\u202fAM""}, {""day"": ""Thursday"", ""hours"": ""3\u202fPM to 12\u202fAM""}, {""day"": ""Friday"", ""hours"": ""3\u202fPM to 2\u202fAM""}, {""day"": ""Saturday"", ""hours"": ""11\u202fAM to 2\u202fAM""}, {""day"": ""Sunday"", ""hours"": ""11\u202fAM to 11\u202fPM""}]","[""https://lh3.googleusercontent.com/gps-cs-s/AHVAweoC0lE5uPEc_6OVEBQnfT7sumPKkY1Edi96W6zTpMfXT_4v0UtwmO6Svlz7_rp7gAOpAOWCF3IPJIkRaBg2ir2lXu606RQCh_lMIxDmeQnjpYTGNOaKi1t13EiA78SjDxdE-Yh2fDkh5ZYy=w1920-h1080-k-no""]","[{""text"": ""Food is good but tint tiny tiny for the price"", ""rating"": 2, ""author"": ""Isabella Brascetta Guerra"", ""published"": ""a month ago""}, {""text"": ""I love the vibe here :) servants are super kind and friendly."", ""rating"": 5, ""author"": ""Mehri Gulamova"", ""published"": ""6 months ago""}, {""text"": ""So good. Rigo and family do it right. A gem. See you again soon!"", ""rating"": 5, ""author"": ""Frank Negri"", ""published"": ""Edited 2 months ago""}]",,"{""standout_dishes"": [""Fish and snapper tacos"", ""Seafood-filled dishes (slider, chile relleno)"", ""Margaritas and cocktails""], ""vibe_and_service"": [""Cozy, authentic atmosphere in a small, tight space"", ""Friendly, kind staff and attentive owners"", ""Great drinks and cocktails to go with the meal""], ""wait_time_note"": null}"
r_879020,50.0,0.1889640800123383,0.0,0.94,1.3859209458820854,1.4772597538094108,0.0913388079273254,1.3402515419184229,Camden Food,Queens,Bakery,NYC,ChIJ36Ce5VlmwokRB9LBVGelikk,"3-03 30th St, Queens, NY 10001",1.5,216.0,https://komriwzkkknrsirifgqg.supabase.co/storage/v1/object/public/restaurant-photos/r_879020.jpg,https://www.google.com/maps/search/?api=1&query=Camden%20Food&query_place_id=ChIJ36Ce5VlmwokRB9LBVGelikk,25.0,40.6431974,-73.7824897,21.451,0.875,0.08,0.8101851851851852,0.0648148148148148,216.0,79.0,1.0,1.0,10001.0,0.86,0.0465116279069767,0.1162790697674418,0.0,0.0465116279069767,0.4,264.5581395348837,0.5216296538948142,,,"[{""day"": ""Monday"", ""hours"": ""Open 24 hours""}, {""day"": ""Tuesday"", ""hours"": ""Open 24 hours""}, {""day"": ""Wednesday"", ""hours"": ""Open 24 hours""}, {""day"": ""Thursday"", ""hours"": ""Open 24 hours""}, {""day"": ""Friday"", ""hours"": ""Open 24 hours""}, {""day"": ""Saturday"", ""hours"": ""Open 24 hours""}, {""day"": ""Sunday"", ""hours"": ""Open 24 hours""}]","[""https://lh3.googleusercontent.com/gps-cs-s/AHVAwerKX6WnHjI90WTzFUiDILA0UTdn89XWRmuUfnUfZItqQ_1ofwkb0edmU_EEXo2Yi9zUqxSQOb39S-_T6K7hyH6eTHDcEwzERzJ8WFAvgS8Mv6VW7pbb26280Y4EqO9whqZbEdDHbw=w1920-h1080-k-no""]","[{""text"": ""Overcharged for a chicken avacado sandwich"", ""rating"": 1, ""author"": ""Sai Madiraju"", ""published"": ""a year ago""}, {""text"": ""Kiosk is broken this place will just waste your time"", ""rating"": 1, ""author"": ""Lukas Odhner"", ""published"": ""a year ago""}, {""text"": ""I got scammed my money, they charged me 25 usd just to get in!"", ""rating"": 1, ""author"": ""WZX CC002"", ""published"": ""a year ago""}]",,"{""standout_dishes"": [], ""vibe_and_service"": [""Open late and early (after 10 pm, after midnight, and around 4 am) when almost nothing else in the terminal is open"", ""Some staff are described as friendly and helpful, and a hot-food option is available early in the morning""], ""wait_time_note"": null}"
r_fb8b74,50.0,0.2891313548788398,0.0,0.72,4.767680301850842,4.644337821559144,0.0,4.767680301850842,MakiMaki Sushi - 350 Hudson St,West Village,Japanese,NYC,ChIJRT4vY7JZwokRq9i_s-rI0ig,"350 Hudson St, New York, NY 10014",4.6,107.0,https://komriwzkkknrsirifgqg.supabase.co/storage/v1/object/public/restaurant-photos/r_fb8b74.jpg,https://www.google.com/maps/search/?api=1&query=MakiMaki%20Sushi%20-%20350%20Hudson%20St&query_place_id=ChIJRT4vY7JZwokRq9i_s-rI0ig,25.0,40.7277582,-74.006806,3.814,0.8598130841121495,10.0,0.0467289719626168,0.8130841121495327,107.0,360.0,0.0,4.0,10014.0,0.84,0.3809523809523809,0.0238095238095238,0.4285714285714285,0.0,16.0,137.61904761904762,0.5215238094179456,(646) 833-7063,http://www.makimaki.nyc/,"[{""day"": ""Monday"", ""hours"": ""11\u202fAM to 8\u202fPM""}, {""day"": ""Tuesday"", ""hours"": ""11\u202fAM to 8\u202fPM""}, {""day"": ""Wednesday"", ""hours"": ""11\u202fAM to 8\u202fPM""}, {""day"": ""Thursday"", ""hours"": ""11\u202fAM to 8\u202fPM""}, {""day"": ""Friday"", ""hours"": ""11\u202fAM to 5\u202fPM""}, {""day"": ""Saturday"", ""hours"": ""Closed""}, {""day"": ""Sunday"", ""hours"": ""Closed""}]","[""https://lh3.googleusercontent.com/gps-cs-s/AHVAweowV956AweCrnn-XSxgiBFqksolPfYoSOFq-OJSYW-8sfSARNJGYEed3_quF9bgMcNe5isrlkFufXWuomf-UDC0sC34bG0hBs-2S8rKmFFAMQMI7Vz8DRIOZnppPIKiMMitWysvFg=w1920-h1080-k-no""]","[{""text"": ""Very nice cozy place, great food, and nice staff!"", ""rating"": 5, ""author"": ""Key Caye"", ""published"": ""11 months ago""}, {""text"": ""The beer is served in Ice Cold Glass! Bee is a great host!"", ""rating"": 5, ""author"": ""Anna Sadler"", ""published"": ""7 months ago""}, {""text"": ""Friendly staff and good lunch options. Just wish they had ponzu on the side"", ""rating"": 5, ""author"": ""Katie McGregor"", ""published"": ""a year ago""}]",Local Favorite,"{""standout_dishes"": [], ""vibe_and_service"": [""Friendly, attentive staff \u2014 Gabriel/Gabe, Bee, and Binta all get shout-outs by name"", ""Clean, well-lit, cozy space with reasonable prices for NYC"", ""Handy lunch spot, with takeout that works well too""], ""wait_time_note"": null}"
r_41b5f7,50.0,0.234837617413279,0.0,0.82,4.872071501729569,4.777880381818625,0.0,4.872071501729569,Kalye,Lower East Side,Restaurant,NYC,ChIJzxi2CEFZwokRGLb3H5aeHDU,"111 Rivington St, New York, NY 10002",4.8,597.0,https://komriwzkkknrsirifgqg.supabase.co/storage/v1/object/public/restaurant-photos/r_41b5f7.jpg,https://www.google.com/maps/search/?api=1&query=Kalye&query_place_id=ChIJzxi2CEFZwokRGLb3H5aeHDU,,40.7198165,-73.9879359,4.243,0.95142378559464,10.0,0.0217755443886097,0.9296482412060302,597.0,654.0,1.0,1.0,10002.0,0.88,0.2272727272727272,0.0,0.6590909090909091,0.0454545454545454,10.0,242.9318181818182,0.5211228299358699,(646) 287-9153,https://kalye.com/,"[{""day"": ""Monday"", ""hours"": ""11\u202fAM to 9:30\u202fPM""}, {""day"": ""Tuesday"", ""hours"": ""11\u202fAM to 9:30\u202fPM""}, {""day"": ""Wednesday"", ""hours"": ""11\u202fAM to 9:30\u202fPM""}, {""day"": ""Thursday"", ""hours"": ""11\u202fAM to 11:30\u202fPM""}, {""day"": ""Friday"", ""hours"": ""11\u202fAM to 11:30\u202fPM""}, {""day"": ""Saturday"", ""hours"": ""11\u202fAM to 11:30\u202fPM""}, {""day"": ""Sunday"", ""hours"": ""11\u202fAM to 9:30\u202fPM""}]","[""https://lh3.googleusercontent.com/gps-cs-s/AHVAweohem7CNWcDkHx22_ESSnxW3jDb7LABYThHlgzZcUXs011cX-fggwTEkXsxY2AXIbv4PJ-rSvdPgQqdd7hfgFpcnzlPSnUTF9V9qs7VL1RWjuY3R3OrlVw6CzTG5Dzkcmyq5jW7F8zm6_0R=w1920-h1080-k-no""]","[{""text"": ""Good food, good prices, excellent service."", ""rating"": 5, ""author"": ""Oleg Vlasov"", ""published"": ""2 days ago""}, {""text"": ""SO delicious and wonderful service. I loved the laing with rice . the cocktails are a must!!!!"", ""rating"": 5, ""author"": ""Amanda Melhuish"", ""published"": ""3 days ago""}, {""text"": ""Love the staff, especially Alesi!! I spent 6 hours here and loved every second of it. Thank you!!"", ""rating"": 5, ""author"": ""Vivian Hong"", ""published"": ""2 days ago""}]",Local Favorite,"{""standout_dishes"": [""Kamayan Style Feast"", ""Boodle Fight"", ""Sisig"", ""Cocktails""], ""vibe_and_service"": [""Lively, fun bar atmosphere with great music, karaoke on Sundays 6-9pm, and happy hour deals"", ""Friendly staff get shoutouts again and again, especially Alesi, Jeremiah, and Raneem"", ""Great for groups: the Boodle Fight feeds a table of four to six for around $200""], ""wait_time_note"": null}"
r_ced04c,50.0,0.2225715062015208,0.02,0.88,4.871488866475975,4.728081636916834,0.0,4.871488866475975,NaRa Chicken & Korean Cuisine,Williamsburg,Korean,NYC,ChIJQ1wRPBxZwokRzJG0hysLTCw,"137 Havemeyer St, Brooklyn, NY 11211",4.9,152.0,https://komriwzkkknrsirifgqg.supabase.co/storage/v1/object/public/restaurant-photos/r_ced04c.jpg,https://www.google.com/maps/search/?api=1&query=NaRa%20Chicken%20%26%20Korean%20Cuisine&query_place_id=ChIJQ1wRPBxZwokRzJG0hysLTCw,15.0,40.7120563,-73.9570832,5.643,0.9736842105263158,10.0,0.0197368421052631,0.9539473684210528,152.0,250.0,1.0,1.0,11211.0,0.76,0.2105263157894736,0.0,0.4210526315789473,0.131578947368421,8.0,173.26315789473685,0.5208700667178409,(347) 916-0025,https://eatnarachicken.com/,"[{""day"": ""Monday"", ""hours"": ""12 to 10:30\u202fPM""}, {""day"": ""Tuesday"", ""hours"": ""12 to 10:30\u202fPM""}, {""day"": ""Wednesday"", ""hours"": ""12 to 10:30\u202fPM""}, {""day"": ""Thursday"", ""hours"": ""12 to 10:30\u202fPM""}, {""day"": ""Friday"", ""hours"": ""12 to 11\u202fPM""}, {""day"": ""Saturday"", ""hours"": ""12 to 11\u202fPM""}, {""day"": ""Sunday"", ""hours"": ""12 to 10:30\u202fPM""}]","[""https://lh3.googleusercontent.com/gps-cs-s/AHVAwepy8voV4Sxsnk0oO-AMViAgIk6Kv7rhESEqoPDFtDX8HxhlK49tYrU29SMSth8w60xIN2iX5vL6Ao_eBgAA_xXeMwZ0bIT9tVh4h3KyNpRYWCMgGCZ3T5e1GFzgqz94lfRQU9pN=w1920-h1080-k-no""]","[{""text"": ""Actual generous, quality portions! The best food!"", ""rating"": 5, ""author"": ""Kenta Kato"", ""published"": ""a day ago""}, {""text"": ""Chicken wings were crispy, moist and flavorful. 10/10"", ""rating"": 5, ""author"": ""P"", ""published"": ""a month ago""}, {""text"": ""\u015awie\u017ce i bardzo dobre jedzenie ,porcje s\u0105 ogromne ,to klejnot gastronomiczny polecam !!!"", ""rating"": 5, ""author"": ""Wojciech T"", ""published"": ""4 months ago""}]",Hidden Gem,"{""standout_dishes"": [""Crispy Korean fried chicken"", ""Garlic chicken"", ""Kimchi soup (beef kimchi soup)"", ""Beef bibimbap""], ""vibe_and_service"": [""Friendly staff, including a great counter guy"", ""Generous, quality portions"", ""Authentic Korean flavors""], ""wait_time_note"": null}"
r_27a077,50.0,0.1884646163654894,0.0,0.94,4.886172381143976,4.878566574584646,0.0,4.886172381143976,Quantum Leap,Upper East Side,Veggie,NYC,ChIJk933-EVZwokRVNotYMG_IFY,"1103 1st Ave, New York, NY 10065",4.9,362.0,https://komriwzkkknrsirifgqg.supabase.co/storage/v1/object/public/restaurant-photos/r_27a077.jpg,https://www.google.com/maps/search/?api=1&query=Quantum%20Leap&query_place_id=ChIJk933-EVZwokRVNotYMG_IFY,,40.7606494,-73.9615858,2.054,0.9558011049723756,10.0,0.0165745856353591,0.9392265193370166,362.0,453.0,1.0,2.0,10065.0,0.82,0.2682926829268293,0.024390243902439,0.6585365853658537,0.048780487804878,11.0,260.6829268292683,0.5199170303898363,(212) 371-3888,http://quantumleap1stave.com/,"[{""day"": ""Monday"", ""hours"": ""11:30\u202fAM to 9\u202fPM""}, {""day"": ""Tuesday"", ""hours"": ""11:30\u202fAM to 9\u202fPM""}, {""day"": ""Wednesday"", ""hours"": ""11:30\u202fAM to 9\u202fPM""}, {""day"": ""Thursday"", ""hours"": ""11:30\u202fAM to 9\u202fPM""}, {""day"": ""Friday"", ""hours"": ""11:30\u202fAM to 9\u202fPM""}, {""day"": ""Saturday"", ""hours"": ""11\u202fAM to 9\u202fPM""}, {""day"": ""Sunday"", ""hours"": ""11\u202fAM to 9\u202fPM""}]","[""https://lh3.googleusercontent.com/gps-cs-s/AHVAweolU5vKHdtcCzOokfqBP4-9LC46r81TgLJ8wjPj5lqMJCGb3t4vgERjSNY_tLNdDn1QmNHnXWjYV0Lgd4BzIld9bV8LzSN_-pmilLiStnLYe-YHUqoG2qZ_iJTw5DvxDGM_OISr=w1920-h1080-k-no""]","[{""text"": ""Fantastic food and equally as good service!"", ""rating"": 5, ""author"": ""Gretchen DeVuyst"", ""published"": ""4 months ago""}, {""text"": ""Food & Service was excellent.\nYou should try it."", ""rating"": 5, ""author"": ""Romaine Branford"", ""published"": ""a week ago""}, {""text"": ""Fabulous food and excellent service at this cozy spot."", ""rating"": 5, ""author"": ""Patrick Michael Kelly"", ""published"": ""9 months ago""}]",Local Favorite,"{""standout_dishes"": [], ""vibe_and_service"": [""Friendly, helpful staff who make the meal feel welcome"", ""Cozy, clean wooden interior with a small number of tables"", ""Reasonable prices and a good-value lunch set that comes with a drink""], ""wait_time_note"": ""Weekday lunch isn't too crowded and food arrives quickly, though there's a steady stream of customers.""}"
r_a6cc3f,50.0,0.2041191580098904,0.0,0.92,4.3614342335218685,4.7114436215875175,0.3500093880656489,4.186429539489044,Water & Wheat Upper East,Upper East Side,Italian,NYC,ChIJD2aQK95ZwokRtipR7To1S84,"1379 3rd Ave, New York, NY 10075",4.7,392.0,https://komriwzkkknrsirifgqg.supabase.co/storage/v1/object/public/restaurant-photos/r_a6cc3f.jpg,https://www.google.com/maps/search/?api=1&query=Water%20%26%20Wheat%20Upper%20East&query_place_id=ChIJD2aQK95ZwokRtipR7To1S84,,40.7738547,-73.9572866,2.975,0.8647959183673469,10.0,0.0306122448979591,0.8341836734693877,392.0,488.0,1.0,1.0,10075.0,0.78,0.282051282051282,0.0256410256410256,0.5384615384615384,0.1025641025641025,11.0,296.6666666666667,0.519786363075535,(646) 484-5054,http://www.waterandwheatnyc.com/,"[{""day"": ""Monday"", ""hours"": ""11:30\u202fAM to 9:30\u202fPM""}, {""day"": ""Tuesday"", ""hours"": ""11:30\u202fAM to 9:30\u202fPM""}, {""day"": ""Wednesday"", ""hours"": ""11:30\u202fAM to 9:30\u202fPM""}, {""day"": ""Thursday"", ""hours"": ""11:30\u202fAM to 9:30\u202fPM""}, {""day"": ""Friday"", ""hours"": ""11:30\u202fAM to 9:30\u202fPM""}, {""day"": ""Saturday"", ""hours"": ""11:30\u202fAM to 9:30\u202fPM""}, {""day"": ""Sunday"", ""hours"": ""11:30\u202fAM to 9:30\u202fPM""}]","[""https://lh3.googleusercontent.com/gps-cs-s/AHVAwepnoNNeViH_3TSVQUTYWX097Z4sRa0sGgC3pU0aDnt4PkPN3Is6CouOWyJdHC4VLuOblsD3cYdtZ0Ks6gqstK3W96YGm8GaYICaCf81pQ5El6YLNWCSUcOFmcieMRNECHHUARCE7uT1Zxw=w1920-h1080-k-no""]","[{""text"": ""Amazing bolognese and tiramisu. What more do you need"", ""rating"": 5, ""author"": ""T K"", ""published"": ""a week ago""}, {""text"": ""Great neighborhood spot with some of the best pasta in the area!"", ""rating"": 5, ""author"": ""VG"", ""published"": ""6 days ago""}, {""text"": ""Small and intimate, great food, great wine and lovely customer service!"", ""rating"": 5, ""author"": ""Kimberly M"", ""published"": ""2 months ago""}]",,"{""standout_dishes"": [""Bolognese with mafalde noodles"", ""Fresh homemade pasta"", ""Pizza and flatbreads"", ""Tiramisu and focaccia""], ""vibe_and_service"": [""Warm, attentive staff who go out of their way, including accommodating vegan requests"", ""Cozy, intimate neighborhood spot, though the space is small and tables are tightly packed"", ""Good value, including a $16.95 lunch special with a sandwich plus salad or soup""], ""wait_time_note"": ""Off-peak times like mid-afternoon mean no line, but the space is tiny and a reservation is recommended since walk-ins can be hit or miss.""}"
r_00a8c0,50.0,0.2089127104534002,0.0,0.9,4.781237553522184,4.754391522998352,0.0,4.781237553522184,Masala Harbor,Mid Island,Indian,NYC,ChIJkdG2z09PwokRgstFvl7wtKQ,"323 Victory Blvd, Staten Island, NY 10301",4.8,413.0,https://komriwzkkknrsirifgqg.supabase.co/storage/v1/object/public/restaurant-photos/r_00a8c0.jpg,https://www.google.com/maps/search/?api=1&query=Masala%20Harbor&query_place_id=ChIJkdG2z09PwokRgstFvl7wtKQ,25.0,40.634252,-74.085711,16.163,0.9588377723970944,10.0,0.0242130750605326,0.9346246973365616,413.0,509.0,1.0,1.0,10301.0,0.94,0.2765957446808511,0.0425531914893617,0.5531914893617021,0.1276595744680851,6.5,202.91489361702128,0.5197452888365014,(718) 420-0919,https://masalaharbor.com/,"[{""day"": ""Monday"", ""hours"": ""Closed""}, {""day"": ""Tuesday"", ""hours"": ""11:30\u202fAM to 9:30\u202fPM""}, {""day"": ""Wednesday"", ""hours"": ""11:30\u202fAM to 9:30\u202fPM""}, {""day"": ""Thursday"", ""hours"": ""11:30\u202fAM to 9:30\u202fPM""}, {""day"": ""Friday"", ""hours"": ""11:30\u202fAM to 9:30\u202fPM""}, {""day"": ""Saturday"", ""hours"": ""11:30\u202fAM to 9:30\u202fPM""}, {""day"": ""Sunday"", ""hours"": ""11:30\u202fAM to 9:30\u202fPM""}]","[""https://lh3.googleusercontent.com/gps-cs-s/AHVAweq8rx_Crlev3aT_ExHuj6m40DDfhoOVPiOFEwUhfyYA9ps_gpwjGCrFpyZNf8a9HuR7lMD3FL5vjiOyfllZrMLSXVIXJ3nARPGXhXPSGw4CrQFuSrdzq6VVb1CxKKA0ERCeLumW3tQUXXtX=w1920-h1080-k-no""]","[{""text"": ""Nice uplifting atmosphere and the food is delicious! The owner and staff are really friendly as well!"", ""rating"": 5, ""author"": ""Batya"", ""published"": ""2 months ago""}, {""text"": ""I got the majestic chicken as an appetizer and it was incredible. Garlic naan and goat curry was authentic. The service was great."", ""rating"": 5, ""author"": ""Tahmina B"", ""published"": ""3 weeks ago""}, {""text"": ""Great experience and excellent food. Had dinner with a group of 8 friends and everything came out hot and fresh. The staff was extremely courteous and made the atmosphere fun."", ""rating"": 5, ""author"": ""Moe \u201cSerialCoder\u201d H"", ""published"": ""2 months ago""}]",Local Favorite,"{""standout_dishes"": [""Ghee podi masala dosa"", ""Chicken tikka masala"", ""Garlic naan"", ""Butter chicken""], ""vibe_and_service"": [""Friendly, courteous staff and owner, with one server (Mani) called out as especially helpful"", ""Clean, uplifting atmosphere with Bollywood music videos playing"", ""Works well for groups, with food coming out hot and fresh for a table of 8""], ""wait_time_note"": null}"
r_8b8d63,50.0,0.2137688667306801,0.02,0.9,4.270999424723512,4.613138731975216,0.3421393072517036,4.09992977109766,Sally's Southern & BBQ,Mid Island,Restaurant,NYC,ChIJDZc0nshPwokRa6LRuQTScIM,"427 Forest Ave, Staten Island, NY 10301",4.4,687.0,https://komriwzkkknrsirifgqg.supabase.co/storage/v1/object/public/restaurant-photos/r_8b8d63.jpg,https://www.google.com/maps/search/?api=1&query=Sally's%20Southern%20%26%20BBQ&query_place_id=ChIJDZc0nshPwokRa6LRuQTScIM,,40.6310044,-74.1036016,17.306,0.7656477438136827,10.0,0.0553129548762736,0.710334788937409,687.0,854.0,1.0,1.0,10301.0,0.76,0.2368421052631578,0.0263157894736842,0.5526315789473685,0.131578947368421,9.0,243.7894736842105,0.519457330897573,(718) 727-2559,http://sallyssouthern.com/,"[{""day"": ""Monday"", ""hours"": ""11:30\u202fAM to 10\u202fPM""}, {""day"": ""Tuesday"", ""hours"": ""11:30\u202fAM to 10\u202fPM""}, {""day"": ""Wednesday"", ""hours"": ""11:30\u202fAM to 10\u202fPM""}, {""day"": ""Thursday"", ""hours"": ""11:30\u202fAM to 10\u202fPM""}, {""day"": ""Friday"", ""hours"": ""11:30\u202fAM to 11\u202fPM""}, {""day"": ""Saturday"", ""hours"": ""11:30\u202fAM to 11\u202fPM""}, {""day"": ""Sunday"", ""hours"": ""11:30\u202fAM to 9\u202fPM""}]","[""https://lh3.googleusercontent.com/gps-cs-s/AHVAwep7lr69z7DWAeM2RMbM4N5R9-_cTcNLoBJEPmhdsff78wZPm8dkoCOc_Z2PVMSJsT6dolGQJKJwfNRtOjuKZuvVQA54-1wX-XjQsa1Lqajxj-mPqH4SUOn9FObui6pZjfub88gS=w1920-h1080-k-no""]","[{""text"": ""The soda was good, that's about it.\nSafe the trip."", ""rating"": 1, ""author"": ""Ben"", ""published"": ""a month ago""}, {""text"": ""Great food with great drinks. Great atmosphere as well!"", ""rating"": 5, ""author"": ""Kevin Cho"", ""published"": ""3 months ago""}, {""text"": ""Really wasn\u2019t too impressed with the food or the service."", ""rating"": 3, ""author"": ""Ricardo Pimentel"", ""published"": ""6 months ago""}]",,"{""standout_dishes"": [""Corn fritters"", ""Fried chicken skins"", ""Peach pepper wings""], ""vibe_and_service"": [""Servers like Anne are warm, attentive, and remember you when you come back"", ""Happy hour starts at 11:30am and a few shared apps plus drinks stays under $50"", ""Welcoming, clean, southern-themed spot with checkered napkins and curtains""], ""wait_time_note"": null}"
r_17d98f,50.0,0.202907368993899,0.0,0.9,4.84754158879172,4.838080218182635,0.0,4.84754158879172,Konoha Yakitori Ramen and Sushi House,Park Slope,Japanese,NYC,ChIJc7iitYhbwokRnvMjjAopr3Q,"847B Union St, Brooklyn, NY 11215",4.9,245.0,https://komriwzkkknrsirifgqg.supabase.co/storage/v1/object/public/restaurant-photos/r_17d98f.jpg,https://www.google.com/maps/search/?api=1&query=Konoha%20Yakitori%20Ramen%20and%20Sushi%20House&query_place_id=ChIJc7iitYhbwokRnvMjjAopr3Q,25.0,40.6747237,-73.9757565,9.281,0.9142857142857144,10.0,0.0,0.9142857142857144,245.0,290.0,1.0,1.0,11215.0,0.82,0.1707317073170731,0.024390243902439,0.5609756097560976,0.1219512195121951,7.0,219.609756097561,0.5193764241534862,(347) 457-6280,https://www.instagram.com/konoha.yakitori/,"[{""day"": ""Monday"", ""hours"": ""Closed""}, {""day"": ""Tuesday"", ""hours"": ""12 to 4\u202fPM, 5 to 10\u202fPM""}, {""day"": ""Wednesday"", ""hours"": ""12 to 4\u202fPM, 5 to 10\u202fPM""}, {""day"": ""Thursday"", ""hours"": ""12 to 4\u202fPM, 5 to 10\u202fPM""}, {""day"": ""Friday"", ""hours"": ""12 to 4\u202fPM, 5 to 10\u202fPM""}, {""day"": ""Saturday"", ""hours"": ""12 to 4\u202fPM, 5 to 10\u202fPM""}, {""day"": ""Sunday"", ""hours"": ""12 to 4\u202fPM, 5 to 10\u202fPM""}]","[""https://lh3.googleusercontent.com/gps-cs-s/AHVAweoxkdH4Vv3Gz3RW06Ayq-Yzg1sSOtFKkDyaPBDpugP3rDXHFNXIDQxWuiI_qZQaXkkDvAfpgP-FT2ZB6sazsi_Tvp18FVgcxXyAPYZ4RFA52ZQwgiz1bVGo63PDNyILLJPA_ul6BZM2eakC=w1920-h1080-k-no""]","[{""text"": ""Very delicious sushi and amazing service!"", ""rating"": 5, ""author"": ""M\u00e6th\u00e9"", ""published"": ""2 months ago""}, {""text"": ""Favorite ramen spot in the neighborhood. Great vibes, nice people."", ""rating"": 5, ""author"": ""Val\u00e9rie Lech\u00eane"", ""published"": ""a day ago""}, {""text"": ""Good service, great food. One of the few places I regularly return to."", ""rating"": 5, ""author"": ""Rick Martel"", ""published"": ""Edited 2 months ago""}]",Hidden Gem,"{""standout_dishes"": [""Tonkotsu and tan tan ramen"", ""Yakitori skewers"", ""Sushi rolls and unagi don""], ""vibe_and_service"": [""Cozy, warm little spot that stays comfortable rather than loud"", ""Friendly, attentive staff, including being welcoming to a baby and late walk-ins"", ""Big portions and fair prices, plus free green tea and lunch specials until 4pm""], ""wait_time_note"": null}"
r_26dce7,50.0,0.202175064635639,0.0,0.92,4.5874990781894125,4.728508611514176,0.1410095333247634,4.51699431152703,7th Street Burger,Midtown,Burgers,NYC,ChIJQZ333rFZwokR9hVbTLTxWDo,"485 7th Ave, New York, NY 10018",4.5,1925.0,https://komriwzkkknrsirifgqg.supabase.co/storage/v1/object/public/restaurant-photos/r_26dce7.jpg,https://www.google.com/maps/search/?api=1&query=7th%20Street%20Burger&query_place_id=ChIJQZ333rFZwokR9hVbTLTxWDo,15.0,40.7523102,-73.9891202,0.703,0.7610389610389611,10.0,0.0296103896103896,0.7314285714285714,1925.0,1100.0,1.0,1.0,10018.0,0.58,0.0689655172413793,0.1034482758620689,0.2413793103448276,0.0689655172413793,0.6666666666666666,114.0,0.5186352719906491,(877) 245-9364,https://locations.7thstreetburger.com/locations/ny/new-york/485-7th-ave,"[{""day"": ""Monday"", ""hours"": ""11\u202fAM to 3\u202fAM""}, {""day"": ""Tuesday"", ""hours"": ""11\u202fAM to 3\u202fAM""}, {""day"": ""Wednesday"", ""hours"": ""11\u202fAM to 3\u202fAM""}, {""day"": ""Thursday"", ""hours"": ""11\u202fAM to 3\u202fAM""}, {""day"": ""Friday"", ""hours"": ""11\u202fAM to 3\u202fAM""}, {""day"": ""Saturday"", ""hours"": ""11\u202fAM to 3\u202fAM""}, {""day"": ""Sunday"", ""hours"": ""11\u202fAM to 1\u202fAM""}]","[""https://lh3.googleusercontent.com/gps-cs-s/AHVAwerm5xH7B8fV1duCg2v_Ku_L8WbpXiMKyrI5pAQJkfHxn9o4v2YorK-ylnzwKBeS2Xq2ZZ51aUa0hSQx-qwTP57y4ZU4PlUD0-dntmC3GUBDnFle4Rpjs5kFsrexpxLbPc7o7T2LkA=w1920-h1080-k-no""]","[{""text"": ""The service was great, the food incredible"", ""rating"": 5, ""author"": ""Polo Camargo"", ""published"": ""2 weeks ago""}, {""text"": ""Average at best, nothing special that stands out compared to other burger spots."", ""rating"": 3, ""author"": ""MK"", ""published"": ""2 weeks ago""}, {""text"": ""Great Burger spot in NYC and great customer service. Our family love it. We\u2019ll be back."", ""rating"": 5, ""author"": ""David Pettit"", ""published"": ""a week ago""}]",,"{""standout_dishes"": [""Smash burger (double cheese)"", ""Cheeseburger"", ""Fries""], ""vibe_and_service"": [""Friendly, welcoming staff who keep things moving even when it's packed"", ""Easy, fast, casual atmosphere with music that makes it fun to eat there"", ""Great value for the quality of the meat""], ""wait_time_note"": ""It can get crowded with limited seating, though a couple of reviewers say staff move people through quickly and the burger is worth the wait.""}"
r_c0e50d,100.0,0.2948091988306852,0.0,0.71,4.511161695027385,4.452792109152,0.0,4.511161695027385,Yasubee Authentic Ramen,Flushing,Japanese,NYC,ChIJn8P0yZ1hwokR_9Q19AbMBOM,"136-17 39th Ave, Queens, NY 11354",4.6,286.0,https://komriwzkkknrsirifgqg.supabase.co/storage/v1/object/public/restaurant-photos/r_c0e50d.jpg,https://www.google.com/maps/search/?api=1&query=Yasubee%20Authentic%20Ramen&query_place_id=ChIJn8P0yZ1hwokR_9Q19AbMBOM,15.0,40.7607759,-73.8296874,13.248,0.8111888111888111,10.0,0.0314685314685314,0.7797202797202797,286.0,190.0,0.0,1.0,11354.0,0.76,0.3421052631578947,0.1052631578947368,0.3684210526315789,0.1842105263157894,3.25,402.578947368421,0.5185317754714371,(718) 395-8297,,"[{""day"": ""Monday"", ""hours"": ""12 to 8:30\u202fPM""}, {""day"": ""Tuesday"", ""hours"": ""12 to 8:30\u202fPM""}, {""day"": ""Wednesday"", ""hours"": ""12 to 8:30\u202fPM""}, {""day"": ""Thursday"", ""hours"": ""12 to 8:30\u202fPM""}, {""day"": ""Friday"", ""hours"": ""12 to 8:30\u202fPM""}, {""day"": ""Saturday"", ""hours"": ""12 to 8:30\u202fPM""}, {""day"": ""Sunday"", ""hours"": ""12 to 8:30\u202fPM""}]","[""https://lh3.googleusercontent.com/gps-cs-s/AHVAwepUkEVirvXcOT6de7g6zCj1int7NgHlA7qBpXnstHXwhn-_yGV1PtnZewFif2r8ZsKQAqohVwHPO_-yh_xXnDOqalfgLIN0gHbK5vY94lkq0kYTVB_xnskzxyXl1bKTLcy3FBDN=w1920-h1080-k-no""]","[{""text"": ""ramen was very good .. i like this place"", ""rating"": 5, ""author"": ""K Santi"", ""published"": ""8 months ago""}, {""text"": ""Toppings were lacking but the noodles were fine."", ""rating"": 4, ""author"": ""Gary Gao"", ""published"": ""a year ago""}, {""text"": ""I got Spicy Shoyu and didn't love it:(\nThe soup is salty and the noodle is thick. Good service though"", ""rating"": 3, ""author"": ""Felix"", ""published"": ""3 weeks ago""}]",,"{""standout_dishes"": [""Shoyu tsukemen with chewy noodles"", ""Miso tsukemen with warm noodles"", ""Free Kung Fu Tea green tea can""], ""vibe_and_service"": [""Counter seating where you watch the chef make your food, with a peaceful, clean food court around it"", ""Friendly, quick staff who sometimes hand out a free Kung Fu Tea can"", ""Tsukemen deals ($2 off at times) and big portions of chewy noodles for the price""], ""wait_time_note"": ""Food is made to order by a single staff member, so expect a short wait, but reviewers visiting at off-peak times (before noon, weekdays) say service was quick.""}"
r_c4f0b5,50.0,0.1955832078346163,0.02,0.96,4.566593747317812,4.63298501761741,0.0663912702995981,4.533398112168014,Zona Sur Bar Bistro,Sunset Park,American,NYC,ChIJu2tlKbhawokRkz2dHlgxzUo,"4314 4th Ave, Brooklyn, NY 11220",4.6,520.0,https://komriwzkkknrsirifgqg.supabase.co/storage/v1/object/public/restaurant-photos/r_c4f0b5.jpg,https://www.google.com/maps/search/?api=1&query=Zona%20Sur%20Bar%20Bistro&query_place_id=ChIJu2tlKbhawokRkz2dHlgxzUo,,40.6502445,-74.0090484,12.127,0.7615384615384615,10.0,0.0269230769230769,0.7346153846153847,520.0,715.0,1.0,1.0,11220.0,0.72,0.4722222222222222,0.0555555555555555,0.3888888888888889,0.0277777777777777,8.5,232.47222222222223,0.5184830703647195,(718) 788-1606,http://www.cafezonasur.com/,"[{""day"": ""Monday"", ""hours"": ""1 to 10\u202fPM""}, {""day"": ""Tuesday"", ""hours"": ""1 to 10\u202fPM""}, {""day"": ""Wednesday"", ""hours"": ""1 to 10\u202fPM""}, {""day"": ""Thursday"", ""hours"": ""1 to 10\u202fPM""}, {""day"": ""Friday"", ""hours"": ""1 to 11\u202fPM""}, {""day"": ""Saturday"", ""hours"": ""11\u202fAM to 11\u202fPM""}, {""day"": ""Sunday"", ""hours"": ""11\u202fAM to 10\u202fPM""}]","[""https://lh3.googleusercontent.com/gps-cs-s/AHVAweqQZJvaR6g1So8qoRyRcr2-eQrQuZQRgFLPezkiymzLd352SqAsTWFInS3OeTMmMH_zA1UpmHDemF3S_Z58G9elcZ1G6mYoJ4wvzulqxz8KNxoy9NuoPW_PSkX-cLjEEa6DKO4=w1920-h1080-k-no""]","[{""text"": ""tacos and nachos here are so so good!! def recommended"", ""rating"": 5, ""author"": ""Karina Mavlanova"", ""published"": ""a year ago""}, {""text"": ""Someone back in that kitchen is COOKING!\n\nNothing but love."", ""rating"": 5, ""author"": ""Ljuba Castot"", ""published"": ""6 months ago""}, {""text"": ""Show photos of real location not just a ugly plates and food."", ""rating"": 1, ""author"": ""Nicky Narvaez"", ""published"": ""3 months ago""}]",,"{""standout_dishes"": [""Branzino (as entree and in fish tacos)"", ""Zona French Toast"", ""Spicy and passionfruit margaritas""], ""vibe_and_service"": [""Friendly, fast, attentive service, with the owner Luis personally welcoming guests"", ""Cozy, well-decorated space with string lights that works for a date, a small group, or solo"", ""Fair prices and generous portions""], ""wait_time_note"": null}"
r_e04ad7,50.0,0.2198614320094004,0.0,0.88,4.248564505248777,4.1094039641561775,0.0,4.248564505248777,Asian Jewels,Flushing,Chinese,NYC,ChIJ2aw2iQ5gwokRDiwmsI9YhnE,"133-30 39th Ave, Flushing, NY 11354",4.2,3033.0,https://komriwzkkknrsirifgqg.supabase.co/storage/v1/object/public/restaurant-photos/r_e04ad7.jpg,https://www.google.com/maps/search/?api=1&query=Asian%20Jewels&query_place_id=ChIJ2aw2iQ5gwokRDiwmsI9YhnE,25.0,40.7591397,-73.8333631,12.932,0.5654467523903726,10.0,0.0474777448071216,0.5179690075832509,3033.0,3943.0,1.0,5.0,11354.0,0.52,0.3461538461538461,0.2692307692307692,0.1923076923076923,0.1153846153846153,1.2857142857142858,237.57692307692307,0.5181823068946655,(718) 359-8600,http://www.asianjewelsny.com/,"[{""day"": ""Monday"", ""hours"": ""10\u202fAM to 11\u202fPM""}, {""day"": ""Tuesday"", ""hours"": ""10\u202fAM to 11\u202fPM""}, {""day"": ""Wednesday"", ""hours"": ""10\u202fAM to 11\u202fPM""}, {""day"": ""Thursday"", ""hours"": ""10\u202fAM to 11\u202fPM""}, {""day"": ""Friday"", ""hours"": ""10\u202fAM to 11\u202fPM""}, {""day"": ""Saturday"", ""hours"": ""9\u202fAM to 11\u202fPM""}, {""day"": ""Sunday"", ""hours"": ""9\u202fAM to 11\u202fPM""}]","[""https://lh3.googleusercontent.com/gps-cs-s/AHVAwepz82xsuqMBw7KaqjEzX3LRKdGGTCDHZRNu_J2uyyD-2jLfu7p-miQ_O01XEy29MHBLyplLXPA6PO0HEGdGvUiTpfkRVsNtVWo1XjR16Gq6fN0XhPsqVm2iZGuqCvWsLnU3S8CE=w1920-h1080-k-no""]","[{""text"": ""best dimsum ever!! must try the egg tarts \ud83d\udc9b"", ""rating"": 5, ""author"": ""K G"", ""published"": ""a week ago""}, {""text"": ""Really quick service and food was good. Very authentic"", ""rating"": 5, ""author"": ""Peter Z"", ""published"": ""a month ago""}, {""text"": ""Great food, fast service. Moderately priced with parking."", ""rating"": 4, ""author"": ""Argelis Rivera"", ""published"": ""a month ago""}]",,"{""standout_dishes"": [], ""vibe_and_service"": [""Classic cart-style dim sum with a lively, energetic dining room"", ""Fast, attentive, and courteous service with good variety"", ""Large round tables give it a homey, family-style feel that works for groups""], ""wait_time_note"": ""Expect a wait at peak times (about 30 minutes on a Saturday morning walk-in, and one reviewer says a wait is the norm), though it tends to move quickly.""}"
r_c06548,50.0,0.1967153538203782,0.0,0.78,4.78707357220684,4.882385728107806,0.0953121559009666,4.739417494256356,Fat Cardinal Provisions,Far Rockaway,Bakery,NYC,ChIJc75d1TlowokR8RLxQotNQGg,"1-96 Beach 92nd St, Far Rockaway, NY 11693",4.8,127.0,https://komriwzkkknrsirifgqg.supabase.co/storage/v1/object/public/restaurant-photos/r_c06548.jpg,https://www.google.com/maps/search/?api=1&query=Fat%20Cardinal%20Provisions&query_place_id=ChIJc75d1TlowokR8RLxQotNQGg,15.0,40.5862925,-73.81518,23.934,0.9133858267716536,10.0,0.0236220472440944,0.889763779527559,127.0,260.0,0.0,1.0,11693.0,0.8,0.3,0.0,0.525,0.0,12.0,144.375,0.5174501880123379,(347) 989-4322,http://www.fatcardinalprovisions.com/,"[{""day"": ""Monday"", ""hours"": ""9\u202fAM to 6\u202fPM""}, {""day"": ""Tuesday"", ""hours"": ""9\u202fAM to 6\u202fPM""}, {""day"": ""Wednesday"", ""hours"": ""Closed""}, {""day"": ""Thursday"", ""hours"": ""9\u202fAM to 6\u202fPM""}, {""day"": ""Friday"", ""hours"": ""9\u202fAM to 6\u202fPM""}, {""day"": ""Saturday"", ""hours"": ""8\u202fAM to 5\u202fPM""}, {""day"": ""Sunday"", ""hours"": ""8\u202fAM to 4\u202fPM""}]","[""https://lh3.googleusercontent.com/gps-cs-s/AHVAweqfM-IpEO1tG98RmeV3f6Om-qwUdNO4dpKtZEEJWUpAHblJ_MBR1Vh4aLYdeehsGroCCWrbMnjW4OjR5xefBfTl0emwj2-Q3ab1Zr0ikLRN8DIgaBx3JxJGICFwrxrBZwwODAlvTA=w1920-h1080-k-no""]","[{""text"": ""There brownies are the best. Friendly staff."", ""rating"": 5, ""author"": ""Ga Mclean"", ""published"": ""2 years ago""}, {""text"": ""Super delicious Tiramisu and yummy Cheesecake!"", ""rating"": 5, ""author"": ""Matt Liev"", ""published"": ""a year ago""}, {""text"": ""Very nice little place. Best donuts on the island."", ""rating"": 5, ""author"": ""Tom Donovan"", ""published"": ""a year ago""}]",Local Favorite,"{""standout_dishes"": [""Jelly donuts made with real jelly"", ""Sugar and other fresh donuts"", ""Rainbow cookies""], ""vibe_and_service"": [""Friendly, kind staff and good customer service, with a few staff named as especially great"", ""Cozy, homey neighborhood spot with a small counter and a cute red table out front"", ""Reasonable prices for fresh-baked goods""], ""wait_time_note"": null}"
r_1714ce,50.0,0.2081756949254816,0.0,0.9,4.011690506180171,4.300024032136214,0.2883335259560429,3.86752374320215,TabeTomo,East Village,Ramen,NYC,ChIJMcrE97VZwokR6_VTjbNC-MI,"131 Avenue A, New York, NY 10009",4.5,1152.0,https://komriwzkkknrsirifgqg.supabase.co/storage/v1/object/public/restaurant-photos/r_1714ce.jpg,https://www.google.com/maps/search/?api=1&query=TabeTomo&query_place_id=ChIJMcrE97VZwokR6_VTjbNC-MI,25.0,40.7269404,-73.9831557,3.453,0.7907986111111112,10.0,0.0355902777777777,0.7552083333333334,1152.0,1781.0,1.0,1.0,10009.0,0.72,0.2777777777777778,0.1666666666666666,0.3333333333333333,0.1111111111111111,1.6666666666666667,245.16666666666663,0.5170892105822106,(646) 850-6414,http://tabetomonyc.com/,"[{""day"": ""Monday"", ""hours"": ""12 to 9:30\u202fPM""}, {""day"": ""Tuesday"", ""hours"": ""12 to 9:30\u202fPM""}, {""day"": ""Wednesday"", ""hours"": ""12 to 9:30\u202fPM""}, {""day"": ""Thursday"", ""hours"": ""12 to 9:30\u202fPM""}, {""day"": ""Friday"", ""hours"": ""12 to 10:30\u202fPM""}, {""day"": ""Saturday"", ""hours"": ""12\u202fPM to 1\u202fAM""}, {""day"": ""Sunday"", ""hours"": ""12 to 9:30\u202fPM""}]","[""https://lh3.googleusercontent.com/gps-cs-s/AHVAwer0rNGdpyCNFDEIt1f05awYMSH_Kv328WgVxkuHfHNvsgE1vgH31qWlKMfdh1y4Wc3J18aBO-PRyUvTOlY5sn8OjuBYoFRdjhBCArTrZgSjhtw2MMar33FeJFASfa5S35s4UFaq=w1920-h1080-k-no""]","[{""text"": ""First time eating dipping noodles and it was delicious!"", ""rating"": 5, ""author"": ""Xiaomeng Liu"", ""published"": ""a month ago""}, {""text"": ""Tonkotsu ramen was really good\nThe broth was so delicious"", ""rating"": 5, ""author"": ""Harsh Gupta"", ""published"": ""2 months ago""}, {""text"": ""The best. So glad it\u2019s nearby. It gets busy. Deservedly so."", ""rating"": 5, ""author"": ""Adam Shlomi"", ""published"": ""a week ago""}]",,"{""standout_dishes"": [""Tsukemen with chewy noodles"", ""Tonkotsu ramen with rich broth"", ""Huge bowls piled with bean sprouts and chashu""], ""vibe_and_service"": [""Friendly, attentive, efficient staff even when it's packed"", ""Clean, thoughtfully designed space that feels authentic"", ""Generous portions that make a bowl feel like great value""], ""wait_time_note"": ""It gets busy, and you put your name on a paper strip on the wall \ntoo \ncould mean around a 20-minute wait for a bar seat on a weeknight, though one reviewer was seated super quick.""}"
r_f02d88,50.0,0.2732975894630162,0.02,0.76,3.485142796882793,3.615673811699594,0.130531014816801,3.4198772894743925,Hahm Ji Bach,Flushing,Korean,NYC,ChIJbZnaB95hwokR6FdEFloj04U,"40-11 149th Pl, Flushing, NY 11354",4.1,1734.0,https://komriwzkkknrsirifgqg.supabase.co/storage/v1/object/public/restaurant-photos/r_f02d88.jpg,https://www.google.com/maps/search/?api=1&query=Hahm%20Ji%20Bach&query_place_id=ChIJbZnaB95hwokR6FdEFloj04U,,40.763103,-73.8149239,14.51,0.649365628604383,5.7023809523809526,0.0968858131487889,0.552479815455594,1734.0,2495.0,1.0,5.0,11354.0,0.6,0.0666666666666666,0.1,0.2666666666666666,0.1,0.6666666666666666,305.2,0.516526418722957,(718) 460-9289,https://www.hahmjibach.com/,"[{""day"": ""Monday"", ""hours"": ""Open 24 hours""}, {""day"": ""Tuesday"", ""hours"": ""Open 24 hours""}, {""day"": ""Wednesday"", ""hours"": ""Open 24 hours""}, {""day"": ""Thursday"", ""hours"": ""Open 24 hours""}, {""day"": ""Friday"", ""hours"": ""Open 24 hours""}, {""day"": ""Saturday"", ""hours"": ""Open 24 hours""}, {""day"": ""Sunday"", ""hours"": ""1\u202fAM to 10\u202fPM""}]","[""https://lh3.googleusercontent.com/gps-cs-s/AHVAweoywaRGKNzx_9fGJXJbPoUN6P4LPIqWpOkQHXtNyD6LU8d9VyN4b5m0R1c6PjSztvI-8tksvRSqjZcyJXzGMJS3PfV2ZsEuB35CNkg6aUN2y6JxJi4_rC-kYGv-WdIa54xVwejz=w1920-h1080-k-no""]","[{""text"": ""Great Korean food! Large portions.\nOpen 24/7"", ""rating"": 5, ""author"": ""Miroslav Krstic"", ""published"": ""3 months ago""}, {""text"": ""Amazing experience- everything was delicious- open 24hr"", ""rating"": 5, ""author"": ""Eric Lupo"", ""published"": ""2 months ago""}, {""text"": ""Fabulous food all around. The spicy pork, the short rib, everything....."", ""rating"": 5, ""author"": ""Alfonso Villasenor"", ""published"": ""3 months ago""}]",,"{""standout_dishes"": [""Beef soondubu"", ""Marinated kalbi and other BBQ cuts"", ""Pork bulgogi lunch special""], ""vibe_and_service"": [""Friendly, attentive staff who greet you warmly"", ""Big portions and good value, especially the lunch special and BBQ"", ""Long-running spot that stays busy, with tasty banchan and late hours""], ""wait_time_note"": ""Expect a wait during peak weekend times unless you come early or book ahead; they take reservations by phone.""}"
r_b310e2,50.0,0.2334486478692797,0.0,0.86,4.848347137812575,4.7330944054718085,0.0,4.848347137812575,Momosan Ramen & Sake,Murray Hill,Ramen,NYC,ChIJucFsVwFZwokRDgJNUSyXpQE,"342 Lexington Ave, New York, NY 10016",4.5,3190.0,https://komriwzkkknrsirifgqg.supabase.co/storage/v1/object/public/restaurant-photos/r_b310e2.jpg,https://www.google.com/maps/search/?api=1&query=Momosan%20Ramen%20%26%20Sake&query_place_id=ChIJucFsVwFZwokRDgJNUSyXpQE,35.0,40.7499261,-73.9774455,1.128,0.7210031347962382,10.0,0.022257053291536,0.6987460815047022,3190.0,4934.0,1.0,1.0,10016.0,0.72,0.0,0.0555555555555555,0.3888888888888889,0.0833333333333333,0.0,128.30555555555554,0.5162396429921752,(646) 201-5529,http://momosanramen.com/,"[{""day"": ""Monday"", ""hours"": ""11:30\u202fAM to 3\u202fPM, 5 to 9\u202fPM""}, {""day"": ""Tuesday"", ""hours"": ""11:30\u202fAM to 3\u202fPM, 5 to 9\u202fPM""}, {""day"": ""Wednesday"", ""hours"": ""11:30\u202fAM to 3\u202fPM, 5 to 9\u202fPM""}, {""day"": ""Thursday"", ""hours"": ""11:30\u202fAM to 3\u202fPM, 5 to 9\u202fPM""}, {""day"": ""Friday"", ""hours"": ""11:30\u202fAM to 3\u202fPM, 5 to 10\u202fPM""}, {""day"": ""Saturday"", ""hours"": ""11:30\u202fAM to 3\u202fPM, 5 to 10\u202fPM""}, {""day"": ""Sunday"", ""hours"": ""11:30\u202fAM to 3\u202fPM, 5 to 9\u202fPM""}]","[""https://lh3.googleusercontent.com/gps-cs-s/AHVAwery7MD0iJ5-1RMtCk-cMsQmw2qyfJPojSmE1dynFha-eYk062kk9jtFv-pWB4lq1kwMxv5yYwh98Ux-mKPtCsRZ4pEnzvSSP6jAQe294V0kNe5Kc4jz_5FN2DT8tt94NXiK1t4Z=w1920-h1080-k-no""]","[{""text"": ""Thanks to making our experience at Momosan fun and memorable!!!"", ""rating"": 5, ""author"": ""Galen Leith"", ""published"": ""a month ago""}, {""text"": ""Got a spot pretty quickly, had a great rice + noodle lunch combo."", ""rating"": 5, ""author"": ""Reinhart"", ""published"": ""3 weeks ago""}, {""text"": ""Joe has taken care of me several times now. Always great service and great drinks!"", ""rating"": 5, ""author"": ""Michael Meleta"", ""published"": ""a month ago""}]",Universally Loved,"{""standout_dishes"": [], ""vibe_and_service"": [""Service is a consistent highlight, with reviewers calling it outstanding, polite, and attentive, and a few naming staff like Jenny, Joe, and Yamil"", ""Comfy, small, no-frills spot that works well for a quick bite"", ""Prices feel reasonable for the location, and several people say they come back every time they're in town""], ""wait_time_note"": null}"
r_598e74,50.0,0.1726112738929263,0.0,0.94,4.744920413494753,4.690628625273143,0.0,4.744920413494753,Violette's Restaurant - Staten Island,Midland Beach,Italian,NYC,ChIJPzucvrROwokR7y7Tqa-Eul0,"2271 Hylan Blvd, Staten Island, NY 10306",4.2,995.0,https://komriwzkkknrsirifgqg.supabase.co/storage/v1/object/public/restaurant-photos/r_598e74.jpg,https://www.google.com/maps/search/?api=1&query=Violette's%20Restaurant%20-%20Staten%20Island&query_place_id=ChIJPzucvrROwokR7y7Tqa-Eul0,100.0,40.5753962,-74.1051204,22.676,0.7668341708542713,5.8125,0.1125628140703517,0.6542713567839196,995.0,896.0,1.0,5.0,10306.0,0.72,0.1666666666666666,0.0277777777777777,0.9444444444444444,0.0277777777777777,6.0,336.5,0.5157474360857993,(718) 650-5050,http://www.violettesrestaurant.com/,"[{""day"": ""Monday"", ""hours"": ""12 to 9:30\u202fPM""}, {""day"": ""Tuesday"", ""hours"": ""12 to 9:30\u202fPM""}, {""day"": ""Wednesday"", ""hours"": ""12 to 9:30\u202fPM""}, {""day"": ""Thursday"", ""hours"": ""12 to 9:30\u202fPM""}, {""day"": ""Friday"", ""hours"": ""12 to 11\u202fPM""}, {""day"": ""Saturday"", ""hours"": ""11\u202fAM to 11\u202fPM""}, {""day"": ""Sunday"", ""hours"": ""11\u202fAM to 9\u202fPM""}]","[""https://lh3.googleusercontent.com/gps-cs-s/AHVAwepobsd0jOjmf3MNxfRBKVAJL3JcCU8F88WddM7KDW6e2qdgZhfZHDpXO1aKMpNpIQ-VrICxBwrAw4KN0ovmp2ljweJZFXHFMz7OrNT3TH50f_5Wd6-CXqEn7CSmBq-Wh5VZC1awXg=w1920-h1080-k-no""]","[{""text"": ""Just OK !  Brunch with a group of 25 Just OK  ! \ud83d\ude10"", ""rating"": 3, ""author"": ""robert Cavagnaro"", ""published"": ""5 months ago""}, {""text"": ""Their food is great and the atmosphere is so pretty."", ""rating"": 5, ""author"": ""Lindsey Corletto"", ""published"": ""2 months ago""}, {""text"": ""Food and Drinks were great! Very nice place & they have good music."", ""rating"": 5, ""author"": ""elizabeth rodriguez"", ""published"": ""2 months ago""}]",Local Favorite,"{""standout_dishes"": [], ""vibe_and_service"": [""Romantic, cellar-like atmosphere with dim lighting and several beautiful rooms, great for date night"", ""Attentive, friendly service with staff like Matt and John called out by name"", ""Private rooms work well for groups and celebrations like birthdays and a baby shower""], ""wait_time_note"": null}"
r_0cd252,31.0,0.2589462928916846,0.0,0.8064516129032258,5.000000000000001,5.000000000000001,0.0,5.000000000000001,"Love, Marianne LLC",Arverne,Bakery,NYC,ChIJH25HKlppwokRDZXhEsDmyzo,"68-05 Bayfield Ave, Arverne, NY 11692",5.0,31.0,https://komriwzkkknrsirifgqg.supabase.co/storage/v1/object/public/restaurant-photos/r_0cd252.jpg,https://www.google.com/maps/search/?api=1&query=Love%2C%20Marianne%20LLC&query_place_id=ChIJH25HKlppwokRDZXhEsDmyzo,15.0,40.5987857,-73.7980456,23.795,1.0,10.0,0.0,1.0,31.0,17.0,0.0,1.0,11692.0,0.8387096774193549,0.0769230769230769,0.0,0.7692307692307693,0.0384615384615384,2.0,184.19230769230768,0.5155539792299653,(607) 745-5883,http://www.lovemarianne.com/,"[{""day"": ""Monday"", ""hours"": ""Closed""}, {""day"": ""Tuesday"", ""hours"": ""9\u202fAM to 5\u202fPM""}, {""day"": ""Wednesday"", ""hours"": ""9\u202fAM to 5\u202fPM""}, {""day"": ""Thursday"", ""hours"": ""9\u202fAM to 5\u202fPM""}, {""day"": ""Friday"", ""hours"": ""9\u202fAM to 5\u202fPM""}, {""day"": ""Saturday"", ""hours"": ""1 to 5\u202fPM""}, {""day"": ""Sunday"", ""hours"": ""Closed""}]","[""https://lh3.googleusercontent.com/gps-cs-s/AHVAweo4W_SvaPR73kZ_32KWMry63uTnng5n3nnC9c1cAYNcgKQAzUYOjT7X1aGecIooJvHfgSwnCFleqTb0zo4B36HN1PDq5he885N_cHJzIknkkdm7qQQHNR0ALcFCE9VtcKpaAkFGBkJKySQ=w1920-h1080-k-no""]","[{""text"": ""So many options for dietary restrictions!!! \u2764\ufe0f\u2764\ufe0f\u2764\ufe0f"", ""rating"": 5, ""author"": ""Enchantress Shane"", ""published"": ""a year ago""}, {""text"": ""Outstanding selection and fresh daily. Very impressed with the variety of items, and an excellent treat to stop in for while passing through on the way to the coast. Looking forward to visiting again."", ""rating"": 5, ""author"": ""Ryan Norton"", ""published"": ""3 weeks ago""}, {""text"": ""Marianne is A+++.  Our family, friends, and guests are always impressed and delighted with her treats. We've also used her catering menu. Most recently we went to a restaurant we don't otherwise visit, just so we could have her deserts!"", ""rating"": 5, ""author"": ""Sue Peters"", ""published"": ""a year ago""}]",Hidden Gem,"{""standout_dishes"": [""Carrot cake"", ""Salted caramel blondie bars and squares"", ""Chocolate flourless cake"", ""Pumpkin mousse""], ""vibe_and_service"": [""Marianne herself gets glowing praise as a sweetheart who pours real love and care into everything she bakes"", ""Everything is gluten-free, with plenty of options for dietary restrictions, and it still doesn't taste gluten-free"", ""Fresh daily with a big variety, plus cakes and catering for birthdays and events""], ""wait_time_note"": null}"
r_c53e5b,50.0,0.2210949581634033,0.0,0.86,4.0329865408983165,4.221730291683441,0.1887437507851244,3.9386146655057535,876 Caribbean Eatery,Jamaica,Caribbean,NYC,ChIJE507gSVnwokRifm8Rr5PNpU,"153-41 Rockaway Blvd, Jamaica, NY 11434",4.3,63.0,https://komriwzkkknrsirifgqg.supabase.co/storage/v1/object/public/restaurant-photos/r_c53e5b.jpg,https://www.google.com/maps/search/?api=1&query=876%20Caribbean%20Eatery&query_place_id=ChIJE507gSVnwokRifm8Rr5PNpU,15.0,40.6695396,-73.7822129,19.874,0.9047619047619048,5.333333333333333,0.1428571428571428,0.7619047619047619,63.0,31.0,1.0,1.0,11434.0,0.88,0.1363636363636363,0.0,0.4318181818181818,0.0909090909090909,6.0,206.25,0.5153680337684371,(347) 548-4312,https://876caribbeaneatery.com/,"[{""day"": ""Monday"", ""hours"": ""6\u202fAM to 10\u202fPM""}, {""day"": ""Tuesday"", ""hours"": ""6\u202fAM to 10\u202fPM""}, {""day"": ""Wednesday"", ""hours"": ""6\u202fAM to 10\u202fPM""}, {""day"": ""Thursday"", ""hours"": ""6\u202fAM to 10\u202fPM""}, {""day"": ""Friday"", ""hours"": ""7\u202fAM to 11\u202fPM""}, {""day"": ""Saturday"", ""hours"": ""7\u202fAM to 11\u202fPM""}, {""day"": ""Sunday"", ""hours"": ""7\u202fAM to 11\u202fPM""}]","[""https://lh3.googleusercontent.com/gps-cs-s/AHVAwepPTIe1VdiZnGaskQU_niiUstxvZOpK7uoklfkM4-0l-8VcF66YfSi7N3zlMr5oJAb3_CQnVY8mcrZ6vG0dsQCQc6CO9xtvmA5_SZsDdnEbqJBngzQvgbOXlSwh-w9iKW80dGIiYA=w1920-h1080-k-no""]","[{""text"": ""Delicious food and great service. I will come again."", ""rating"": 5, ""author"": ""Heather Kool"", ""published"": ""11 months ago""}, {""text"": ""Don\u2019t even answer ya phone when people new to contact you about a order"", ""rating"": 1, ""author"": ""Malika .K"", ""published"": ""a month ago""}, {""text"": ""Awesome Customer Service and The Food is Absolutely Delicious.   The portion size and variety are amazing. I highly recommend this restaurant!"", ""rating"": 5, ""author"": ""Crae Boog"", ""published"": ""9 months ago""}]",,"{""standout_dishes"": [], ""vibe_and_service"": [""Staff are consistently described as friendly, attentive, and sweet, with a specific shout-out to Tiana for putting orders together"", ""Generous portions at reasonable prices, and the food tastes like authentic Caribbean cooking"", ""Spotless, family-owned spot, though it's better for takeout than eating in""], ""wait_time_note"": null}"
r_b3337c,50.0,0.2994216398917036,0.02,0.72,4.746177330310902,4.765907699497529,0.019730369186627,4.736312145717588,토속촌,Flushing,Korean,NYC,ChIJBUeB77xhwokR6pm5HYPRytQ,"149-20 41st Ave, Flushing, NY 11355",4.8,388.0,https://komriwzkkknrsirifgqg.supabase.co/storage/v1/object/public/restaurant-photos/r_b3337c.jpg,https://www.google.com/maps/search/?api=1&query=%ED%86%A0%EC%86%8D%EC%B4%8C&query_place_id=ChIJBUeB77xhwokR6pm5HYPRytQ,25.0,40.7620769,-73.8150029,14.499,0.940721649484536,10.0,0.018041237113402,0.922680412371134,388.0,385.0,1.0,1.0,11355.0,0.76,0.131578947368421,0.0,0.4473684210526316,0.0263157894736842,5.0,90.6842105263158,0.5153438132906192,(347) 542-3777,https://www.instagram.com/tosocchon_flushing?igsh=eGMzbGp6YmZwcTVt&utm_source=qr,"[{""day"": ""Monday"", ""hours"": ""7\u202fAM to 10\u202fPM""}, {""day"": ""Tuesday"", ""hours"": ""7\u202fAM to 10\u202fPM""}, {""day"": ""Wednesday"", ""hours"": ""7\u202fAM to 10\u202fPM""}, {""day"": ""Thursday"", ""hours"": ""7\u202fAM to 10\u202fPM""}, {""day"": ""Friday"", ""hours"": ""7\u202fAM to 10\u202fPM""}, {""day"": ""Saturday"", ""hours"": ""7\u202fAM to 10\u202fPM""}, {""day"": ""Sunday"", ""hours"": ""7\u202fAM to 10\u202fPM""}]","[""https://lh3.googleusercontent.com/gps-cs-s/AHVAweraq1F_qAoAX4JQo0Z9QHuoKNFl0HJ4Do182-aQO0018jXRi6NlV-3w-6cM4HVq05fw9bKJbz-8W7ZexNIdg8mk96qgZpZI-qjqGT_q4r5fdZF8zTbrXGvh_m5g6F5r7pBbL2rDZw=w1920-h1080-k-no""]","[{""text"": ""Very good service and the foods were great"", ""rating"": 5, ""author"": ""eunhee ch"", ""published"": ""2 days ago""}, {""text"": ""Good homey Korean food, perfect to warm the soul- love the radish kimchi with the bone broth soups"", ""rating"": 5, ""author"": ""UnSun Kim"", ""published"": ""a month ago""}, {""text"": ""Took my Korean friends here and they all loved it. 10/10 recommend bosam and the kimchi that comes with it!!!"", ""rating"": 5, ""author"": ""Alison Reid"", ""published"": ""3 weeks ago""}]",Local Favorite,"{""standout_dishes"": [""Bossam with kimchi"", ""Soondae and soondae guk"", ""Seafood pancake"", ""Pork bone and beef bone soups""], ""vibe_and_service"": [""Cozy, homey feel with comforting Korean food that reminds people of Korea"", ""Friendly, attentive staff mentioned across many reviews"", ""Generous portions at fair prices with lots of banchan and several kinds of kimchi""], ""wait_time_note"": null}"
r_b2e21d,50.0,0.2083970468947038,0.0,0.92,4.643780216801695,4.689535204268863,0.0457549874671672,4.620902723068111,Woori Korean Restaurant,Fort Greene,Korean,NYC,ChIJEWXdJ2JbwokRmKNA-mJx7QE,"336 Myrtle Ave, Brooklyn, NY 11205",4.7,217.0,https://komriwzkkknrsirifgqg.supabase.co/storage/v1/object/public/restaurant-photos/r_b2e21d.jpg,https://www.google.com/maps/search/?api=1&query=Woori%20Korean%20Restaurant&query_place_id=ChIJEWXdJ2JbwokRmKNA-mJx7QE,25.0,40.6930914,-73.9730928,7.282,0.8986175115207373,10.0,0.0414746543778801,0.8571428571428571,217.0,224.0,1.0,1.0,11205.0,0.74,0.3783783783783784,0.0,0.3783783783783784,0.2702702702702703,14.0,201.9189189189189,0.5152977302721619,(516) 460-8606,https://www.woori.getsauce.com/?utm_source=GMB&utm_medium=Website+Button&utm_id=woori,"[{""day"": ""Monday"", ""hours"": ""11\u202fAM to 9\u202fPM""}, {""day"": ""Tuesday"", ""hours"": ""11\u202fAM to 9\u202fPM""}, {""day"": ""Wednesday"", ""hours"": ""11\u202fAM to 9\u202fPM""}, {""day"": ""Thursday"", ""hours"": ""4 to 9\u202fPM""}, {""day"": ""Friday"", ""hours"": ""11\u202fAM to 10\u202fPM""}, {""day"": ""Saturday"", ""hours"": ""11\u202fAM to 10\u202fPM""}, {""day"": ""Sunday"", ""hours"": ""Closed""}]","[""https://lh3.googleusercontent.com/gps-cs-s/AHVAweq5jRjetooqkk4DqvRE4VUT8OSEElMA-CydTm68GmSqjQ7iGs4uFmPjEBDee5fqe6XqgajGIq7k7rKA_4HpOnuZ-z0LUbTgLznBkMackZ56BWqXV10SVJMT7z7ZLI8xHbQptZEW5Q=w1920-h1080-k-no""]","[{""text"": ""The food was very good. Flavorful.\nThe space was clean.\nDecor was okay."", ""rating"": 5, ""author"": ""Cagedjock"", ""published"": ""10 months ago""}, {""text"": ""Our absolute favorite place in the neighborhood!! We go once/week (seriously)."", ""rating"": 5, ""author"": ""Nicole McNey"", ""published"": ""3 months ago""}, {""text"": ""Great spot for authentic Korean in Brooklyn.  Really enjoyed the Galbi Jim and Bi Bim Bap Dolsot."", ""rating"": 5, ""author"": ""Ben Bunch"", ""published"": ""7 months ago""}]",Local Favorite,"{""standout_dishes"": [""Kimbap"", ""Tteokbokki (dukboki)""], ""vibe_and_service"": [""Friendly, attentive staff, with a shout-out to Kelly for great hospitality"", ""Generous portions that come with banchan, rice, and miso soup, so splitting an entree works"", ""Clean, no-frills neighborhood spot with authentic Korean flavors""], ""wait_time_note"": null}"
r_619aae,50.0,0.2091068854451094,0.0,0.88,4.616892515979191,4.544957996722173,0.0,4.616892515979191,Antonio's Trattoria,Belmont,Italian,NYC,ChIJi0UhO4f0wokR_jzG9KlaPQA,"2370 Belmont Ave, Bronx, NY 10458",4.6,1586.0,https://komriwzkkknrsirifgqg.supabase.co/storage/v1/object/public/restaurant-photos/r_619aae.jpg,https://www.google.com/maps/search/?api=1&query=Antonio's%20Trattoria&query_place_id=ChIJi0UhO4f0wokR_jzG9KlaPQA,25.0,40.8541412,-73.8865738,13.586,0.7894073139974779,10.0,0.0271122320302648,0.7622950819672131,1586.0,1077.0,1.0,1.0,10458.0,0.76,0.2631578947368421,0.0,0.3684210526315789,0.1842105263157894,10.0,242.0,0.5147329353472104,(718) 733-6630,http://www.antoniostrattoria.com/,"[{""day"": ""Monday"", ""hours"": ""11:30\u202fAM to 9\u202fPM""}, {""day"": ""Tuesday"", ""hours"": ""11:30\u202fAM to 9\u202fPM""}, {""day"": ""Wednesday"", ""hours"": ""11:30\u202fAM to 9\u202fPM""}, {""day"": ""Thursday"", ""hours"": ""11:30\u202fAM to 9\u202fPM""}, {""day"": ""Friday"", ""hours"": ""11:30\u202fAM to 9:30\u202fPM""}, {""day"": ""Saturday"", ""hours"": ""11:30\u202fAM to 10\u202fPM""}, {""day"": ""Sunday"", ""hours"": ""11:30\u202fAM to 8\u202fPM""}]","[""https://lh3.googleusercontent.com/gps-cs-s/AHVAwerBBlgj8C_asvrTrNm0Rk3SWFS5kFnfijZFMN54Gb8ccDqG7uK16sdJXq9JynVjJXvU7zVqP5cXOq3mFdA0J5VzLtp5ifSH4Ow-Rc60pJB96jL2TGTjPiT-tPDbVtmNvcAVt0yX=w1920-h1080-k-no""]","[{""text"": ""Excellent restaurant. Great atmosphere and service"", ""rating"": 5, ""author"": ""Denise Diva"", ""published"": ""4 months ago""}, {""text"": ""Very classy place and the staff had great service!"", ""rating"": 5, ""author"": ""Jachole Barage"", ""published"": ""4 months ago""}, {""text"": ""Great food. Old school feel. Staff was friendly + accommodating."", ""rating"": 5, ""author"": ""Donna Campanelli"", ""published"": ""6 months ago""}]",Local Favorite,"{""standout_dishes"": [], ""vibe_and_service"": [""Old-school, nostalgic NYC Italian feel with a warm welcome and a good bartender"", ""Friendly, accommodating staff who make you feel like family"", ""Easy to book for big groups and celebrations, with food that comes out at a good pace""], ""wait_time_note"": null}"
r_3c5043,50.0,0.1951631740343148,0.0,0.88,4.354060557676505,4.485689030561533,0.1316284728850281,4.288246321233991,Toloache,Upper East Side,Mexican,NYC,ChIJPcgi0r1YwokRqYsA0cxFcOE,"166 E 82nd St, New York, NY 10028",4.4,898.0,https://komriwzkkknrsirifgqg.supabase.co/storage/v1/object/public/restaurant-photos/r_3c5043.jpg,https://www.google.com/maps/search/?api=1&query=Toloache&query_place_id=ChIJPcgi0r1YwokRqYsA0cxFcOE,55.0,40.7763912,-73.9567618,3.183,0.7338530066815144,10.0,0.05456570155902,0.6792873051224945,898.0,711.0,1.0,1.0,10028.0,0.72,0.1944444444444444,0.0,0.3888888888888889,0.1944444444444444,7.0,264.0,0.5143591622214407,(212) 861-4505,http://toloachenyc.com/,"[{""day"": ""Monday"", ""hours"": ""12 to 10\u202fPM""}, {""day"": ""Tuesday"", ""hours"": ""12 to 10\u202fPM""}, {""day"": ""Wednesday"", ""hours"": ""12 to 10\u202fPM""}, {""day"": ""Thursday"", ""hours"": ""12 to 10\u202fPM""}, {""day"": ""Friday"", ""hours"": ""12 to 10\u202fPM""}, {""day"": ""Saturday"", ""hours"": ""12 to 10\u202fPM""}, {""day"": ""Sunday"", ""hours"": ""12 to 10\u202fPM""}]","[""https://lh3.googleusercontent.com/gps-cs-s/AHVAweqy8YznfJR9Snx9KXbO2_hOuVc3ZsuNhghAbg7Z6m-tfQs90GCTiwwVHfA-sJJYGUg7UNZTPU0EjZfzOOLZ2pXYh6BZ0SkRr22_Cg8R-haTWwR_a86CcyxzDbLIJaP1A_WEcnyp=w1920-h1080-k-no""]","[{""text"": ""Good vibe. Very happening place. Food was good."", ""rating"": 5, ""author"": ""Praveen S"", ""published"": ""5 months ago""}, {""text"": ""Cesar the bartender is the best, good and atmosphere are delicious!"", ""rating"": 5, ""author"": ""Samantha E Goldstein"", ""published"": ""3 weeks ago""}, {""text"": ""Excellent food especially the tuna ceviche and burritos. Ceviche portion was small."", ""rating"": 4, ""author"": ""Sandeep Malhotra"", ""published"": ""4 months ago""}]",,"{""standout_dishes"": [""Tuna ceviche"", ""Beef tacos"", ""Guacamole"", ""Carnitas tacos""], ""vibe_and_service"": [""Friendly, attentive staff and quick service, including a well-liked bartender named Rafael"", ""Cozy, lively spot that works for after-work margaritas or a casual dinner"", ""Gluten-free options, including a separate fryer for tortilla chips, though you'll want to ask your server since menu markings can be confusing""], ""wait_time_note"": null}"
r_f0f00f,50.0,0.2181391281657715,0.0,0.88,4.770344875257456,4.654793786167259,0.0,4.770344875257456,Kimo's,Rockaway Beach,Mediterranean,NYC,ChIJAQCVGUdowokRpauTlXu2HP4,"92-16 Rockaway Beach Blvd, Queens, NY 11693",4.8,1172.0,https://komriwzkkknrsirifgqg.supabase.co/storage/v1/object/public/restaurant-photos/r_f0f00f.jpg,https://www.google.com/maps/search/?api=1&query=Kimo's&query_place_id=ChIJAQCVGUdowokRpauTlXu2HP4,15.0,40.5863456,-73.8160552,23.885,0.9411262798634812,10.0,0.0349829351535836,0.9061433447098975,1172.0,544.0,0.0,10.0,11693.0,0.76,0.6578947368421053,0.0789473684210526,0.5,0.1578947368421052,8.333333333333334,224.5,0.5142857764727364,(347) 926-4384,https://kimoskitchen.com/,"[{""day"": ""Monday"", ""hours"": ""11:30\u202fAM to 7:30\u202fPM""}, {""day"": ""Tuesday"", ""hours"": ""11:30\u202fAM to 7:30\u202fPM""}, {""day"": ""Wednesday"", ""hours"": ""11:30\u202fAM to 7:30\u202fPM""}, {""day"": ""Thursday"", ""hours"": ""11:30\u202fAM to 7:30\u202fPM""}, {""day"": ""Friday"", ""hours"": ""11:30\u202fAM to 8\u202fPM""}, {""day"": ""Saturday"", ""hours"": ""11:30\u202fAM to 8\u202fPM""}, {""day"": ""Sunday"", ""hours"": ""11:30\u202fAM to 8\u202fPM""}]","[""https://lh3.googleusercontent.com/gps-cs-s/AHVAwepYG7iFPqGDlquMaLmedHwnP1EXOP-DZHRvZ-roc1SBNvx80Tmd30cqYwwh5qDhqdkHSJVAMKT2JaYYrTLL5U40KsgdYoRc-YSMYuH87_MVAqbFUndUgJ2PjxAShxcXyenGeFiUXw=w1920-h1080-k-no""]","[{""text"": ""Very fresh Egyptian food! And very friendly staff!"", ""rating"": 5, ""author"": ""James Norman"", ""published"": ""6 months ago""}, {""text"": ""Delicious pita sandwiches! Can\u2019t wait to visit again."", ""rating"": 5, ""author"": ""Emily Reers Wright"", ""published"": ""3 months ago""}, {""text"": ""My brother and I visited this place, loved da food staff very welcoming."", ""rating"": 5, ""author"": ""Marve Sinclair"", ""published"": ""6 months ago""}]",Local Favorite,"{""standout_dishes"": [""Chicken shawarma bowl or pita"", ""Pita sandwiches"", ""Bowls with fresh ingredients""], ""vibe_and_service"": [""Friendly, welcoming staff and family-run feel"", ""Cozy Greece-meets-Egypt ambiance with nice outdoor patio seating"", ""Fresh, clean space that's a good break from the beach""], ""wait_time_note"": null}"
r_7ef93f,50.0,0.1655703466945963,0.0,0.96,4.84828021885328,4.88629394597943,0.0380137271261498,4.829273355290205,The Common,Fort Hamilton,Brunch,NYC,ChIJX7Tv1xlhwokRQbVL1ZTyrfE,"first floor, 9406 3rd Ave, Brooklyn, NY 11209",4.8,611.0,https://komriwzkkknrsirifgqg.supabase.co/storage/v1/object/public/restaurant-photos/r_7ef93f.jpg,https://www.google.com/maps/search/?api=1&query=The%20Common&query_place_id=ChIJX7Tv1xlhwokRQbVL1ZTyrfE,25.0,40.6178368,-74.0335696,16.086,0.8919803600654664,10.0,0.0196399345335515,0.8723404255319149,611.0,724.0,1.0,4.0,11209.0,0.78,0.1794871794871795,0.0769230769230769,0.5897435897435898,0.0512820512820512,2.333333333333333,197.74358974358967,0.512894531110596,(718) 680-3030,https://www.thecommonbrooklyn.com/,"[{""day"": ""Monday"", ""hours"": ""8\u202fAM to 3:30\u202fPM""}, {""day"": ""Tuesday"", ""hours"": ""8\u202fAM to 3:30\u202fPM""}, {""day"": ""Wednesday"", ""hours"": ""8\u202fAM to 3:30\u202fPM""}, {""day"": ""Thursday"", ""hours"": ""8\u202fAM to 3:30\u202fPM""}, {""day"": ""Friday"", ""hours"": ""8\u202fAM to 3:30\u202fPM""}, {""day"": ""Saturday"", ""hours"": ""8\u202fAM to 3:30\u202fPM""}, {""day"": ""Sunday"", ""hours"": ""8\u202fAM to 3:30\u202fPM""}]","[""https://lh3.googleusercontent.com/gps-cs-s/AHVAwerc6oK9Af2QEH-CWUQjtL1TOaARQ73fd5A9cpooCXNZqJDANNyQEZ2sW8Bv_Y0NKBLJJsMwrZPmffo54F61KQVzmqRB1jkwR44y9b8JZtDEBxrBY46ifPk6KqzqPN4SIc-Rmhh8=w1920-h1080-k-no""]","[{""text"": ""The food was delicious \ud83d\ude0b Definitely recommend!"", ""rating"": 5, ""author"": ""Jacqueline Burgos"", ""published"": ""2 months ago""}, {""text"": ""Food is amazingly good \ud83d\udc4d place was crowded by 9 a.m."", ""rating"": 5, ""author"": ""hector coyoy"", ""published"": ""4 months ago""}, {""text"": ""Once a 5/5 spot, now service is disappointing\u2026 a shame"", ""rating"": 2, ""author"": ""Riccardo"", ""published"": ""Edited a week ago""}]",Local Favorite,"{""standout_dishes"": [], ""vibe_and_service"": [""Friendly, attentive staff, with specific shout-outs to the waitress and to Chef Aleksandr, Ivan and Alex"", ""Cozy, quiet little spot off the beaten path with a distinctive, upbeat atmosphere"", ""Fresh, generous, healthy food at reasonable prices, with substitution options available""], ""wait_time_note"": null}"
r_d76aa8,50.0,0.1847360755091309,0.0,0.92,1.9815599672121795,1.4154120568892457,0.0,1.9815599672121795,Mi Casa,Queens,Mexican,NYC,ChIJRYfG5rFnwokRJtQKB_JcTgY,"3-03 30th St, Queens, NY 10001",1.4,682.0,https://komriwzkkknrsirifgqg.supabase.co/storage/v1/object/public/restaurant-photos/r_d76aa8.jpg,https://www.google.com/maps/search/?api=1&query=Mi%20Casa&query_place_id=ChIJRYfG5rFnwokRJtQKB_JcTgY,25.0,40.642232,-73.7831219,21.472,0.8695014662756598,0.0703971119133574,0.8123167155425219,0.0571847507331378,682.0,214.0,1.0,1.0,10001.0,0.96,0.0833333333333333,0.3125,0.0416666666666666,0.1666666666666666,0.2666666666666666,268.3541666666667,0.5126431754613594,,,"[{""day"": ""Monday"", ""hours"": ""6\u202fAM to 1\u202fAM""}, {""day"": ""Tuesday"", ""hours"": ""6\u202fAM to 1\u202fAM""}, {""day"": ""Wednesday"", ""hours"": ""6\u202fAM to 1\u202fAM""}, {""day"": ""Thursday"", ""hours"": ""6\u202fAM to 1\u202fAM""}, {""day"": ""Friday"", ""hours"": ""6\u202fAM to 1\u202fAM""}, {""day"": ""Saturday"", ""hours"": ""6\u202fAM to 1\u202fAM""}, {""day"": ""Sunday"", ""hours"": ""6\u202fAM to 1\u202fAM""}]","[""https://lh3.googleusercontent.com/gps-cs-s/AHVAweoBZHXTvXEOR-FxbBEe5u0tSp9CC5HcBXRAub1GnHsRmp1E_QIEFowsF9XJPZwfkrqX5eR_Wnn2zRov_K6ntgxNzAbfZxcJWEd9dnJGGyvQk6QLCmoqhbi4u0rxpUK8nHQejX5dCA=w1920-h1080-k-no""]","[{""text"": ""Terrible service. Long wait. Terrible quality food."", ""rating"": 1, ""author"": ""Danmary Albertini"", ""published"": ""3 months ago""}, {""text"": ""The burrito contains 95% rice and 5% beans and other actual ingredients"", ""rating"": 1, ""author"": ""Simon"", ""published"": ""2 months ago""}, {""text"": ""Awful. Legitimately bad food. May be the worst Mexican food I\u2019ve ever had."", ""rating"": 1, ""author"": ""Christopher Weiss"", ""published"": ""a month ago""}]",,"{""standout_dishes"": [], ""vibe_and_service"": [""One reviewer praised Hossain for great service, handling the whole bar by himself""], ""wait_time_note"": ""Expect slow service here: one reviewer waited 18 minutes for food at a three-quarters-full spot, another waited 25 minutes after ordering by QR code, and a third said the kitchen was short-staffed, so don't come if you're tight on time.""}"
r_fb69c2,50.0,0.1916942259843854,0.0,0.9,4.4978518271430765,4.673711232613781,0.1758594054707041,4.409922124407725,Local Hops,Forest Hills,Burgers,NYC,ChIJJVVvF_lfwokRjaP3lWJKUm4,"66-75 Selfridge St, Forest Hills, NY 11375",4.7,203.0,https://komriwzkkknrsirifgqg.supabase.co/storage/v1/object/public/restaurant-photos/r_fb69c2.jpg,https://www.google.com/maps/search/?api=1&query=Local%20Hops&query_place_id=ChIJJVVvF_lfwokRjaP3lWJKUm4,15.0,40.717173,-73.8570469,11.822,0.8916256157635468,10.0,0.0295566502463054,0.8620689655172413,203.0,181.0,1.0,10.0,11375.0,0.7,0.4285714285714285,0.2,0.2,0.0857142857142857,2.142857142857143,242.62857142857143,0.5109476480676055,(718) 480-6616,http://thelocaleateryandcraftbeer.com/,"[{""day"": ""Monday"", ""hours"": ""4 to 10\u202fPM""}, {""day"": ""Tuesday"", ""hours"": ""4 to 10\u202fPM""}, {""day"": ""Wednesday"", ""hours"": ""12 to 10\u202fPM""}, {""day"": ""Thursday"", ""hours"": ""12\u202fPM to 12\u202fAM""}, {""day"": ""Friday"", ""hours"": ""12\u202fPM to 12\u202fAM""}, {""day"": ""Saturday"", ""hours"": ""12\u202fPM to 12\u202fAM""}, {""day"": ""Sunday"", ""hours"": ""12 to 10\u202fPM""}]","[""https://lh3.googleusercontent.com/gps-cs-s/AHVAwepLRgPw1toFOyRQmQq_OJBTpEaC2OMuGkNTWQNzUJK6XYUzk1zlz3Stp3X4lpl8RX1p3YQDkT1Zzjdo0W_38232va0qBBg0FxFbeYmHsgkvg5KI9OOJtJT6vHZPojKaxS1Rh_alM5eq-W0=w1920-h1080-k-no""]","[{""text"": ""Great local beer and staff! Highly recommend"", ""rating"": 5, ""author"": ""Alexis M"", ""published"": ""a year ago""}, {""text"": ""Trivia night was so much fun! Food was delicious too!"", ""rating"": 5, ""author"": ""Rose Santos"", ""published"": ""a month ago""}, {""text"": ""We always enjoy coming here for the pilsners and tasty food."", ""rating"": 5, ""author"": ""Brian Bond"", ""published"": ""Edited a year ago""}]",,"{""standout_dishes"": [], ""vibe_and_service"": [""Huge craft beer selection on tap and in cans, with owners and staff who give good recommendations and even pour small tastes"", ""Relaxed, hole-in-the-wall neighborhood hangout with good music and high-tops that's great for card games, trivia night, and catching a game with friends"", ""Friendly, welcoming service from the owners and counter staff, plus easy parking nearby""], ""wait_time_note"": null}"
r_133e49,50.0,0.2819729976244042,0.0,0.76,4.524217226943325,4.351219238661056,0.0,4.524217226943325,Genatsvale Georgian Bakery | Shawarma,Brighton Beach,Middle Eastern,NYC,ChIJIb1JFjFFwokR81mdRAeft-E,"3070 Brighton 3rd St, Brooklyn, NY 11235",4.7,495.0,https://komriwzkkknrsirifgqg.supabase.co/storage/v1/object/public/restaurant-photos/r_133e49.jpg,https://www.google.com/maps/search/?api=1&query=Genatsvale%20Georgian%20Bakery%20%7C%20Shawarma&query_place_id=ChIJIb1JFjFFwokR81mdRAeft-E,15.0,40.5773852,-73.9644646,20.128,0.9535353535353536,10.0,0.0525252525252525,0.901010101010101,495.0,154.0,1.0,2.0,11235.0,0.6,0.2,0.1,0.5666666666666667,0.1,2.0,99.06666666666666,0.5103405005223629,(646) 877-8878,,"[{""day"": ""Monday"", ""hours"": ""9\u202fAM to 10\u202fPM""}, {""day"": ""Tuesday"", ""hours"": ""9\u202fAM to 10\u202fPM""}, {""day"": ""Wednesday"", ""hours"": ""9\u202fAM to 10\u202fPM""}, {""day"": ""Thursday"", ""hours"": ""9\u202fAM to 10\u202fPM""}, {""day"": ""Friday"", ""hours"": ""9\u202fAM to 10\u202fPM""}, {""day"": ""Saturday"", ""hours"": ""9\u202fAM to 10\u202fPM""}, {""day"": ""Sunday"", ""hours"": ""9\u202fAM to 10\u202fPM""}]","[""https://lh3.googleusercontent.com/gps-cs-s/AHVAweq1hzvmztRbZ7yBvDYQ0_fIf_Ki-Hq7eMRNk-cJheIEviC5nZvEwe4auudsAJG-7rWkQ5ePPQHm89uKfwuHTKucO7LkGDkhCo7IoUZuEJ-qYFSfoZF0pIeXjXsed02KIFf7zDhlwg=w1920-h1080-k-no""]","[{""text"": ""Your food really delicious, i love it \ud83e\udd70 thank you \ud83d\ude4f\u2764\ufe0f\ud83c\uddec\ud83c\uddea"", ""rating"": 5, ""author"": ""Milena milee"", ""published"": ""a month ago""}, {""text"": ""Largest and biggest shawarma in whole brooklyn. Everyday place \ud83e\udef6"", ""rating"": 5, ""author"": ""\u0442\u0438\u043f\u0438\u0447\u043d\u044b\u0439 \u00ab\u0432\u043b\u0430\u0434\u0438\u043c\u0438\u0440\u00bb lucky"", ""published"": ""a month ago""}, {""text"": ""Amazing shawarma \u2014 juicy meat, fresh veggies, and great flavor. Highly recommend!"", ""rating"": 5, ""author"": ""Farrukh Sadikhov"", ""published"": ""a month ago""}]",,"{""standout_dishes"": [""Juicy Georgian chicken shawarma"", ""Large, generously sized shawarma wraps""], ""vibe_and_service"": [""Friendly staff who give off good vibes"", ""Huge portions for the price, easy to split between two people"", ""Fresh food every time""], ""wait_time_note"": null}"
r_1dc3d4,50.0,0.2450086228132184,0.0,0.5,4.69931378432051,4.713040610013467,0.0137268256929568,4.692450371474031,Gurra Cafe,Belmont,Restaurant,NYC,ChIJc4bSin30wokRrZ4-Ad7oIoA,"2325 Arthur Ave, Bronx, NY 10458",4.7,149.0,https://komriwzkkknrsirifgqg.supabase.co/storage/v1/object/public/restaurant-photos/r_1dc3d4.jpg,https://www.google.com/maps/search/?api=1&query=Gurra%20Cafe&query_place_id=ChIJc4bSin30wokRrZ4-Ad7oIoA,15.0,40.8539991,-73.8890761,13.443,0.8657718120805369,10.0,0.0201342281879194,0.8456375838926175,149.0,65.0,1.0,1.0,10458.0,0.62,0.4193548387096774,0.064516129032258,0.6774193548387096,0.1290322580645161,6.5,140.5483870967742,0.5103251410181614,(718) 220-4254,http://gurracafemenu.com/,"[{""day"": ""Monday"", ""hours"": ""11\u202fAM to 10\u202fPM""}, {""day"": ""Tuesday"", ""hours"": ""11\u202fAM to 10\u202fPM""}, {""day"": ""Wednesday"", ""hours"": ""11\u202fAM to 10\u202fPM""}, {""day"": ""Thursday"", ""hours"": ""11\u202fAM to 10\u202fPM""}, {""day"": ""Friday"", ""hours"": ""11\u202fAM to 10\u202fPM""}, {""day"": ""Saturday"", ""hours"": ""11\u202fAM to 10\u202fPM""}, {""day"": ""Sunday"", ""hours"": ""11\u202fAM to 10\u202fPM""}]","[""https://lh3.googleusercontent.com/gps-cs-s/AHVAwerYdQU194_MroPb8wiliBiCOnEQm3pcC_lV4CJgi080wqxkuRgK8cbUEEa7Hx5DNvQz_JXF3pqn8c-dJSPr-axkmb6H2c7cr5GkOlfMZM7kCUq8EUp-NMqKK-OLagmISKOz_APr=w1920-h1080-k-no""]","[{""text"": ""Great quality food, will come back again."", ""rating"": 5, ""author"": ""Kliton Zhegu"", ""published"": ""3 years ago""}, {""text"": ""Amazing food and service me and my wife come here frequently"", ""rating"": 5, ""author"": ""Kris Grishaj"", ""published"": ""Edited 2 years ago""}, {""text"": ""My go to spot in the bronx. Best traditional albanian food on Arthur ave"", ""rating"": 5, ""author"": ""Uran Blakaj"", ""published"": ""3 years ago""}]",Local Favorite,"{""standout_dishes"": [""Mixed grill with beef sausage"", ""Gurra Burger"", ""Pasul with dried beef"", ""Qebapa (qofte)""], ""vibe_and_service"": [""Warm, welcoming atmosphere with good music and nice decor"", ""Friendly, attentive staff who explain the menu"", ""Decent prices for authentic Albanian food on Arthur Avenue""], ""wait_time_note"": null}"
r_10666c,50.0,0.1796915421039254,0.0,0.92,4.570834659874412,4.533245555949412,0.0,4.570834659874412,Zum Stammtisch,Glendale,Restaurant,NYC,ChIJYWfnkHhewokRJg65MA20rGA,"69-46 Myrtle Ave, Glendale, NY 11385",4.7,2493.0,https://komriwzkkknrsirifgqg.supabase.co/storage/v1/object/public/restaurant-photos/r_10666c.jpg,https://www.google.com/maps/search/?api=1&query=Zum%20Stammtisch&query_place_id=ChIJYWfnkHhewokRJg65MA20rGA,,40.7017815,-73.8811062,10.848,0.8074608904933814,10.0,0.01764941837144,0.7898114721219415,2493.0,2376.0,1.0,3.0,11385.0,0.6,0.3666666666666666,0.0333333333333333,0.4666666666666667,0.1333333333333333,11.0,179.53333333333333,0.510266435587704,(718) 386-3014,http://www.zumstammtisch.com/,"[{""day"": ""Monday"", ""hours"": ""Closed""}, {""day"": ""Tuesday"", ""hours"": ""12 to 10\u202fPM""}, {""day"": ""Wednesday"", ""hours"": ""12 to 10\u202fPM""}, {""day"": ""Thursday"", ""hours"": ""12 to 10\u202fPM""}, {""day"": ""Friday"", ""hours"": ""12 to 10\u202fPM""}, {""day"": ""Saturday"", ""hours"": ""12 to 10\u202fPM""}, {""day"": ""Sunday"", ""hours"": ""12 to 10\u202fPM""}]","[""https://lh3.googleusercontent.com/gps-cs-s/AHVAwepcCiZndeZiq2ewXvOLqCTGga0jiagqotvLI74IaWYnT3Jkl4XHUU0RHv-3obEA016toXZCdIyupwpc-mew0ecE6895679GRrY3nhE-m8UZmqXGKFv13xzMj-sSEqq8KCX49JRPcQe-Fb4v=w1920-h1080-k-no""]","[{""text"": ""Top notch German food this side of the Atlantic"", ""rating"": 5, ""author"": ""Lawrence Galiano"", ""published"": ""Edited 3 months ago""}, {""text"": ""It was amazing!! First time trying German food. Great experience."", ""rating"": 5, ""author"": ""Susana R\u00edos Cano"", ""published"": ""a week ago""}, {""text"": ""Really good food. Good spot for large groups. Must get the strudel!"", ""rating"": 5, ""author"": ""Valerie Sherlyn Kau"", ""published"": ""2 months ago""}]",,"{""standout_dishes"": [], ""vibe_and_service"": [""Feels like a genuine old-school German dining room, with a cozy, traditional atmosphere"", ""Friendly, attentive servers, with one reviewer singling out Jackie for going above and beyond"", ""Roomy enough for large groups, and a great place to share several dishes""], ""wait_time_note"": null}"
r_c51306,50.0,0.2099560337699761,0.0,0.92,4.647720668292241,4.5620030738457,0.0,4.647720668292241,The Basement,Mid Island,Restaurant,NYC,ChIJefAANdNPwokR1c7ubg4iRKU,"11 Schuyler St, Staten Island, NY 10301",4.6,225.0,https://komriwzkkknrsirifgqg.supabase.co/storage/v1/object/public/restaurant-photos/r_c51306.jpg,https://www.google.com/maps/search/?api=1&query=The%20Basement&query_place_id=ChIJefAANdNPwokR1c7ubg4iRKU,,40.6433576,-74.076835,14.907,0.8533333333333334,10.0,0.0444444444444444,0.8088888888888889,225.0,362.0,1.0,2.0,10301.0,0.8,0.175,0.025,0.4,0.1,7.0,269.0,0.5101960183392574,(718) 791-0027,http://thebasementnyc.com/,"[{""day"": ""Monday"", ""hours"": ""11:30\u202fAM to 10\u202fPM""}, {""day"": ""Tuesday"", ""hours"": ""11:30\u202fAM to 10\u202fPM""}, {""day"": ""Wednesday"", ""hours"": ""11:30\u202fAM to 10\u202fPM""}, {""day"": ""Thursday"", ""hours"": ""11:30\u202fAM to 10\u202fPM""}, {""day"": ""Friday"", ""hours"": ""11:30\u202fAM to 1\u202fAM""}, {""day"": ""Saturday"", ""hours"": ""11:30\u202fAM to 1\u202fAM""}, {""day"": ""Sunday"", ""hours"": ""11:30\u202fAM to 8\u202fPM""}]","[""https://lh3.googleusercontent.com/gps-cs-s/AHVAwequnXJfJnFHtBG-3d6Rhw-AtVc1SNy56L0BzjMh6X0IKo5SMmGsnChxMEvADdUO40INvdfrwFufN4ahrFIIcLrcBdkocpHyRWjbmHO1z3KaHt0sQhaHPwIskWwYncJrtn06HAhc4hGTnj4=w1920-h1080-k-no""]","[{""text"": ""Kevin that's it that's all you need to know"", ""rating"": 5, ""author"": ""Faitmain williams"", ""published"": ""2 months ago""}, {""text"": ""I just love this place. Everything was on point."", ""rating"": 5, ""author"": ""elos211"", ""published"": ""3 weeks ago""}, {""text"": ""Great experience, food and service was excellent"", ""rating"": 4, ""author"": ""Anthony De Coteau"", ""published"": ""5 months ago""}]",Local Favorite,"{""standout_dishes"": [""Truffle chicken and truffle cream pasta""], ""vibe_and_service"": [""Warm, cozy, slightly upscale room that works for date night"", ""Attentive, friendly servers"", ""Good value, with a prix fixe menu (from $34) and happy hour""], ""wait_time_note"": null}"
r_bf193f,50.0,0.2523586835728697,0.0,0.8,4.3429621853456135,4.633258895660633,0.2902967103150198,4.197813830188103,Flame Kabab and Grill,Kew Gardens,Halal,NYC,ChIJTa_a_ihhwokRrnnqe4P26g0,"125-22 Queens Blvd, Kew Gardens, NY 11415",4.7,109.0,https://komriwzkkknrsirifgqg.supabase.co/storage/v1/object/public/restaurant-photos/r_bf193f.jpg,https://www.google.com/maps/search/?api=1&query=Flame%20Kabab%20and%20Grill&query_place_id=ChIJTa_a_ihhwokRrnnqe4P26g0,15.0,40.7120671,-73.826188,14.47,0.944954128440367,10.0,0.0458715596330275,0.8990825688073395,109.0,58.0,1.0,2.0,11415.0,0.8,0.2,0.025,0.5,0.15,8.0,144.475,0.5098356818247086,(347) 494-4144,http://www.flamekababandgrill.com/,"[{""day"": ""Monday"", ""hours"": ""10\u202fAM to 10\u202fPM""}, {""day"": ""Tuesday"", ""hours"": ""10\u202fAM to 10\u202fPM""}, {""day"": ""Wednesday"", ""hours"": ""10\u202fAM to 10\u202fPM""}, {""day"": ""Thursday"", ""hours"": ""10\u202fAM to 10\u202fPM""}, {""day"": ""Friday"", ""hours"": ""10\u202fAM to 10\u202fPM""}, {""day"": ""Saturday"", ""hours"": ""10\u202fAM to 10\u202fPM""}, {""day"": ""Sunday"", ""hours"": ""10\u202fAM to 10\u202fPM""}]","[""https://lh3.googleusercontent.com/gps-cs-s/AHVAwepDGSiGUnJ_m_3UXRibYrVzcYeWvLVYhyovlJ80HJQNYEGYDBi_v---Oq96ojZzq4dWULTUPh7GcMWmjUPKmXYKe_1UKedsTVne2NlSvAVkuaEDUE-yKAbE4eedjLsbkKhNQGcu_5GEO6c=w1920-h1080-k-no""]","[{""text"": ""Very good test and high quality food \ud83e\udd58\ud83d\udcaf\u2764\ufe0f you have to try"", ""rating"": 5, ""author"": ""Ahmed Hossam"", ""published"": ""a month ago""}, {""text"": ""Delicious  chicken gyro, staff is so warm and welcoming, will be back"", ""rating"": 5, ""author"": ""A Trinis\u2019 Touch"", ""published"": ""2 months ago""}, {""text"": ""The food was very tasty. Staff were extremely friendly. Highly recommended if you like tasty & spicy food."", ""rating"": 5, ""author"": ""P"", ""published"": ""3 months ago""}]",,"{""standout_dishes"": [""Chicken kebab platter"", ""Fish tikka""], ""vibe_and_service"": [""The owner is warm and welcoming, and has even given first-timers extra food"", ""Food is made fresh to order, so it's worth calling ahead if you're in a rush"", ""Big portions for the price, with sauces (including the red and green) that people rave about""], ""wait_time_note"": null}"
r_3336cd,50.0,0.2142426545036875,0.02,0.86,4.39791507356794,4.629646825712171,0.2317317521442303,4.282049197495825,Falafel Plant,Midtown,Mediterranean,NYC,ChIJu8mwEWVZwokRFdL8wisT82g,"TurnStyle Underground Market, 1000S 8th Ave #21, New York, NY 10019",4.8,125.0,https://komriwzkkknrsirifgqg.supabase.co/storage/v1/object/public/restaurant-photos/r_3336cd.jpg,https://www.google.com/maps/search/?api=1&query=Falafel%20Plant&query_place_id=ChIJu8mwEWVZwokRFdL8wisT82g,15.0,40.7672019,-73.9828785,1.045,0.957983193277311,10.0,0.0252100840336134,0.9327731092436976,119.0,202.0,0.0,1.0,10019.0,0.86,0.5348837209302325,0.0,0.4651162790697674,0.0697674418604651,23.0,182.95348837209303,0.5094287180578738,(725) 325-2335,http://www.falafelplant.com/,"[{""day"": ""Monday"", ""hours"": ""11\u202fAM to 7:30\u202fPM""}, {""day"": ""Tuesday"", ""hours"": ""11\u202fAM to 7:30\u202fPM""}, {""day"": ""Wednesday"", ""hours"": ""11\u202fAM to 7:30\u202fPM""}, {""day"": ""Thursday"", ""hours"": ""11\u202fAM to 7:30\u202fPM""}, {""day"": ""Friday"", ""hours"": ""11\u202fAM to 7\u202fPM""}, {""day"": ""Saturday"", ""hours"": ""Closed""}, {""day"": ""Sunday"", ""hours"": ""Closed""}]","[""https://lh3.googleusercontent.com/gps-cs-s/AHVAweoOntXSJLzEk-tYqBzGh15D3KdRaMTw_xWjNDm6LpPt3kNZmtowxchE1kLDkYzXyJvQDxpajUdjMQUDG0O-NdOELjRPyhQv4C7cX-mLLeVDibZQaC-RfBQ5_eRmUG-6hdQsqy-lvflJmnXh=w1920-h1080-k-no""]","[{""text"": ""Everything is super fresh and delicious."", ""rating"": 5, ""author"": ""Isaac Blank"", ""published"": ""9 months ago""}, {""text"": ""Excellent food and service. Highly recommend!"", ""rating"": 5, ""author"": ""Dipen Soni"", ""published"": ""8 months ago""}, {""text"": ""Great taste and quality. Highly recommended \ud83d\ude0d\ud83d\ude0d\ud83d\ude0d"", ""rating"": 5, ""author"": ""Eirini Zampara"", ""published"": ""9 months ago""}]",,"{""standout_dishes"": [""Falafel (fresh, soft, not greasy)"", ""Vegan kibbeh"", ""Falafel bowl or hummus bowl""], ""vibe_and_service"": [""Friendly, welcoming owners and staff"", ""Fresh food made in house, with lots of vegan and vegetarian options"", ""Cozy, nicely decorated little spot at reasonable prices""], ""wait_time_note"": null}"
r_f09c2f,50.0,0.1964340932620057,0.0,0.76,4.147943302116526,4.059561970108863,0.0,4.147943302116526,Beach Dunes Eats & Arts,Far Rockaway,Deli,NYC,ChIJ93xgL_RpwokRdGkpmFFWYzk,"45-19 Rockaway Beach Blvd, Far Rockaway, NY 11691",4.4,80.0,https://komriwzkkknrsirifgqg.supabase.co/storage/v1/object/public/restaurant-photos/r_f09c2f.jpg,https://www.google.com/maps/search/?api=1&query=Beach%20Dunes%20Eats%20%26%20Arts&query_place_id=ChIJ93xgL_RpwokRdGkpmFFWYzk,,40.593221,-73.776977,25.47,0.8375,8.571428571428571,0.0875,0.75,80.0,96.0,1.0,2.0,11691.0,0.62,0.2258064516129032,0.0967741935483871,0.3225806451612903,0.032258064516129,2.333333333333333,263.16129032258067,0.50902766536289,(929) 484-2233,https://www.beacheats.org/,"[{""day"": ""Monday"", ""hours"": ""7\u202fAM to 5\u202fPM""}, {""day"": ""Tuesday"", ""hours"": ""7\u202fAM to 5\u202fPM""}, {""day"": ""Wednesday"", ""hours"": ""7\u202fAM to 5\u202fPM""}, {""day"": ""Thursday"", ""hours"": ""7\u202fAM to 5\u202fPM""}, {""day"": ""Friday"", ""hours"": ""7\u202fAM to 5\u202fPM""}, {""day"": ""Saturday"", ""hours"": ""7\u202fAM to 5\u202fPM""}, {""day"": ""Sunday"", ""hours"": ""Closed""}]","[""https://lh3.googleusercontent.com/gps-cs-s/AHVAwerdcynWkQnGHKEu7-4IVmEXnl2AWnyLNCn2MQZy5Ua7lSoJmEiYIcaZlUEKTjMIcq4MRN5wZEWNCALl4wO10SLVt7f1PGXxpiWM8MptU5aW6Pm0pax_CcgYHcutCUkHvJAVhIsH2Q=w1920-h1080-k-no""]","[{""text"": ""Food was really good...service wasn't great"", ""rating"": 3, ""author"": ""Michele Hart"", ""published"": ""2 years ago""}, {""text"": ""Food was great and filling. Will definitely be back."", ""rating"": 5, ""author"": ""Ralph Louis"", ""published"": ""5 months ago""}, {""text"": ""Great service and the chefs are amazing\u2026 can\u2019t wait for them to have more food and drink options."", ""rating"": 5, ""author"": ""Elizabeth Campbell"", ""published"": ""3 years ago""}]",,"{""standout_dishes"": [""Coffee praised as the best ever"", ""Sausage, egg, and cheese sandwich""], ""vibe_and_service"": [""Friendly, polite staff who answer questions, including about food allergies"", ""Welcoming community meeting spot with local ingredients and a culinary program for young adults"", ""Handy bite before or after a Rockaway beach walk""], ""wait_time_note"": null}"
r_cec9c3,50.0,0.1875888928532235,0.0,0.92,4.196007514298605,4.2747761145041565,0.0787686002055512,4.15662321419583,Hen House Nyc,East Village,Restaurant,NYC,ChIJ49lIrNVZwokRx2MGw_4Hd4w,"120 1st Ave, New York, NY 10009",4.4,411.0,https://komriwzkkknrsirifgqg.supabase.co/storage/v1/object/public/restaurant-photos/r_cec9c3.jpg,https://www.google.com/maps/search/?api=1&query=Hen%20House%20Nyc&query_place_id=ChIJ49lIrNVZwokRx2MGw_4Hd4w,15.0,40.7270241,-73.9854388,3.438,0.8150851581508516,10.0,0.072992700729927,0.7420924574209246,411.0,386.0,1.0,2.0,10009.0,0.72,0.2777777777777778,0.1388888888888889,0.5555555555555556,0.0555555555555555,2.0,308.44444444444446,0.5089954977626455,(646) 360-4833,,"[{""day"": ""Monday"", ""hours"": ""12 to 10\u202fPM""}, {""day"": ""Tuesday"", ""hours"": ""12 to 10\u202fPM""}, {""day"": ""Wednesday"", ""hours"": ""12 to 10\u202fPM""}, {""day"": ""Thursday"", ""hours"": ""12 to 10\u202fPM""}, {""day"": ""Friday"", ""hours"": ""12 to 10\u202fPM""}, {""day"": ""Saturday"", ""hours"": ""11\u202fAM to 10\u202fPM""}, {""day"": ""Sunday"", ""hours"": ""11\u202fAM to 10\u202fPM""}]","[""https://lh3.googleusercontent.com/gps-cs-s/AHVAwer9-BS7i7x5j8vP4jcxBMMYrDP027yBE-A5b20P4l5Zx-yQQcFhN5skLHrHVZJAHk1pq6qbqYNIVjPbQoJ1g4WyOc24_qe4ZylIBtgHpLpMIy4WmTyUljhBQ_bWsO7OBOo5hd82=w1920-h1080-k-no""]","[{""text"": ""Great food, creative sandwiches and wraps.  Quick and friendly service."", ""rating"": 5, ""author"": ""ZZ AA"", ""published"": ""a month ago""}, {""text"": ""Incredible, you must come for the knafe but come with 2-3 people because it is hefty"", ""rating"": 5, ""author"": ""Lil \u201cLZ\u201d B"", ""published"": ""Edited 2 months ago""}, {""text"": ""Best authentic chicken shawarma, must try the lamb birria and knefe pancake. I order at-least once a month"", ""rating"": 5, ""author"": ""MJ"", ""published"": ""2 months ago""}]",,"{""standout_dishes"": [""Piri piri fried chicken sandwich"", ""Kunafeh pancake"", ""Chicken shawarma"", ""Hummus""], ""vibe_and_service"": [""Small, cozy, clean spot with good music and immaculate vibes"", ""Friendly, attentive staff who give helpful recommendations"", ""Fairly priced for the quality""], ""wait_time_note"": null}"
r_72e3a3,50.0,0.2083808223366655,0.0,0.88,4.136724690911624,4.03980347793887,0.0,4.136724690911624,Brooklyn Chop House Steakhouse Times Square,Midtown,Chinese,NYC,ChIJ8cXwOqtZwokRcaCG-esAYPY,"253 W 47th St, New York, NY 10036",4.1,1219.0,https://komriwzkkknrsirifgqg.supabase.co/storage/v1/object/public/restaurant-photos/r_72e3a3.jpg,https://www.google.com/maps/search/?api=1&query=Brooklyn%20Chop%20House%20Steakhouse%20Times%20Square&query_place_id=ChIJ8cXwOqtZwokRcaCG-esAYPY,100.0,40.7601081,-73.9865064,0.249,0.712059064807219,6.1735537190082646,0.0992616899097621,0.6127973748974569,1219.0,1476.0,1.0,5.0,10036.0,0.88,0.0681818181818181,0.1590909090909091,0.3409090909090909,0.1590909090909091,0.4285714285714285,219.5681818181818,0.5088162704072523,(212) 619-1210,https://www.brooklynchophouse.com/location/times-square/,"[{""day"": ""Monday"", ""hours"": ""4 to 11\u202fPM""}, {""day"": ""Tuesday"", ""hours"": ""4 to 11\u202fPM""}, {""day"": ""Wednesday"", ""hours"": ""4 to 11\u202fPM""}, {""day"": ""Thursday"", ""hours"": ""4 to 11\u202fPM""}, {""day"": ""Friday"", ""hours"": ""4 to 11\u202fPM""}, {""day"": ""Saturday"", ""hours"": ""4 to 11\u202fPM""}, {""day"": ""Sunday"", ""hours"": ""4 to 11\u202fPM""}]","[""https://lh3.googleusercontent.com/gps-cs-s/AHVAwepeI3agGA3JsETfWSJ-95esD0Hn8D-wplErnQjAE4b4mJIYnL0oyVkr3M-s2C2hfgPaVGl3TvWr8xiikS-XVnjWuAzjugtm3DbAkQX5UQPgGGcuvwEet1KsrsNbZoJm7MRvAVPR=w1920-h1080-k-no""]","[{""text"": ""One of my favorite spots of im at a Broadway show during the week."", ""rating"": 5, ""author"": ""EM Rollins"", ""published"": ""Edited a month ago""}, {""text"": ""DELICIOUS  , AWESOME CUSTOMER SERVICE  , GREAT STAFF. YOU CAN'T GET THIS TYPE OF SERVICE EVERYDAY"", ""rating"": 5, ""author"": ""DALLAS COWBOYS"", ""published"": ""3 weeks ago""}, {""text"": ""Awesome experience. The vibe was amazing. The music was great. Would definitely keep this on the to do list."", ""rating"": 5, ""author"": ""Frankie Brown"", ""published"": ""a day ago""}]",,"{""standout_dishes"": [], ""vibe_and_service"": [""Lively atmosphere with great music and energy, a good pick for a date, birthday, or anniversary"", ""Several reviewers rave about attentive, friendly service, with one specifically praising a server named Wong"", ""Handy before or after a Broadway show, though prices run high so it suits special occasions""], ""wait_time_note"": null}"
r_1f6570,50.0,0.3065603907927662,0.0,0.7,4.501616135792682,3.951292602602877,0.0,4.501616135792682,Jukai,Midtown East,Japanese,NYC,ChIJFV3CnONYwokRv-zOapxz1nE,"237 E 53rd St, New York, NY 10022",4.0,233.0,https://komriwzkkknrsirifgqg.supabase.co/storage/v1/object/public/restaurant-photos/r_1f6570.jpg,https://www.google.com/maps/search/?api=1&query=Jukai&query_place_id=ChIJFV3CnONYwokRv-zOapxz1nE,75.0,40.7571771,-73.9678905,1.5,0.7339055793991416,3.75,0.1545064377682403,0.5793991416309013,233.0,371.0,0.0,6.0,10022.0,0.64,0.25,0.15625,0.25,0.25,1.6,246.0625,0.507744091647114,(212) 588-9788,http://jukainy.com/,"[{""day"": ""Monday"", ""hours"": ""5 to 10\u202fPM""}, {""day"": ""Tuesday"", ""hours"": ""5 to 11\u202fPM""}, {""day"": ""Wednesday"", ""hours"": ""5 to 11\u202fPM""}, {""day"": ""Thursday"", ""hours"": ""5 to 11\u202fPM""}, {""day"": ""Friday"", ""hours"": ""5 to 11\u202fPM""}, {""day"": ""Saturday"", ""hours"": ""5 to 11\u202fPM""}, {""day"": ""Sunday"", ""hours"": ""5 to 10\u202fPM""}]","[""https://lh3.googleusercontent.com/gps-cs-s/AHVAweqaEYrU7ljc0cILITayJlImYEdgcoLzT_3LCMNRCOqq8EKL8vcjWWZlw3MRBdK8p_9OsNGA60E6pH0m4-_771XLuURk9VaeBUkXncTcyMfmJRezj2LNoSbuM0u8VeEc3aUx76Ce=w1920-h1080-k-no""]","[{""text"": ""One of my go-to places in the neighborhood."", ""rating"": 5, ""author"": ""Samuel Jamier"", ""published"": ""Edited a year ago""}, {""text"": ""Love the sukiyaki set! Been going here for 6 years"", ""rating"": 5, ""author"": ""James Wang"", ""published"": ""a year ago""}, {""text"": ""One of the best Pad Thai Shrimp I had in the city, staff is super friendly and the jazz band is amazing!"", ""rating"": 5, ""author"": ""Julia Felippi"", ""published"": ""2 months ago""}]",,"{""standout_dishes"": [""Duck dishes (duck confit, duck tartar)"", ""Sukiyaki set"", ""Chef's tasting menu""], ""vibe_and_service"": [""Quiet, warm atmosphere with wooden counters and a polite, welcoming feel"", ""Friendly, attentive staff and skilled preparation of every plate"", ""Creative, thoughtful menu that people keep coming back to over the years""], ""wait_time_note"": null}"
r_469839,50.0,0.2679264362003013,0.02,0.78,3.803075468999279,4.017431701433398,0.2143562324341186,3.69589735278222,Angel,Jackson Heights,Indian,NYC,ChIJ1wuWgyxfwokRsawxQvB8hMo,"75-18 37th Ave, Jackson Heights, NY 11372",4.7,3764.0,https://komriwzkkknrsirifgqg.supabase.co/storage/v1/object/public/restaurant-photos/r_469839.jpg,https://www.google.com/maps/search/?api=1&query=Angel&query_place_id=ChIJ1wuWgyxfwokRsawxQvB8hMo,25.0,40.7490108,-73.8903469,8.149,0.9019659936238044,10.0,0.0414452709883103,0.8605207226354942,3764.0,2594.0,1.0,3.0,11372.0,0.72,0.1944444444444444,0.0277777777777777,0.9166666666666666,0.0833333333333333,7.0,301.3611111111111,0.5074528413630319,(347) 848-0098,https://www.angelindianrestaurant.com/,"[{""day"": ""Monday"", ""hours"": ""Closed""}, {""day"": ""Tuesday"", ""hours"": ""12 to 10\u202fPM""}, {""day"": ""Wednesday"", ""hours"": ""12 to 10\u202fPM""}, {""day"": ""Thursday"", ""hours"": ""12 to 10\u202fPM""}, {""day"": ""Friday"", ""hours"": ""12 to 10\u202fPM""}, {""day"": ""Saturday"", ""hours"": ""12 to 10\u202fPM""}, {""day"": ""Sunday"", ""hours"": ""12 to 10\u202fPM""}]","[""https://lh3.googleusercontent.com/gps-cs-s/AHVAweoaUOEelOm5XQ8P6gkO7RGWwMYh8X9ZTSLcNjTQYaz4NFql_AObiqmrA52OczTCLV9WOq8xNsqoQuyf3BvtPORZab9deOX_k4pmaGFAHKZcBUg2xbSMo7l0QH9ni-fWw6tsQAXBTdUes4Q=w1920-h1080-k-no""]","[{""text"": ""Angel is an amazing ..Gem of Jackson Heights."", ""rating"": 5, ""author"": ""Kash Vyas"", ""published"": ""2 weeks ago""}, {""text"": ""Love the butter chicken, biryani and butter naan!"", ""rating"": 5, ""author"": ""Yue Sun (Halo)"", ""published"": ""5 days ago""}, {""text"": ""Everything is well manage and delicious vegetarian food."", ""rating"": 5, ""author"": ""JET AIR TRAVEL"", ""published"": ""6 days ago""}]",,"{""standout_dishes"": [""Butter chicken"", ""Goat biryani"", ""Mango lassi""], ""vibe_and_service"": [""Friendly, attentive, and efficient service, even when the place is packed"", ""The new space is roomier and nicer than the old location""], ""wait_time_note"": ""Weekday lunch doesn't need a reservation, but weekend dinners fill up fast, so book ahead or expect a wait of around 30 minutes.""}"
r_c49e35,32.0,0.2287728250010894,0.0,0.84375,4.778275847594815,4.660572723875214,0.0,4.778275847594815,Polanco Social,Upper West Side,Restaurant,NYC,ChIJERPRGmFZwokRF3ZzjBXEYMs,"476 Columbus Ave, New York, NY 10024",4.7,32.0,https://komriwzkkknrsirifgqg.supabase.co/storage/v1/object/public/restaurant-photos/r_c49e35.jpg,https://www.google.com/maps/search/?api=1&query=Polanco%20Social&query_place_id=ChIJERPRGmFZwokRF3ZzjBXEYMs,40.0,40.784553,-73.9738737,3.109,0.875,10.0,0.03125,0.84375,32.0,37.0,0.0,1.0,10024.0,0.8125,0.1923076923076923,0.0384615384615384,0.8846153846153846,0.2307692307692307,5.0,274.84615384615387,0.5071264837021252,(646) 480-0585,https://polancosocial.com/,"[{""day"": ""Monday"", ""hours"": ""4:30 to 10\u202fPM""}, {""day"": ""Tuesday"", ""hours"": ""4:30 to 10\u202fPM""}, {""day"": ""Wednesday"", ""hours"": ""4:30 to 11\u202fPM""}, {""day"": ""Thursday"", ""hours"": ""4:30 to 11\u202fPM""}, {""day"": ""Friday"", ""hours"": ""Closed""}, {""day"": ""Saturday"", ""hours"": ""7\u202fPM to 12\u202fAM""}, {""day"": ""Sunday"", ""hours"": ""10\u202fAM to 10\u202fPM""}]","[""https://lh3.googleusercontent.com/gps-cs-s/AHVAweodjIcSJZUOSdKvjM6QZ9OXAx7xrf26QkTsT56Z3LAoyZwfjoqwJFMa44VO_UZ9bownixWhr0GVeDqtFDo9dmMgxm5e7QTHpnqGmdcH6C6HduEzo82C3SWlbum38fOZqnhT_upxiJ4vMmMS=w1920-h1080-k-no""]","[{""text"": ""High end, creative Mexican food. Absolutely delicious dinner last night !!! I cannot wait to go back!!!!"", ""rating"": 5, ""author"": ""Marlene"", ""published"": ""4 months ago""}, {""text"": ""Food was amazing and our service from our waiter Andres was beyond spectacular! We will definitely be back."", ""rating"": 5, ""author"": ""Craig Massoth"", ""published"": ""3 months ago""}, {""text"": ""Amazing food, amazing staff, you have to stop in or order out! Great atmosphere as well, very much looking forward to returning very soon."", ""rating"": 5, ""author"": ""Carlos Ovalle"", ""published"": ""4 months ago""}]",Local Favorite,"{""standout_dishes"": [""Short rib tacos"", ""Chicken or machaca taquitos"", ""Coconut tres leches cake"", ""Rib eye and brisket""], ""vibe_and_service"": [""Attentive, friendly service, with one reviewer calling out their waiter Andres"", ""Fun, creative kosher Mexican that fills a gap on the Upper West Side"", ""Good for groups and celebrations like birthdays, though prices run high like other kosher meat spots""], ""wait_time_note"": null}"
r_521aa5,50.0,0.2083130498295406,0.0,0.92,4.474874763213753,4.6834486657527465,0.2085739025389932,4.370587811944256,Wah Fung No.1 Fast Food,Lower East Side,Chinese,NYC,ChIJCZ6p_4dZwokRitXAVOk-zvs,"79 Chrystie St, New York, NY 10002",4.5,3483.0,https://komriwzkkknrsirifgqg.supabase.co/storage/v1/object/public/restaurant-photos/r_521aa5.jpg,https://www.google.com/maps/search/?api=1&query=Wah%20Fung%20No.1%20Fast%20Food&query_place_id=ChIJCZ6p_4dZwokRitXAVOk-zvs,5.5,40.7173189,-73.9944649,4.579,0.7479184610967556,10.0,0.0246913580246913,0.7232271030720643,3483.0,3503.0,1.0,4.0,10002.0,0.74,0.1891891891891892,0.1621621621621621,0.1621621621621621,0.2702702702702703,1.1666666666666667,221.02702702702703,0.5070357667734027,(212) 925-5175,https://wahfungno1fastfood.site/,"[{""day"": ""Monday"", ""hours"": ""Closed""}, {""day"": ""Tuesday"", ""hours"": ""9\u202fAM to 7\u202fPM""}, {""day"": ""Wednesday"", ""hours"": ""9\u202fAM to 7\u202fPM""}, {""day"": ""Thursday"", ""hours"": ""9\u202fAM to 7\u202fPM""}, {""day"": ""Friday"", ""hours"": ""9\u202fAM to 7\u202fPM""}, {""day"": ""Saturday"", ""hours"": ""9\u202fAM to 7\u202fPM""}, {""day"": ""Sunday"", ""hours"": ""9\u202fAM to 7\u202fPM""}]","[""https://lh3.googleusercontent.com/gps-cs-s/AHVAwepdDltM1uRqojkI1pz9q8G3myjqemPr2kmEqHDG3WRTy5PWBtAZqWCTn0q-YoTRJxv_hOSXeRGhVhzUiGJ-41JZEQQtnEJUfmSJWFW737KrugqGQJ6PLiVYtzVq2-r0btPBfiDyDVmhpsI=w1920-h1080-k-no""]","[{""text"": ""Longest lines ever but sooooo worth the wait!"", ""rating"": 5, ""author"": ""Joseph Rose"", ""published"": ""a day ago""}, {""text"": ""Go for it\nThe duck and chicken are really juicy"", ""rating"": 5, ""author"": ""Juan Marquez"", ""published"": ""2 weeks ago""}, {""text"": ""Cheap price great food get the duck its worth it"", ""rating"": 5, ""author"": ""big dog's garage and parts"", ""published"": ""2 weeks ago""}]",,"{""standout_dishes"": [""Roast pork (char siu) over rice"", ""Roast duck over rice"", ""Crispy roast pig over rice""], ""vibe_and_service"": [""Incredibly cheap for the portion size, around $6 to $9 for a heaping box"", ""No-frills, takeout-only hole-in-the-wall where the food is the whole point"", ""Service is fast and efficient even when the line is long""], ""wait_time_note"": ""Expect a line that can run around 20 to 30 minutes at busy times like weekend lunch, but it moves quickly, and showing up right at opening helps.""}"
r_3c47c2,50.0,0.1897253204466051,0.0,0.94,4.415370990417707,4.297668940946937,0.0,4.415370990417707,Locals Collective NYC,Arverne,Cafe,NYC,ChIJpS60CuyBt4cRMMA4nfpOab0,"1-90 Beach 69th St, Arverne, NY 11692",4.5,159.0,https://komriwzkkknrsirifgqg.supabase.co/storage/v1/object/public/restaurant-photos/r_3c47c2.jpg,https://www.google.com/maps/search/?api=1&query=Locals%20Collective%20NYC&query_place_id=ChIJpS60CuyBt4cRMMA4nfpOab0,5.5,40.5898465,-73.7974272,24.575,0.8553459119496856,10.0,0.0691823899371069,0.7861635220125787,159.0,159.0,1.0,4.0,11692.0,0.7,0.3714285714285714,0.0285714285714285,0.2,0.0,13.0,251.77142857142857,0.5068707325967047,(518) 418-0393,http://localscollectivenyc.com/,"[{""day"": ""Monday"", ""hours"": ""7\u202fAM to 3\u202fPM""}, {""day"": ""Tuesday"", ""hours"": ""7\u202fAM to 3\u202fPM""}, {""day"": ""Wednesday"", ""hours"": ""7\u202fAM to 3\u202fPM""}, {""day"": ""Thursday"", ""hours"": ""7\u202fAM to 3\u202fPM""}, {""day"": ""Friday"", ""hours"": ""7\u202fAM to 3\u202fPM""}, {""day"": ""Saturday"", ""hours"": ""7\u202fAM to 4\u202fPM""}, {""day"": ""Sunday"", ""hours"": ""7\u202fAM to 4\u202fPM""}]","[""https://lh3.googleusercontent.com/gps-cs-s/AHVAwepYgv8ZGdoZIz9S1b27NyoUn2zBkYhQlK4K4sy4Ys0dAMjIW4E8_oolxe2otoOkkKUaQoT_I8JbgxR3qiv6gEFW3-RNR8coBLhWdf2nkdKxVXkIVDQ0q0fKAStcZun3cxZtV4PS=w1920-h1080-k-no""]","[{""text"": ""My go to spot. Great place to hang and eat!"", ""rating"": 5, ""author"": ""Allison King"", ""published"": ""a month ago""}, {""text"": ""just a wonderful vibe here, hip & cool for drinks and food, coffee"", ""rating"": 5, ""author"": ""Nata"", ""published"": ""2 years ago""}, {""text"": ""The banana bread is amazing and the employees are very friendly and amazing."", ""rating"": 5, ""author"": ""hunters family"", ""published"": ""6 months ago""}]",,"{""standout_dishes"": [], ""vibe_and_service"": [""Laid-back, surf-themed vibe that feels hip and cozy, with indoor and outdoor seating"", ""Friendly, warm service and a good range of vegetarian, gluten-free and dairy-free options"", ""Convenient spot a block from the beach and near the A train, great for a coffee on the way""], ""wait_time_note"": ""It's a popular place that can have a line, and a couple of reviewers say online orders have taken 45 minutes to an hour, so ordering ahead isn't a guaranteed shortcut.""}"
r_0c68e6,50.0,0.2746707521109397,0.0,0.78,4.528722469169668,4.737286416191794,0.2085639470221263,4.4244404956586045,Adom African Cuisine inc,West Bronx,Restaurant,NYC,ChIJK5ktwfX1wokRti-UhaEIHjQ,"613 E Tremont Ave, Bronx, NY 10457",4.7,453.0,https://komriwzkkknrsirifgqg.supabase.co/storage/v1/object/public/restaurant-photos/r_0c68e6.jpg,https://www.google.com/maps/search/?api=1&query=Adom%20African%20Cuisine%20inc&query_place_id=ChIJK5ktwfX1wokRti-UhaEIHjQ,15.0,40.8463546,-73.892696,12.586,0.9381898454746136,10.0,0.0441501103752759,0.8940397350993378,453.0,264.0,0.0,2.0,10457.0,0.78,0.1794871794871795,0.0,0.4615384615384615,0.1794871794871795,7.0,226.1025641025641,0.5067545861085052,(718) 294-0792,https://www.adomafricancuisineny.com/,"[{""day"": ""Monday"", ""hours"": ""11\u202fAM to 8:30\u202fPM""}, {""day"": ""Tuesday"", ""hours"": ""11\u202fAM to 8:30\u202fPM""}, {""day"": ""Wednesday"", ""hours"": ""11\u202fAM to 8:30\u202fPM""}, {""day"": ""Thursday"", ""hours"": ""11\u202fAM to 8:30\u202fPM""}, {""day"": ""Friday"", ""hours"": ""11\u202fAM to 8:30\u202fPM""}, {""day"": ""Saturday"", ""hours"": ""11\u202fAM to 8:30\u202fPM""}, {""day"": ""Sunday"", ""hours"": ""11:30\u202fAM to 8\u202fPM""}]","[""https://lh3.googleusercontent.com/gps-cs-s/AHVAwerYw78TYFiupn6SRKPqKBnlod0X3ynZ55uP_HASWwU0lD48jdH1Z-T8adgB91StUPP0h-fbjKPd3bDYnMQLZb4Hu_0KpKPRSVkL49U-IcgesrOJbmaI1OawVpT2R5rmDx9_8tDAdceTWDRe=w1920-h1080-k-no""]","[{""text"": ""The food here was so good and the hospitality! Should definitely try!"", ""rating"": 5, ""author"": ""Sarina Prabasi"", ""published"": ""2 months ago""}, {""text"": ""My online orders have progressively been small in portion size for the price. Yam fries order is too small for the price. Jollof rice and waakye taste ok. I don\u2019t like the celery in the jollof."", ""rating"": 3, ""author"": ""R M"", ""published"": ""10 months ago""}, {""text"": ""A simple spot serving delicious West African comfort food. We had the Jollof Rice and Egusi with Fufu, and the staff were super welcoming and great about explaining the menu and meat options. Both dishes were richly seasoned and deeply satisfying."", ""rating"": 5, ""author"": ""Bill"", ""published"": ""3 months ago""}]",,"{""standout_dishes"": [""Jollof rice"", ""Waakye"", ""Fufu with egusi""], ""vibe_and_service"": [""The owner and staff are warm and welcoming, happy to explain the menu and steer first-timers toward dishes they'll like"", ""Patricia gets a specific shoutout for taking great care of guests"", ""Cozy, inviting spot that makes trying West African food for the first time feel easy""], ""wait_time_note"": null}"
r_7a34d3,50.0,0.1969164237921286,0.0,0.92,4.069395193306903,3.982984270007259,0.0,4.069395193306903,Amali NYC,Midtown East,Mediterranean,NYC,ChIJB6L7g-9YwokRTm44C_ToKdw,"115 E 60th St, New York, NY 10022",4.3,557.0,https://komriwzkkknrsirifgqg.supabase.co/storage/v1/object/public/restaurant-photos/r_7a34d3.jpg,https://www.google.com/maps/search/?api=1&query=Amali%20NYC&query_place_id=ChIJB6L7g-9YwokRTm44C_ToKdw,75.0,40.7633694,-73.9685627,1.558,0.7217235188509874,8.136363636363637,0.0789946140035906,0.6427289048473968,557.0,824.0,1.0,1.0,10022.0,0.68,0.1470588235294117,0.088235294117647,0.3235294117647059,0.088235294117647,1.6666666666666667,288.2058823529412,0.5066394991928327,(212) 339-8363,https://www.amalinyc.com/,"[{""day"": ""Monday"", ""hours"": ""12 to 3\u202fPM, 5 to 9:30\u202fPM""}, {""day"": ""Tuesday"", ""hours"": ""12 to 3\u202fPM, 5 to 10:30\u202fPM""}, {""day"": ""Wednesday"", ""hours"": ""12 to 3\u202fPM, 5 to 10:30\u202fPM""}, {""day"": ""Thursday"", ""hours"": ""12 to 3\u202fPM, 5 to 10:30\u202fPM""}, {""day"": ""Friday"", ""hours"": ""12 to 3\u202fPM, 5 to 10:30\u202fPM""}, {""day"": ""Saturday"", ""hours"": ""12 to 10:30\u202fPM""}, {""day"": ""Sunday"", ""hours"": ""12 to 9:30\u202fPM""}]","[""https://lh3.googleusercontent.com/gps-cs-s/AHVAwerDXe90qbAjmHtgcATL6aaUVU3jzEl7uqBy3Cg0nB5Z7RwAp5Chh80v_n6GM_DCmMhz4tw5nIYlYy1_lMqKuZqQ6SXr1SVl45JRhn-GAlkrxFhVl_8s8R-_6tKjJifZn0034tgcVw=w1920-h1080-k-no""]","[{""text"": ""Amazing restaurant.  Loved everything about it."", ""rating"": 5, ""author"": ""Scott Treacy"", ""published"": ""5 months ago""}, {""text"": ""Food was great. Brunch tasting menu is a pretty good deal."", ""rating"": 5, ""author"": ""Ivan \u0110akovi\u0107"", ""published"": ""7 months ago""}, {""text"": ""Fantastic food and a great atmosphere for dinner. I would absolutely go here again."", ""rating"": 5, ""author"": ""Jeff Hammer"", ""published"": ""5 months ago""}]",,"{""standout_dishes"": [], ""vibe_and_service"": [""Friendly, attentive service that several reviewers call out as unusually good"", ""Cozy, warm atmosphere with dim lights and flower bouquets, good for a date or a casual business lunch"", ""Reasonable prices for the quality, per a few reviewers (though one found it pricey)""], ""wait_time_note"": null}"
r_344290,50.0,0.2409491161079597,0.04,0.82,4.44350018953295,4.465237612961597,0.0217374234286475,4.432631477818626,Mano's Pizzeria,Ridgewood,Pizza,NYC,ChIJnQvh4xZfwokRtIhuUuw0Pt4,"62-98 Forest Ave, Ridgewood, NY 11385",4.8,808.0,https://komriwzkkknrsirifgqg.supabase.co/storage/v1/object/public/restaurant-photos/r_344290.jpg,https://www.google.com/maps/search/?api=1&query=Mano's%20Pizzeria&query_place_id=ChIJnQvh4xZfwokRtIhuUuw0Pt4,15.0,40.7108531,-73.9052694,8.596,0.9331683168316832,10.0,0.0284653465346534,0.9047029702970296,808.0,515.0,1.0,1.0,11385.0,0.68,0.2058823529411764,0.088235294117647,0.3823529411764705,0.0294117647058823,2.333333333333333,260.11764705882354,0.5065797474872266,(718) 418-1112,https://www.manospizzeria.nyc/,"[{""day"": ""Monday"", ""hours"": ""Closed""}, {""day"": ""Tuesday"", ""hours"": ""12 to 10\u202fPM""}, {""day"": ""Wednesday"", ""hours"": ""12 to 10\u202fPM""}, {""day"": ""Thursday"", ""hours"": ""12 to 10\u202fPM""}, {""day"": ""Friday"", ""hours"": ""12 to 10\u202fPM""}, {""day"": ""Saturday"", ""hours"": ""12 to 10\u202fPM""}, {""day"": ""Sunday"", ""hours"": ""12 to 9\u202fPM""}]","[""https://lh3.googleusercontent.com/gps-cs-s/AHVAwer7wypYfkUKrAt1bgWLPqjHaq1gYsINVZ_uUKLafAaEPtISDGrZpn-jYcS3-Uvrlc5u2VqAiZYtXUVyujnCwcait9PdnSatFCpDK1YjTQeZxla1__IPb30JIX_MmsbmYsBy44pHlA=w1920-h1080-k-no""]","[{""text"": ""It's not as good as all the rave but it's very good."", ""rating"": 4, ""author"": ""Nicole"", ""published"": ""2 months ago""}, {""text"": ""Probably one of the best pies in the city. Base & crust - insane. Sauce - on point. Cheese - the perfect level of cheesiness."", ""rating"": 5, ""author"": ""Tim O'Brien"", ""published"": ""2 months ago""}, {""text"": ""Incredible pizza regardless which you get. The crust is phenomenal with everything else available taking their pizzas over the top."", ""rating"": 5, ""author"": ""Naaman Endres"", ""published"": ""2 months ago""}]",,"{""standout_dishes"": [""Spicy vodka pizza with pepperoni"", ""Crispy, flavorful pizza crust"", ""Tomato sauce with a touch of sweetness""], ""vibe_and_service"": [""Reasonable prices for slices of this quality"", ""Not yet swamped by social media crowds, so no huge lines"", ""Casual neighborhood spot in Ridgewood""], ""wait_time_note"": ""Don't count on slices being available late in the evening: a couple of reviewers say that after 7pm there are few or no slices left and little is being made fresh, so go earlier or call ahead.""}"
r_851c61,50.0,0.2025604801128093,0.0,0.94,3.960095508914747,4.060296827124504,0.1002013182097569,3.909994849809869,Momofuku Noodle Bar Uptown,Midtown,Ramen,NYC,ChIJKzLt4dZZwokRbv-Ebx1hBo0,"10 Columbus Cir, New York, NY 10019",4.2,1693.0,https://komriwzkkknrsirifgqg.supabase.co/storage/v1/object/public/restaurant-photos/r_851c61.jpg,https://www.google.com/maps/search/?api=1&query=Momofuku%20Noodle%20Bar%20Uptown&query_place_id=ChIJKzLt4dZZwokRbv-Ebx1hBo0,40.0,40.7680157,-73.9829136,1.133,0.6609568812758417,10.0,0.0555227406969875,0.6054341405788541,1693.0,2765.0,0.0,1.0,10019.0,0.8,0.175,0.3,0.45,0.35,0.5833333333333334,403.95,0.5060717883066908,(646) 918-8752,https://momofukunoodlebar.com/,"[{""day"": ""Monday"", ""hours"": ""11:30\u202fAM to 4\u202fPM, 5 to 9:30\u202fPM""}, {""day"": ""Tuesday"", ""hours"": ""11:30\u202fAM to 4\u202fPM, 5 to 9:30\u202fPM""}, {""day"": ""Wednesday"", ""hours"": ""11:30\u202fAM to 4\u202fPM, 5 to 9:30\u202fPM""}, {""day"": ""Thursday"", ""hours"": ""11:30\u202fAM to 4\u202fPM, 5 to 9:30\u202fPM""}, {""day"": ""Friday"", ""hours"": ""11:30\u202fAM to 4\u202fPM, 5 to 9:30\u202fPM""}, {""day"": ""Saturday"", ""hours"": ""11:30\u202fAM to 4\u202fPM, 5 to 9:30\u202fPM""}, {""day"": ""Sunday"", ""hours"": ""11:30\u202fAM to 4\u202fPM, 5 to 9:30\u202fPM""}]","[""https://lh3.googleusercontent.com/gps-cs-s/AHVAweq6zDcbkfIq1H6f-9U3rTL7N5NERxqQu2INbfBr5oe25gYTGvbn-9qxZDoTBI_iKq5siKiK42D73-8LmvV6xl83SZf0Vsx-AwIxAhegEd1scgTjS3Deehr5KLkP16DhXcIUbQoEos_koPWr=w1920-h1080-k-no""]","[{""text"": ""Love the food. Family had a good time there. Great service."", ""rating"": 4, ""author"": ""Franklin Garc\u00eda"", ""published"": ""2 months ago""}, {""text"": ""Pretty bland, prices pretty high for how disappointing it was."", ""rating"": 2, ""author"": ""Emma Gao"", ""published"": ""3 days ago""}, {""text"": ""Every time I go to nyc I stop at this place. The ramen are simply delicious!"", ""rating"": 5, ""author"": ""Zac Gaudette"", ""published"": ""a month ago""}]",,"{""standout_dishes"": [""Pork belly steamed buns"", ""Mushroom bao buns"", ""Smoked pork ramen"", ""Spicy margarita""], ""vibe_and_service"": [""Servers get shout-outs for being attentive and making sure you enjoy the meal, with Adolfo named as a favorite"", ""Some reviewers say the atmosphere is a plus, though one warns the music can be too loud for conversation""], ""wait_time_note"": ""Reviews are mixed: one got seated after about 20 minutes without a reservation, another waited around an hour for bar seats, and one reviewer recommends making a reservation.""}"
r_e470bf,50.0,0.2103670541867368,0.0,0.92,5.0,5.0,0.0,5.0,Dumpling Magic LIC,Long Island City,Restaurant,NYC,ChIJBeyl8SNZwokR0hWDPmHKlXM,"2-01 50th Ave, Long Island City, NY 11101",4.9,170.0,https://komriwzkkknrsirifgqg.supabase.co/storage/v1/object/public/restaurant-photos/r_e470bf.jpg,https://www.google.com/maps/search/?api=1&query=Dumpling%20Magic%20LIC&query_place_id=ChIJBeyl8SNZwokR0hWDPmHKlXM,15.0,40.743913,-73.9584287,2.782,0.9941176470588236,10.0,0.0117647058823529,0.9823529411764704,170.0,83.0,0.0,1.0,11101.0,0.8,0.225,0.0,0.525,0.125,9.0,157.55,0.5047988172061627,(917) 217-5850,https://dumplingmagic.com/,"[{""day"": ""Monday"", ""hours"": ""11:30\u202fAM to 9\u202fPM""}, {""day"": ""Tuesday"", ""hours"": ""11:30\u202fAM to 9\u202fPM""}, {""day"": ""Wednesday"", ""hours"": ""11:30\u202fAM to 9\u202fPM""}, {""day"": ""Thursday"", ""hours"": ""11:30\u202fAM to 9\u202fPM""}, {""day"": ""Friday"", ""hours"": ""11:30\u202fAM to 9\u202fPM""}, {""day"": ""Saturday"", ""hours"": ""11:30\u202fAM to 9\u202fPM""}, {""day"": ""Sunday"", ""hours"": ""11:30\u202fAM to 9\u202fPM""}]","[""https://lh3.googleusercontent.com/gps-cs-s/AHVAweoav6pT46V3RrwlJGymF8u7ngis76L_vwUCGrH4woAlUtUPkkVIUdINfXTuQkCLVpkMhy9REX_M7aNgQqesbiZP--MJ93R68_hSAU4zeop6pdaNgFzVyNryLaXYeRH3fJgD3d9zKNzZNOJF=w1920-h1080-k-no""]","[{""text"": ""The fried rice and momo combo is so good"", ""rating"": 5, ""author"": ""Gabrielle Person"", ""published"": ""4 months ago""}, {""text"": ""Get the jhol momo, savory and delicious."", ""rating"": 5, ""author"": ""pemmaahh"", ""published"": ""6 months ago""}, {""text"": ""Great service and the dumplings were amazing!!"", ""rating"": 5, ""author"": ""Tim Butcher"", ""published"": ""4 months ago""}]",Hidden Gem,"{""standout_dishes"": [""Chicken momos"", ""Jhol momos"", ""Curry chicken over rice"", ""Veggie momos""], ""vibe_and_service"": [""Friendly owner who serves with a smile"", ""Great value, with a combo meal around $20"", ""Food truck with Manhattan skyline views and a waterfront lawn to eat on""], ""wait_time_note"": null}"
r_ba7950,50.0,0.1798175921818171,0.0,0.96,4.743620129432098,4.739206319287441,0.0,4.743620129432098,Fu Zhou Wei Zhong Wei Jia Xiang Feng Wei,Lower East Side,Chinese,NYC,ChIJq3ALmyhawokR_HZZ8u-kUK0,"88 E Broadway, New York, NY 10002",4.7,488.0,https://komriwzkkknrsirifgqg.supabase.co/storage/v1/object/public/restaurant-photos/r_ba7950.jpg,https://www.google.com/maps/search/?api=1&query=Fu%20Zhou%20Wei%20Zhong%20Wei%20Jia%20Xiang%20Feng%20Wei&query_place_id=ChIJq3ALmyhawokR_HZZ8u-kUK0,5.5,40.7138354,-73.9941403,4.957,0.8258196721311475,10.0,0.0204918032786885,0.805327868852459,488.0,660.0,1.0,1.0,10002.0,0.78,0.282051282051282,0.0,0.282051282051282,0.0256410256410256,11.0,235.2051282051282,0.5044364719646793,(212) 431-3555,https://fuzhouweizhongwei.gbiz.shop/,"[{""day"": ""Monday"", ""hours"": ""9\u202fAM to 7\u202fPM""}, {""day"": ""Tuesday"", ""hours"": ""9\u202fAM to 7\u202fPM""}, {""day"": ""Wednesday"", ""hours"": ""9\u202fAM to 7\u202fPM""}, {""day"": ""Thursday"", ""hours"": ""9\u202fAM to 7\u202fPM""}, {""day"": ""Friday"", ""hours"": ""9\u202fAM to 7\u202fPM""}, {""day"": ""Saturday"", ""hours"": ""9\u202fAM to 7\u202fPM""}, {""day"": ""Sunday"", ""hours"": ""9\u202fAM to 7\u202fPM""}]","[""https://lh3.googleusercontent.com/gps-cs-s/AHVAwepZ8yquahhiQFwQmJVnxeEaTBRhO-wPnCdvY6pCsLBnaVa_0Q-6R_PMKorgt_2EdpJYCWYl-eZBhg1rOeXrjC7XUhE67nvpHulgS3zgImsL0LlZQ9anxT7SBde6fnM9oSHBprzfSti-sLE=w1920-h1080-k-no""]","[{""text"": ""amazing food and for ther price it doesnt get any better than this"", ""rating"": 5, ""author"": ""Blaze CX"", ""published"": ""3 weeks ago""}, {""text"": ""Best Xiao Long Bao. Great portions. More like a meat bun but super juicy"", ""rating"": 5, ""author"": ""Angie"", ""published"": ""a month ago""}, {""text"": ""Great steamed buns. Awesome price. Not to bad to find, just keep looking."", ""rating"": 5, ""author"": ""David Palawasta"", ""published"": ""2 months ago""}]",Local Favorite,"{""standout_dishes"": [""Small steamed buns (6 for $5.50)"", ""Juicy pork xiao long bao-style buns"", ""Steamed dumplings with dipping sauce""], ""vibe_and_service"": [""Incredibly cheap for the portion size, about $5.50 for six big buns"", ""Hidden-gem thrill of finding a stall in a sketchy, mostly abandoned basement mall, with most reviewers saying the food is worth it"", ""Cash only, small menu, minimal seating, and they also do wholesale and frozen take-home dumplings""], ""wait_time_note"": null}"
r_2b5202,50.0,0.2206093223942291,0.0,0.88,4.562408781927572,4.6363014005169365,0.0738926185893644,4.52546247263289,Bigoi Venezia,Upper East Side,Italian,NYC,ChIJgdnYQcBYwokRDEGzKagrEfE,"1415 2nd Ave, New York, NY 10021",4.8,820.0,https://komriwzkkknrsirifgqg.supabase.co/storage/v1/object/public/restaurant-photos/r_2b5202.jpg,https://www.google.com/maps/search/?api=1&query=Bigoi%20Venezia&query_place_id=ChIJgdnYQcBYwokRDEGzKagrEfE,15.0,40.7700264,-73.9577755,2.708,0.8947368421052632,10.0,0.02203182374541,0.8727050183598531,817.0,396.0,1.0,1.0,10021.0,0.82,0.5121951219512195,0.024390243902439,0.4390243902439024,0.1219512195121951,21.0,259.7073170731707,0.5042207461296266,(917) 262-0680,http://www.bigoivenezia.com/,"[{""day"": ""Monday"", ""hours"": ""11\u202fAM to 10\u202fPM""}, {""day"": ""Tuesday"", ""hours"": ""11\u202fAM to 10\u202fPM""}, {""day"": ""Wednesday"", ""hours"": ""11\u202fAM to 10\u202fPM""}, {""day"": ""Thursday"", ""hours"": ""11\u202fAM to 10\u202fPM""}, {""day"": ""Friday"", ""hours"": ""11\u202fAM to 10\u202fPM""}, {""day"": ""Saturday"", ""hours"": ""11\u202fAM to 10\u202fPM""}, {""day"": ""Sunday"", ""hours"": ""11\u202fAM to 10\u202fPM""}]","[""https://lh3.googleusercontent.com/gps-cs-s/AHVAwep74zflZcb772trccKsgPJ1yqx7Lm1EODU2OOTnWlhCLFZGZya-DEXcZaFbmLcexEH4f81a2GEbk8SYSfzSZUkh3sESNxZwi_N-rq-rAsRb9-9ejtZSUn10z-7lcifzSWPcdYjBRQVz2bk=w1920-h1080-k-no""]","[{""text"": ""The best homemade pasta and sauces in NYC."", ""rating"": 5, ""author"": ""Jackie H"", ""published"": ""4 months ago""}, {""text"": ""Proof that you can have quality and affordability at the same time"", ""rating"": 5, ""author"": ""F J"", ""published"": ""4 months ago""}, {""text"": ""Bigoi Venezi is a staple at my office especially for celebratory lunches! The owner always delivers!"", ""rating"": 5, ""author"": ""Miranda A. Walker"", ""published"": ""a month ago""}]",,"{""standout_dishes"": [], ""vibe_and_service"": [""Friendly staff, with the chef/owner coming out to ask how the food is"", ""Fresh, house-made pasta at very affordable prices"", ""Small, counter-style spot that's great for a quick bite or takeout""], ""wait_time_note"": null}"
r_b87aef,50.0,0.1708893417584756,0.0,0.96,4.335313864306282,4.244476937344063,0.0,4.335313864306282,TONCHIN NEW YORK,Midtown,Japanese,NYC,ChIJBwGziqlZwokRb3MTH3xUt0Y,"13 W 36th St., New York, NY 10018",4.6,3379.0,https://komriwzkkknrsirifgqg.supabase.co/storage/v1/object/public/restaurant-photos/r_b87aef.jpg,https://www.google.com/maps/search/?api=1&query=TONCHIN%20NEW%20YORK&query_place_id=ChIJBwGziqlZwokRb3MTH3xUt0Y,25.0,40.7502712,-73.9845225,0.862,0.7593962710861202,10.0,0.0251553714116602,0.7342408996744599,3379.0,6553.0,1.0,5.0,10018.0,0.6,0.0666666666666666,0.0666666666666666,0.0333333333333333,0.0666666666666666,1.0,233.9,0.5036010688159507,(646) 692-9912,https://tonchinus.com/,"[{""day"": ""Monday"", ""hours"": ""11:30\u202fAM to 10\u202fPM""}, {""day"": ""Tuesday"", ""hours"": ""11:30\u202fAM to 10\u202fPM""}, {""day"": ""Wednesday"", ""hours"": ""11:30\u202fAM to 10\u202fPM""}, {""day"": ""Thursday"", ""hours"": ""11:30\u202fAM to 10\u202fPM""}, {""day"": ""Friday"", ""hours"": ""11:30\u202fAM to 10\u202fPM""}, {""day"": ""Saturday"", ""hours"": ""11:30\u202fAM to 10\u202fPM""}, {""day"": ""Sunday"", ""hours"": ""11:30\u202fAM to 10\u202fPM""}]","[""https://lh3.googleusercontent.com/gps-cs-s/AHVAwepbheQHBlkB3hlQBVdLpZ4e1rRUNJcV5nsOX0DlgxmP1ji2yyeX68m8Jq7h0xgjvJKYQqgtKbzFqR43apYsy8krch388scLOo6PCXmw0OyU5Bx4IUxRaFb7Yue8dQe6Lk3tVX1vsQ=w1920-h1080-k-no""]","[{""text"": ""Always my go to spot for some good Ramen!!"", ""rating"": 5, ""author"": ""Shawn Thomas"", ""published"": ""3 weeks ago""}, {""text"": ""Great meal, a bit on the expensive side. More noodles would be nice."", ""rating"": 5, ""author"": ""Adrian Hoff"", ""published"": ""3 weeks ago""}, {""text"": ""even with takeout, ramen was on par with what i had in tokyo. bit pricey but then again this is nyc"", ""rating"": 4, ""author"": ""ming xiong"", ""published"": ""a week ago""}]",,"{""standout_dishes"": [""Rich tonkotsu ramen broth"", ""Chicken bun (tsukune)"", ""Gyoza dumplings"", ""Chicken wings""], ""vibe_and_service"": [""Servers are friendly, quick, and efficient"", ""Casual, funky, no-frills atmosphere that's lively and busy"", ""Good drink selection and ramen that rivals what you'd get in Tokyo""], ""wait_time_note"": ""It gets packed, so book a reservation; without one, reviewers report waiting 30 minutes to an hour, and lines can form before the 11:30 lunch opening.""}"
r_0de520,50.0,0.2376378060572065,0.0,0.86,4.638009033381933,4.588152110145278,0.0,4.638009033381933,Jungme Gukbop - Korean Pork bone soup restaurant,Flushing,Korean,NYC,ChIJZcHHFflhwokRa-ZpOvCB0AU,"35-04 154th St, Flushing, NY 11354",4.7,95.0,https://komriwzkkknrsirifgqg.supabase.co/storage/v1/object/public/restaurant-photos/r_0de520.jpg,https://www.google.com/maps/search/?api=1&query=Jungme%20Gukbop%20-%20Korean%20Pork%20bone%20soup%20restaurant&query_place_id=ChIJZcHHFflhwokRa-ZpOvCB0AU,15.0,40.7658739,-73.8110731,14.852,0.8947368421052632,10.0,0.0526315789473684,0.8421052631578947,95.0,156.0,1.0,1.0,11354.0,0.7,0.3428571428571428,0.0571428571428571,0.4571428571428571,0.0571428571428571,6.0,208.4,0.5034710018068609,(347) 542-3489,,"[{""day"": ""Monday"", ""hours"": ""Closed""}, {""day"": ""Tuesday"", ""hours"": ""11\u202fAM to 10\u202fPM""}, {""day"": ""Wednesday"", ""hours"": ""11\u202fAM to 10\u202fPM""}, {""day"": ""Thursday"", ""hours"": ""11\u202fAM to 10\u202fPM""}, {""day"": ""Friday"", ""hours"": ""11\u202fAM to 10\u202fPM""}, {""day"": ""Saturday"", ""hours"": ""11\u202fAM to 12\u202fAM""}, {""day"": ""Sunday"", ""hours"": ""12 to 10\u202fAM, 11\u202fAM to 10\u202fPM""}]","[""https://lh3.googleusercontent.com/gps-cs-s/AHVAwerD8H8AnqA6Xx-3xPm7n5_gZRlARC-ki63sXpxA-YH_W8oFQiPkT7bOxgfm171TSLmtEcXlQDGfRdS6BSl-5UkdOy_hSl4WD31QdY4-di2KwoeeaEZWSFWEomw-GJYNaAjXlmxq5Q=w1920-h1080-k-no""]","[{""text"": ""The food and banchan were great. Fast and friendly service."", ""rating"": 4, ""author"": ""Yong-Soon Hwang"", ""published"": ""a year ago""}, {""text"": ""Fantastic food and the owner is so lovely. Recommend A1 soup and the B2 spicy pork"", ""rating"": 5, ""author"": ""Joshua Salita"", ""published"": ""3 days ago""}, {""text"": ""Super good food and very friendly staff! My new fav Korean place in Flushing\nI ordered beef head soup and it was amazing"", ""rating"": 5, ""author"": ""Serg Lam"", ""published"": ""7 months ago""}]",Local Favorite,"{""standout_dishes"": [""Pork gukbap with generous meat"", ""Sundae (blood sausage) soup"", ""Galbitang (short rib soup)"", ""Homemade dumplings""], ""vibe_and_service"": [""Warm, homey service from a kind owner who even explains how to eat gukbap"", ""Small, clean spot with quick service and fresh, neatly prepared banchan"", ""Reasonable prices and no charge for an extra bowl of rice""], ""wait_time_note"": null}"
r_ad74ed,50.0,0.2420813792371467,0.0,0.82,4.708716353237624,4.591663742565084,0.0,4.708716353237624,Pavlova Bakery Cafe,Brighton Beach,Bakery,NYC,ChIJHfSTRFFFwokRv7PEi_NTK7I,"123 Brighton Beach Ave, Brooklyn, NY 11235",4.6,113.0,https://komriwzkkknrsirifgqg.supabase.co/storage/v1/object/public/restaurant-photos/r_ad74ed.jpg,https://www.google.com/maps/search/?api=1&query=Pavlova%20Bakery%20Cafe&query_place_id=ChIJHfSTRFFFwokRv7PEi_NTK7I,15.0,40.5765494,-73.9675066,20.199,0.9203539823008848,10.0,0.079646017699115,0.8407079646017699,113.0,141.0,1.0,1.0,11235.0,0.68,0.3529411764705882,0.0294117647058823,0.5588235294117647,0.0,12.0,162.08823529411765,0.5034047149024642,(347) 374-2480,,"[{""day"": ""Monday"", ""hours"": ""6:45\u202fAM to 10\u202fPM""}, {""day"": ""Tuesday"", ""hours"": ""6:45\u202fAM to 10\u202fPM""}, {""day"": ""Wednesday"", ""hours"": ""6:45\u202fAM to 10\u202fPM""}, {""day"": ""Thursday"", ""hours"": ""6:45\u202fAM to 10\u202fPM""}, {""day"": ""Friday"", ""hours"": ""6:45\u202fAM to 10\u202fPM""}, {""day"": ""Saturday"", ""hours"": ""6:45\u202fAM to 10\u202fPM""}, {""day"": ""Sunday"", ""hours"": ""6:45\u202fAM to 10\u202fPM""}]","[""https://lh3.googleusercontent.com/gps-cs-s/AHVAweo8LQ8lAlOIr-dK94jjSEGbEhpIZz5ZC_U18gkrfujy9xQEpGPGc7pBkLQntSbYbu00FjgeoD0dniFbAzZD7V3hrzAsfd_1Wus8a-ODWEHh-RFEiOJoSvc2NvKTphUr6sie3MJtolLHORU=w1920-h1080-k-no""]","[{""text"": ""Pavlova was great, but the napoleon was not"", ""rating"": 3, ""author"": ""David Wong"", ""published"": ""6 months ago""}, {""text"": ""We took coffee Burek and  pavlova dessert \ud83c\udf6e all were fresh!"", ""rating"": 4, ""author"": ""Julia Helland"", ""published"": ""6 months ago""}, {""text"": ""If nothing else is open around and you dont have other choice, then you can try"", ""rating"": 3, ""author"": ""GIORGI KHURTSIDZE"", ""published"": ""2 weeks ago""}]",Local Favorite,"{""standout_dishes"": [""Pavlova dessert""], ""vibe_and_service"": [""Staff are friendly, polite, and attentive, with English, Turkish, and Russian spoken"", ""Cozy, clean cafe with fresh breads and pastries""], ""wait_time_note"": null}"
r_01e17c,32.0,0.2528771691056825,0.0,0.65625,4.789444688209256,4.625110235471918,0.0,4.789444688209256,Latinos NYC,Port Richmond,Restaurant,NYC,ChIJ_yJEsitNwokR3ZBvECMXWck,"2030 Richmond Ter, Staten Island, NY 10302",4.7,32.0,https://komriwzkkknrsirifgqg.supabase.co/storage/v1/object/public/restaurant-photos/r_01e17c.jpg,https://www.google.com/maps/search/?api=1&query=Latinos%20NYC&query_place_id=ChIJ_yJEsitNwokR3ZBvECMXWck,25.0,40.6400404,-74.1309924,18.011,0.9375,10.0,0.03125,0.90625,32.0,27.0,1.0,2.0,10302.0,0.59375,0.0526315789473684,0.0,0.4210526315789473,0.0,1.0,100.05263157894736,0.5033503166522049,(315) 660-3576,https://www.instagram.com/latinos.nyc?igsh=cGdxYjN3MzdheXht,"[{""day"": ""Monday"", ""hours"": ""Closed""}, {""day"": ""Tuesday"", ""hours"": ""4\u202fPM to 2\u202fAM""}, {""day"": ""Wednesday"", ""hours"": ""4\u202fPM to 2\u202fAM""}, {""day"": ""Thursday"", ""hours"": ""4\u202fPM to 2\u202fAM""}, {""day"": ""Friday"", ""hours"": ""4\u202fPM to 2\u202fAM""}, {""day"": ""Saturday"", ""hours"": ""4\u202fPM to 2\u202fAM""}, {""day"": ""Sunday"", ""hours"": ""4\u202fPM to 2\u202fAM""}]","[""https://lh3.googleusercontent.com/gps-cs-s/AHVAwepFViXlzSLb0excYnhUc4mr2ZQqlGKPLVdEeBOkW1JGLsOpY4XUkBFGxGwOykRhRZ93pK9_W_ZoBWfimvbIU8TE-vPm40nyU2b1ARSeTHOkY_PLJ70OLcYqec4wZGFqgEbOhDvb9w=w1920-h1080-k-no""]","[{""text"": ""I'm from out of town so I was really excited to try some of the local food spots in this area and this place did not disappoint.  There was a bit of a language barrier but the staff was very helpful and offered me a menu in English.  I ordered the salmon and I also had the spare ribs to go. Listen..... the food was amazing the drinks are very good. The bartender very beautiful and helpful.  I would recommend this place to anyone looking for good food. Good music . Overall a great experience.  5 star for sure"", ""rating"": 5, ""author"": ""Michael Woodard"", ""published"": ""a year ago""}, {""text"": ""Always enjoy the drinks the vibes the fun."", ""rating"": 5, ""author"": ""Lady Rumbl3"", ""published"": ""7 months ago""}, {""text"": ""Amazing.Incredible place,the food super delicious."", ""rating"": 5, ""author"": ""Yudith Bastidas"", ""published"": ""a year ago""}]",Local Favorite,"{""standout_dishes"": [""Spare ribs / BBQ ribs""], ""vibe_and_service"": [""Latin lounge vibe with great music, good for hanging out with family and friends"", ""Friendly, helpful staff and servers, including English menus when needed""], ""wait_time_note"": null}"
r_8c1b1c,50.0,0.2324494138374898,0.0,0.86,4.957594460255193,4.934671592925812,0.0,4.957594460255193,One Love,Long Island City,Restaurant,NYC,ChIJpYS4n8xZwokR_68QeNOmsZY,"Queens St &, Jackson Ave, Long Island City, NY 11101",4.9,59.0,https://komriwzkkknrsirifgqg.supabase.co/storage/v1/object/public/restaurant-photos/r_8c1b1c.jpg,https://www.google.com/maps/search/?api=1&query=One%20Love&query_place_id=ChIJpYS4n8xZwokR_68QeNOmsZY,15.0,40.7476754,-73.9415029,3.911,0.9661016949152542,10.0,0.0169491525423728,0.9491525423728814,59.0,34.0,0.0,1.0,11101.0,0.66,0.0909090909090909,0.0303030303030303,0.6060606060606061,0.1818181818181818,3.0,134.8181818181818,0.5032058414961219,(347) 530-4044,https://www.instagram.com/onelove_jamaicanfood,"[{""day"": ""Monday"", ""hours"": ""Closed""}, {""day"": ""Tuesday"", ""hours"": ""10\u202fAM to 2\u202fPM""}, {""day"": ""Wednesday"", ""hours"": ""10\u202fAM to 2\u202fPM""}, {""day"": ""Thursday"", ""hours"": ""10\u202fAM to 2\u202fPM""}, {""day"": ""Friday"", ""hours"": ""10\u202fAM to 2\u202fPM""}, {""day"": ""Saturday"", ""hours"": ""Closed""}, {""day"": ""Sunday"", ""hours"": ""Closed""}]","[""https://lh3.googleusercontent.com/gps-cs-s/AHVAweoOkOMtAYILxlQucS_5Cy0YypR6XSD4l28Q1vacmooczewND5FB40TsyJeOG1GnbokS5JPKueuBODthEFXMZM9abFTeM5_N8DhfMXAXN_s0526AjZl1M5k9PmiVp9zW_YiKIjsS=w1920-h1080-k-no""]","[{""text"": ""Wonderful food and great service. Large portions too :)"", ""rating"": 5, ""author"": ""Ellis Richburg"", ""published"": ""a year ago""}, {""text"": ""Fantastic Jamaican jerk chicken. Best lunch spot in the neighborhood."", ""rating"": 5, ""author"": ""Leo Pham"", ""published"": ""a year ago""}, {""text"": ""Very kind people and their chicken is tender and seasoned perfectly! :)"", ""rating"": 5, ""author"": ""Aleena Tim"", ""published"": ""5 months ago""}]",Hidden Gem,"{""standout_dishes"": [""Jerk chicken"", ""Oxtail that falls off the bone"", ""Curry goat""], ""vibe_and_service"": [""Friendly, welcoming owners who clearly put passion into the food"", ""Big portions at affordable prices"", ""Convenient food cart that's a favorite lunch spot in the neighborhood""], ""wait_time_note"": null}"
r_8d15cc,50.0,0.2327997561841509,0.02,0.86,4.160787657641426,4.133692179232773,0.0,4.160787657641426,Eataly - Flatiron,Gramercy,Cafe,NYC,ChIJaeKcEaRZwokRcllXm5cM7J0,"200 5th Ave, New York, NY 10010",4.4,10176.0,https://komriwzkkknrsirifgqg.supabase.co/storage/v1/object/public/restaurant-photos/r_8d15cc.jpg,https://www.google.com/maps/search/?api=1&query=Eataly%20-%20Flatiron&query_place_id=ChIJaeKcEaRZwokRcllXm5cM7J0,,40.742045,-73.9900845,1.813,0.6961477987421384,10.0,0.0342963836477987,0.6618514150943396,10176.0,23036.0,1.0,5.0,10010.0,0.54,0.074074074074074,0.2222222222222222,0.074074074074074,0.2962962962962963,0.3333333333333333,220.2962962962963,0.5031398247338694,(212) 229-2560,https://www.eataly.com/us_en/stores/nyc-flatiron,"[{""day"": ""Monday"", ""hours"": ""7\u202fAM to 11\u202fPM""}, {""day"": ""Tuesday"", ""hours"": ""7\u202fAM to 11\u202fPM""}, {""day"": ""Wednesday"", ""hours"": ""7\u202fAM to 11\u202fPM""}, {""day"": ""Thursday"", ""hours"": ""7\u202fAM to 11\u202fPM""}, {""day"": ""Friday"", ""hours"": ""7\u202fAM to 11\u202fPM""}, {""day"": ""Saturday"", ""hours"": ""7\u202fAM to 11\u202fPM""}, {""day"": ""Sunday"", ""hours"": ""7\u202fAM to 11\u202fPM""}]","[""https://lh3.googleusercontent.com/gps-proxy/ALd4DhFGInLXj8tyTlAAl_milF9M5JQYUmnVXgCpg_w3_KnkjRJquqC1maMhf23JexBTZoUJ9mIz-xMnBg9iQjLex0fqD1uYJXa1D8_ujAEsZrxkInaQMOyybrrqRkdpWqzKk-pwMrrI1qrC_VYJj6FAeBRkvjFUw8oNoNEAtskMAw4NjHCG3w4CzoDC21dMRPrQ0n4TGQ=w1920-h1080-k-no""]","[{""text"": ""Always a good spot for dining and groceries, never disappoints."", ""rating"": 5, ""author"": ""Mia Hurley"", ""published"": ""a week ago""}, {""text"": ""Tourist trap and overpriced sofiaticated Italian chain restaurant food ."", ""rating"": 1, ""author"": ""christian lopez"", ""published"": ""a week ago""}, {""text"": ""Still 5 Stars. They still offer a great and  yummy selection of fine foods and restaurants"", ""rating"": 5, ""author"": ""Mark Beyer"", ""published"": ""2 weeks ago""}]",,"{""standout_dishes"": [], ""vibe_and_service"": [""Huge Italian marketplace with restaurants, bars, and gourmet groceries all under one roof"", ""Friendly, quick service reported at the pizza spot, with a casual, not-too-loud setting"", ""A server named Jay was singled out as fun and kind""], ""wait_time_note"": null}"
r_e9affa,50.0,0.188091015805528,0.0,0.96,4.2291878929939815,4.439571212222168,0.2103833192281863,4.123996233379888,Noona Noodles,Midtown,Korean,NYC,ChIJFVTFUMNZwokRzfW-EGTyYrg,"46 W 36th St. FL1, New York, NY 10018",4.4,401.0,https://komriwzkkknrsirifgqg.supabase.co/storage/v1/object/public/restaurant-photos/r_e9affa.jpg,https://www.google.com/maps/search/?api=1&query=Noona%20Noodles&query_place_id=ChIJFVTFUMNZwokRzfW-EGTyYrg,15.0,40.7503092,-73.9855909,0.854,0.8503740648379052,9.65625,0.0798004987531172,0.770573566084788,401.0,557.0,1.0,3.0,10018.0,0.8,0.2,0.075,0.425,0.2,2.6666666666666665,265.1,0.5029503606169632,(917) 675-7234,http://noonanoodles.com/,"[{""day"": ""Monday"", ""hours"": ""10:30\u202fAM to 10\u202fPM""}, {""day"": ""Tuesday"", ""hours"": ""10:30\u202fAM to 10\u202fPM""}, {""day"": ""Wednesday"", ""hours"": ""10:30\u202fAM to 10\u202fPM""}, {""day"": ""Thursday"", ""hours"": ""10:30\u202fAM to 10\u202fPM""}, {""day"": ""Friday"", ""hours"": ""10:30\u202fAM to 10\u202fPM""}, {""day"": ""Saturday"", ""hours"": ""10:30\u202fAM to 10\u202fPM""}, {""day"": ""Sunday"", ""hours"": ""10:30\u202fAM to 10\u202fPM""}]","[""https://lh3.googleusercontent.com/gps-cs-s/AHVAwer7ZNHvpgTZxrw6tgwMOcviOpwmiWckfVr8ba_K3jwGIV8Ki84d_0lL-KOE9Zto8ehaIOmQ5-5tkRQB-fLvHaHqrEysnry6hhOLD63pZP3al1JQaDqtAOhfgErngPsgISRzJKTGECs5pY6y=w1920-h1080-k-no""]","[{""text"": ""amazing sweet heat cold noodles and superb house made kimchi"", ""rating"": 5, ""author"": ""Anthony Worman"", ""published"": ""2 weeks ago""}, {""text"": ""The food was yummy but I found metal shavings in my takeout."", ""rating"": 1, ""author"": ""Zachary Hoffman"", ""published"": ""2 months ago""}, {""text"": ""So sweet and the food is amazing! Coming back to buy their kimchi!"", ""rating"": 5, ""author"": ""Jayden Sansom"", ""published"": ""3 weeks ago""}]",,"{""standout_dishes"": [""Jjampong spicy seafood noodle soup"", ""Vietnamese-style chicken pho""], ""vibe_and_service"": [""Cozy little spot with friendly, welcoming staff, including a kind woman at the counter who makes sure everyone gets what they need"", ""Big portions that feel like good value for New York""], ""wait_time_note"": null}"
r_603793,100.0,0.2508379727263397,0.02,0.83,4.815779392141964,4.8347614111716615,0.0189820190296972,4.806288382627116,Don Udon,Crown Heights,Japanese,NYC,ChIJJx0KbQBbwokRgFw60jHQQIM,"634 Park Pl, Brooklyn, NY 11238",4.9,261.0,https://komriwzkkknrsirifgqg.supabase.co/storage/v1/object/public/restaurant-photos/r_603793.jpg,https://www.google.com/maps/search/?api=1&query=Don%20Udon&query_place_id=ChIJJx0KbQBbwokRgFw60jHQQIM,25.0,40.6741079,-73.9571529,9.619,0.9540229885057472,10.0,0.003831417624521,0.950191570881226,261.0,256.0,1.0,1.0,11238.0,0.66,0.3333333333333333,0.0303030303030303,0.3939393939393939,0.0909090909090909,11.0,177.1818181818182,0.5029270360197464,(347) 365-6388,,"[{""day"": ""Monday"", ""hours"": ""5 to 9:15\u202fPM""}, {""day"": ""Tuesday"", ""hours"": ""12 to 2:30\u202fPM, 5 to 9:15\u202fPM""}, {""day"": ""Wednesday"", ""hours"": ""5 to 9:15\u202fPM""}, {""day"": ""Thursday"", ""hours"": ""12 to 2:30\u202fPM, 5 to 9:15\u202fPM""}, {""day"": ""Friday"", ""hours"": ""12 to 2:30\u202fPM, 5 to 9:15\u202fPM""}, {""day"": ""Saturday"", ""hours"": ""12 to 2:30\u202fPM, 5 to 9:15\u202fPM""}, {""day"": ""Sunday"", ""hours"": ""12 to 2:30\u202fPM, 5 to 9:15\u202fPM""}]","[""https://lh3.googleusercontent.com/gps-cs-s/AHVAweqZpK_nusaKIJj6Csfr-VCuFz7ZqeKucbPmqYyvn21HoTygSGrvUrh48fp8zhI02-pY5biF-lKcd2n8aziAUslxnng-CD7vj2zm1nz5wPCMXJna1oXeUGoKIktenE8f2FRhjuF1Eg=w1920-h1080-k-no""]","[{""text"": ""Very good will be coming back. Comforting."", ""rating"": 5, ""author"": ""Albert Le"", ""published"": ""a month ago""}, {""text"": ""Hands down some of the best Japanese food I've ever had."", ""rating"": 5, ""author"": ""Cole Wunderlich"", ""published"": ""2 weeks ago""}, {""text"": ""Amazing and delicious! Transported me right back to Kyoto"", ""rating"": 5, ""author"": ""Shauna Fitzmahan"", ""published"": ""6 days ago""}]",Hidden Gem,"{""standout_dishes"": [""Chewy udon noodles in flavourful broth""], ""vibe_and_service"": [""Cozy, Japan-like atmosphere with 90s Japanese disco playing"", ""Fast, friendly service with phone ordering and payment"", ""Consistent, comforting bowls that feel like home""], ""wait_time_note"": ""Reviewers say service is quick and food comes out fast, but they don't say anything concrete about lines or reservations.""}"
r_786e9d,30.0,0.1843545464331113,0.0,0.9333333333333332,4.934908033285993,4.892109985269742,0.0,4.934908033285993,MAMILLA STREET FOOD,Borough Park,Restaurant,NYC,ChIJbXHs1EJFwokRRk-7-9crah8,"4706 13th Ave, Brooklyn, NY 11219",4.9,30.0,https://komriwzkkknrsirifgqg.supabase.co/storage/v1/object/public/restaurant-photos/r_786e9d.jpg,https://www.google.com/maps/search/?api=1&query=MAMILLA%20STREET%20FOOD&query_place_id=ChIJbXHs1EJFwokRRk-7-9crah8,25.0,40.6361138,-73.9913106,13.538,0.9666666666666668,10.0,0.0,0.9666666666666668,30.0,40.0,0.0,1.0,11219.0,0.7333333333333333,0.5454545454545454,0.0454545454545454,0.3636363636363636,0.1363636363636363,12.0,153.0909090909091,0.5025158592557011,(718) 635-3230,https://www.clover.com/online-ordering/mamilla-street,"[{""day"": ""Monday"", ""hours"": ""12\u202fPM to 1\u202fAM""}, {""day"": ""Tuesday"", ""hours"": ""12\u202fPM to 1\u202fAM""}, {""day"": ""Wednesday"", ""hours"": ""12\u202fPM to 1\u202fAM""}, {""day"": ""Thursday"", ""hours"": ""12\u202fPM to 1\u202fAM""}, {""day"": ""Friday"", ""hours"": ""Closed""}, {""day"": ""Saturday"", ""hours"": ""Closed""}, {""day"": ""Sunday"", ""hours"": ""12\u202fPM to 1\u202fAM""}]","[""https://lh3.googleusercontent.com/gps-cs-s/AHVAweoROBjILyR5YuceyorP6G65G2jJTEjx15U99E7yYdM9IcXfAjmHVx4hcED_kVZ8HD-z2m8G8tfunY7GBncSLvcF9X5F0xdq2iJo85PGcnxg7e0tUdQ8DSeb3oktxuMIPoyUsVkKHDouaPON=w1920-h1080-k-no""]","[{""text"": ""Don\u2019t miss this spot one of the best shawarma in bk and nyc"", ""rating"": 5, ""author"": ""Koren Stern"", ""published"": ""a month ago""}, {""text"": ""The food is the best can\u2019t find such good shawarma out of Israel"", ""rating"": 5, ""author"": ""S K"", ""published"": ""2 months ago""}, {""text"": ""Staff was nice, polite and helpful. Made a big order and asked them to divide it with numbers and they did whatever we asked. Food was good too."", ""rating"": 5, ""author"": ""Shmuel Klein"", ""published"": ""3 months ago""}]",Hidden Gem,"{""standout_dishes"": [""Shawarma, praised as authentic and flavorful"", ""Ribeye shawarma, thinly sliced""], ""vibe_and_service"": [""Feels like Israel, with authentic street food and a clean, well-designed space"", ""Friendly, helpful staff who accommodate big or custom orders"", ""Generous portions and good value for the quality""], ""wait_time_note"": null}"
r_0c0543,50.0,0.2038979508760899,0.0,0.96,4.220003614698939,4.169754259427259,0.0,4.220003614698939,Raku,Midtown,Restaurant,NYC,ChIJcd-UAwBZwokR2dPBrKACTm8,"776 9th Ave, New York, NY 10019",4.3,265.0,https://komriwzkkknrsirifgqg.supabase.co/storage/v1/object/public/restaurant-photos/r_0c0543.jpg,https://www.google.com/maps/search/?api=1&query=Raku&query_place_id=ChIJcd-UAwBZwokR2dPBrKACTm8,25.0,40.7644561,-73.9878552,0.744,0.6867924528301886,10.0,0.0490566037735849,0.6377358490566037,265.0,754.0,1.0,2.0,10019.0,0.72,0.1388888888888889,0.2222222222222222,0.2222222222222222,0.1388888888888889,0.625,349.8888888888889,0.50247483698139,,https://www.rakunyc.com/,"[{""day"": ""Monday"", ""hours"": ""Closed""}, {""day"": ""Tuesday"", ""hours"": ""12 to 9:30\u202fPM""}, {""day"": ""Wednesday"", ""hours"": ""12 to 9:30\u202fPM""}, {""day"": ""Thursday"", ""hours"": ""12 to 9:30\u202fPM""}, {""day"": ""Friday"", ""hours"": ""12 to 9:30\u202fPM""}, {""day"": ""Saturday"", ""hours"": ""11\u202fAM to 9:30\u202fPM""}, {""day"": ""Sunday"", ""hours"": ""11\u202fAM to 9:30\u202fPM""}]","[""https://lh3.googleusercontent.com/gps-cs-s/AHVAwery1qTosxH65Uw7Lf758bE7ChR1zkn4SR8Xu3e2RDPdvafi978EIm0iOO6VksPfO2Av4UIVu9G1ys_z7zMBoGG2Fa0ISS4IxWgEGB2Ixcv97IQkC5eL-xPbfTpZvsQ2uMV3Uh4t=w1920-h1080-k-no""]","[{""text"": ""Specializes in Udon. Pretty good but not memorable."", ""rating"": 4, ""author"": ""Sebastian"", ""published"": ""4 months ago""}, {""text"": ""Noodles were very chewy and unique, portions were a good size."", ""rating"": 5, ""author"": ""Albert Zhou"", ""published"": ""4 months ago""}, {""text"": ""They need to replace their rags that they clean tables with. Smelled terrible when I was eating."", ""rating"": 1, ""author"": ""K Y"", ""published"": ""4 months ago""}]",,"{""standout_dishes"": [""Chewy udon noodles with tasty broth"", ""Chicken tatsuta-age (fried chicken)"", ""Kaisen don (kaisendon)""], ""vibe_and_service"": [""Clean, modern, minimalist interior with cozy cafe vibes"", ""Friendly, quick service"", ""Good value for hearty, high-quality udon with lots of options""], ""wait_time_note"": ""Waits depend on the location: one reviewer got seated right away as a party of two at a newer spot, but another says walk-ins at the roomiest location have meant a 2-hour wait even on weekend afternoons, so make a reservation if you can.""}"
r_aa2f39,50.0,0.2342948025816346,0.0,0.88,4.823299537404058,4.9495889539079245,0.1262894165038668,4.760154829152125,Backyard Pizza Cafe,Sheepshead Bay,Pizza,NYC,ChIJSaDLJVlFwokRNUgZUUoFzFM,"2113 Avenue Z, Brooklyn, NY 11235",4.7,278.0,https://komriwzkkknrsirifgqg.supabase.co/storage/v1/object/public/restaurant-photos/r_aa2f39.jpg,https://www.google.com/maps/search/?api=1&query=Backyard%20Pizza%20Cafe&query_place_id=ChIJSaDLJVlFwokRNUgZUUoFzFM,15.0,40.5888468,-73.9478716,19.046,0.9424460431654677,10.0,0.0539568345323741,0.8884892086330936,278.0,264.0,1.0,1.0,11235.0,0.78,0.2051282051282051,0.0,0.4615384615384615,0.0256410256410256,8.0,112.8974358974359,0.5023205817963857,(718) 400-0404,https://www.orderbackyardpizzacafe.com/,"[{""day"": ""Monday"", ""hours"": ""10\u202fAM to 11\u202fPM""}, {""day"": ""Tuesday"", ""hours"": ""10\u202fAM to 11\u202fPM""}, {""day"": ""Wednesday"", ""hours"": ""10\u202fAM to 11\u202fPM""}, {""day"": ""Thursday"", ""hours"": ""10\u202fAM to 11\u202fPM""}, {""day"": ""Friday"", ""hours"": ""10\u202fAM to 11\u202fPM""}, {""day"": ""Saturday"", ""hours"": ""10\u202fAM to 11\u202fPM""}, {""day"": ""Sunday"", ""hours"": ""10\u202fAM to 11\u202fPM""}]","[""https://lh3.googleusercontent.com/gps-cs-s/AHVAweqSyb__XywYQC8cHC-2BFkzdCP9Mpe54-chMr8dIfz8IuvnCokU6-q4iBiEDpmx1Lk7P7di2ucVRbwBXn9YNItsXSBqibClqfCG1paBFQDsuEN2SktlFPzWDEJb4YxXOfd9CTeV=w1920-h1080-k-no""]","[{""text"": ""Lahmacun and Beef gyro wrap my favorite ones"", ""rating"": 5, ""author"": ""V\u0259t\u0259n O\u011flu"", ""published"": ""4 days ago""}, {""text"": ""Wish you the best guys!\nErtan showed us the place"", ""rating"": 5, ""author"": ""Omaima Lagnaoui"", ""published"": ""3 months ago""}, {""text"": ""Gyro platter and tres leche cake were delicious. Nice guys too"", ""rating"": 5, ""author"": ""Jorge Torres"", ""published"": ""2 weeks ago""}]",Hidden Gem,"{""standout_dishes"": [""Doner and croissant doner"", ""Lahmacun"", ""Beef gyro wrap and gyro platter""], ""vibe_and_service"": [""Everything is made fresh in-house from scratch, and it's affordable"", ""Cozy spot with kind, friendly staff"", ""Open for breakfast, lunch, and dinner, and they deliver for free""], ""wait_time_note"": null}"
r_f7d58f,50.0,0.2059258197519725,0.0,0.9,4.86384085307065,4.7834442671361845,0.0,4.86384085307065,Tlacualli Breakfast,Bushwick,Brunch,NYC,ChIJK6eTLMRdwokR7ayrALQMcw0,"1637 Broadway, Brooklyn, NY 11207",4.8,177.0,https://komriwzkkknrsirifgqg.supabase.co/storage/v1/object/public/restaurant-photos/r_f7d58f.jpg,https://www.google.com/maps/search/?api=1&query=Tlacualli%20Breakfast&query_place_id=ChIJK6eTLMRdwokR7ayrALQMcw0,25.0,40.685161,-73.9139786,10.116,0.9265536723163842,10.0,0.0056497175141242,0.9209039548022598,177.0,300.0,1.0,3.0,11207.0,0.72,0.2222222222222222,0.0277777777777777,0.4444444444444444,0.1111111111111111,8.0,170.44444444444446,0.5019972002961126,(929) 234-6420,https://tlacuallibrooklyn.com/,"[{""day"": ""Monday"", ""hours"": ""7\u202fAM to 6\u202fPM""}, {""day"": ""Tuesday"", ""hours"": ""7\u202fAM to 6\u202fPM""}, {""day"": ""Wednesday"", ""hours"": ""7\u202fAM to 6\u202fPM""}, {""day"": ""Thursday"", ""hours"": ""7\u202fAM to 6\u202fPM""}, {""day"": ""Friday"", ""hours"": ""7\u202fAM to 6\u202fPM""}, {""day"": ""Saturday"", ""hours"": ""7\u202fAM to 6\u202fPM""}, {""day"": ""Sunday"", ""hours"": ""7\u202fAM to 6\u202fPM""}]","[""https://lh3.googleusercontent.com/gps-cs-s/AHVAweqASk-gvSNYweNZYjK-HZUOsClvE6lwBgO9QiFEdv2FHu1LkzYAtj5YZWD_J13D4ywZemz2LhdhKDoEwpRAwPoHOIRTth49gfPjl3_dptC0780kGycoOY7alOIefEq9jDLyS2kmkMU5Mv-G=w1920-h1080-k-no""]","[{""text"": ""Food was delicious for a very reasonable price."", ""rating"": 5, ""author"": ""Aaron"", ""published"": ""a week ago""}, {""text"": ""Absolutely delicious, and super friendly service!"", ""rating"": 5, ""author"": ""Mark Romeo"", ""published"": ""3 months ago""}, {""text"": ""Friendly service. Authentic Mexican food, fast service nice vibes."", ""rating"": 5, ""author"": ""Annlyn Kulp"", ""published"": ""4 months ago""}]",Hidden Gem,"{""standout_dishes"": [""Chilaquiles with a giant portion"", ""Churros with coffee"", ""Huevos rancheros""], ""vibe_and_service"": [""Friendly, quick service with a bright, cozy, clean space and nice decor like rattan and wood touches"", ""Traditional Mexican breakfast at reasonable prices with big portions"", ""Chill, trendy atmosphere with lots of seating, including a bar and outdoor tables""], ""wait_time_note"": null}"
r_78300a,50.0,0.2055832815120059,0.0,0.94,4.61026565985577,4.622519103064716,0.0122534432089462,4.604138938251297,Sushi & Co,Financial District,Japanese,NYC,ChIJK-iBUjZbwokR6nW3PdAmegs,"67 Nassau St, New York, NY 10038",4.6,711.0,https://komriwzkkknrsirifgqg.supabase.co/storage/v1/object/public/restaurant-photos/r_78300a.jpg,https://www.google.com/maps/search/?api=1&query=Sushi%20%26%20Co&query_place_id=ChIJK-iBUjZbwokR6nW3PdAmegs,25.0,40.7095068,-74.0085877,5.729,0.8171589310829818,10.0,0.0267229254571026,0.790436005625879,711.0,574.0,1.0,1.0,10038.0,0.6,0.1666666666666666,0.0666666666666666,0.4333333333333333,0.0333333333333333,2.5,114.63333333333334,0.5015968188006587,(646) 799-9911,http://www.sushinco.com/,"[{""day"": ""Monday"", ""hours"": ""11:45\u202fAM to 9\u202fPM""}, {""day"": ""Tuesday"", ""hours"": ""11:45\u202fAM to 9\u202fPM""}, {""day"": ""Wednesday"", ""hours"": ""11:45\u202fAM to 9\u202fPM""}, {""day"": ""Thursday"", ""hours"": ""11:45\u202fAM to 9\u202fPM""}, {""day"": ""Friday"", ""hours"": ""11:45\u202fAM to 9\u202fPM""}, {""day"": ""Saturday"", ""hours"": ""11:45\u202fAM to 9\u202fPM""}, {""day"": ""Sunday"", ""hours"": ""11:45\u202fAM to 9\u202fPM""}]","[""https://lh3.googleusercontent.com/gps-cs-s/AHVAweqoCai0ZFTkMXA9FYyIaljlMK5EqiD_ilQnizPXPsuK_sDljj-seK_bDT4pEvHQLmBahaxTuqwZsO574YKbbXbUA924NiugXEfrtFl960V5pUxOkBQiu8n-Bc5eKlQunm_8LB0=w1920-h1080-k-no""]","[{""text"": ""Pretty boxes! Sauce on sushi is a delight!"", ""rating"": 5, ""author"": ""Hydi Ng"", ""published"": ""3 days ago""}, {""text"": ""It was really good, fast comforting food \ud83c\udf5c\ud83c\udf5a\ud83c\udf71"", ""rating"": 5, ""author"": ""Juan Sebastian Fernandez"", ""published"": ""10 months ago""}, {""text"": ""Very tasty and affordable sushi in Manhattan!"", ""rating"": 5, ""author"": ""Mariia Yakovleva"", ""published"": ""11 months ago""}]",Local Favorite,"{""standout_dishes"": [], ""vibe_and_service"": [""Friendly, quick service in a bright, clean, casual spot that feels more like fast food than a sit-down restaurant"", ""Affordable prices with generous, freshly made portions and good specials""], ""wait_time_note"": null}"
r_01b980,50.0,0.1818454241198388,0.0,0.94,4.168707478213018,4.402517234249878,0.2338097560368597,4.051802600194588,Freemans,Lower East Side,Brunch,NYC,ChIJRcCC14VZwokRvJiDo29-IGM,"Freeman Alley, New York, NY 10002",4.4,2340.0,https://komriwzkkknrsirifgqg.supabase.co/storage/v1/object/public/restaurant-photos/r_01b980.jpg,https://www.google.com/maps/search/?api=1&query=Freemans&query_place_id=ChIJRcCC14VZwokRvJiDo29-IGM,75.0,40.7220379,-73.9924233,4.035,0.6756410256410257,10.0,0.0303418803418803,0.6452991452991453,2340.0,2904.0,1.0,3.0,10002.0,0.76,0.2368421052631578,0.0789473684210526,0.4736842105263157,0.1052631578947368,3.0,397.1578947368421,0.5015347380057807,(212) 420-0012,http://www.freemansrestaurant.com/,"[{""day"": ""Monday"", ""hours"": ""11\u202fAM to 10\u202fPM""}, {""day"": ""Tuesday"", ""hours"": ""11\u202fAM to 11\u202fPM""}, {""day"": ""Wednesday"", ""hours"": ""11\u202fAM to 11\u202fPM""}, {""day"": ""Thursday"", ""hours"": ""11\u202fAM to 11\u202fPM""}, {""day"": ""Friday"", ""hours"": ""11\u202fAM to 11\u202fPM""}, {""day"": ""Saturday"", ""hours"": ""10\u202fAM to 11\u202fPM""}, {""day"": ""Sunday"", ""hours"": ""10\u202fAM to 10\u202fPM""}]","[""https://lh3.googleusercontent.com/gps-cs-s/AHVAweq6CRB61z0w_S5O6ECzGxkYlqEYx_GdKvjEnIQLsZpFkHkSSWbSxk366CgUa5RmCH3pgHbWAAqyIeog6_yLbPtzGmOAFKBNWrnSZ_hieJGsAIWcs7FxjZFAVHeh2G_8NX_pwjhK=w1920-h1080-k-no""]","[{""text"": ""Hidden gem! Great food and very cozy interior"", ""rating"": 5, ""author"": ""Louise Boucher"", ""published"": ""a day ago""}, {""text"": ""Amazing food, excellent service and private room ambiance."", ""rating"": 5, ""author"": ""Zaldy Santos"", ""published"": ""a day ago""}, {""text"": ""Fun little restaurant and the end of a cool graffiti alley."", ""rating"": 5, ""author"": ""Kelly Ward"", ""published"": ""2 weeks ago""}]",,"{""standout_dishes"": [""Mac and cheese"", ""Burger"", ""Hot artichoke dip""], ""vibe_and_service"": [""Tucked-away cobblestone alley location with cozy, rustic charm that feels like a hidden gem"", ""Warm, friendly service, with spacious seating and a quieter upstairs that works well for groups"", ""Great for date nights, hangouts with friends, or showing guests something memorable""], ""wait_time_note"": null}"
r_150308,50.0,0.1774572402793108,0.0,0.94,4.898043668078054,4.85179237277643,0.0,4.898043668078054,Brooklyn Roots Italian,Fort Hamilton,Italian,NYC,ChIJ52cyMsFawokR5wmmg9YUenk,"8620 3rd Ave, Brooklyn, NY 11209",4.6,647.0,https://komriwzkkknrsirifgqg.supabase.co/storage/v1/object/public/restaurant-photos/r_150308.jpg,https://www.google.com/maps/search/?api=1&query=Brooklyn%20Roots%20Italian&query_place_id=ChIJ52cyMsFawokR5wmmg9YUenk,40.0,40.6229337,-74.0315155,15.494,0.8469860896445132,10.0,0.0370942812982998,0.8098918083462133,647.0,618.0,1.0,4.0,11209.0,0.84,0.2142857142857142,0.0238095238095238,0.9523809523809524,0.4285714285714285,9.0,332.04761904761904,0.5009715169286466,(718) 333-5122,http://www.brooklynrootsitalian.com/,"[{""day"": ""Monday"", ""hours"": ""Closed""}, {""day"": ""Tuesday"", ""hours"": ""4 to 10\u202fPM""}, {""day"": ""Wednesday"", ""hours"": ""4 to 10\u202fPM""}, {""day"": ""Thursday"", ""hours"": ""4 to 10\u202fPM""}, {""day"": ""Friday"", ""hours"": ""4 to 10\u202fPM""}, {""day"": ""Saturday"", ""hours"": ""4 to 10\u202fPM""}, {""day"": ""Sunday"", ""hours"": ""2 to 9\u202fPM""}]","[""https://lh3.googleusercontent.com/gps-cs-s/AHVAweoeYwrVefs8DAN7qXl34xrCa4JXjssnuT2e4InHIOqQKm5984p93B0tFNxDNkUWNI51Ft9fbH4_AD0iKxLoy4v5_XmJCRTCT93hBjP700fGia0cZycvvT50mH1v8G0ZOuNKklk=w1920-h1080-k-no""]","[{""text"": ""No place better in the neighborhood. End of story"", ""rating"": 5, ""author"": ""Michael Collins"", ""published"": ""14 minutes ago""}, {""text"": ""Delicious Caesar salad and halibut francese over spaghetti."", ""rating"": 5, ""author"": ""Patricia Pagano"", ""published"": ""2 months ago""}, {""text"": ""Quality Italian food paired with great service. Staff went above and beyond."", ""rating"": 5, ""author"": ""Daniel Dischiavo"", ""published"": ""4 months ago""}]",Local Favorite,"{""standout_dishes"": [""Caesar salad"", ""Chicken or halibut francese"", ""Rigatoni alla vodka""], ""vibe_and_service"": [""Warm, welcoming staff who go above and beyond"", ""Huge portions that are great for sharing"", ""Cozy, homestyle family-friendly feel with accessible seating""], ""wait_time_note"": null}"
r_94a5de,50.0,0.2558175280122782,0.0,0.8,4.678084887573716,4.680658332257475,0.002573444683759,4.676798165231837,American Grill,Mid Island,Burgers,NYC,ChIJnRID3C9PwokRYFrd3bRQzAk,"891 Manor Rd, Staten Island, NY 10314",4.8,226.0,https://komriwzkkknrsirifgqg.supabase.co/storage/v1/object/public/restaurant-photos/r_94a5de.jpg,https://www.google.com/maps/search/?api=1&query=American%20Grill&query_place_id=ChIJnRID3C9PwokRYFrd3bRQzAk,15.0,40.6051024,-74.120578,20.491,0.9070796460176992,10.0,0.0176991150442477,0.8893805309734514,226.0,211.0,1.0,10.0,10314.0,0.74,0.2702702702702703,0.054054054054054,0.4054054054054054,0.081081081081081,5.0,190.8918918918919,0.500765527685029,(718) 494-4717,http://ggamericangrill.com/,"[{""day"": ""Monday"", ""hours"": ""Closed""}, {""day"": ""Tuesday"", ""hours"": ""8\u202fAM to 8\u202fPM""}, {""day"": ""Wednesday"", ""hours"": ""8\u202fAM to 8\u202fPM""}, {""day"": ""Thursday"", ""hours"": ""8\u202fAM to 8\u202fPM""}, {""day"": ""Friday"", ""hours"": ""8\u202fAM to 8\u202fPM""}, {""day"": ""Saturday"", ""hours"": ""8\u202fAM to 8\u202fPM""}, {""day"": ""Sunday"", ""hours"": ""8\u202fAM to 3\u202fPM""}]","[""https://lh3.googleusercontent.com/gps-cs-s/AHVAwepcQGgodv673Ejj2l0F6eBY7mZpCNGaFA7KPHE-MkL7n9gfll4fm2UsDhjAbzM72oLJMu8wu6SVb_6GQbFWBjRBBIhCbPqcJlsyyTHu9v87Q0uib7_wHOCnYZI-E4n3FoDl602d-0nG93Ot=w1920-h1080-k-no""]","[{""text"": ""Love this little diner, cozy friendly.The food's great"", ""rating"": 5, ""author"": ""Jackie MENDEZ"", ""published"": ""8 months ago""}, {""text"": ""Friendly staff, delicious food. Would definitely go back"", ""rating"": 5, ""author"": ""Alice K"", ""published"": ""11 months ago""}, {""text"": ""Good little breakfast spot, decently priced,  definitely be back"", ""rating"": 4, ""author"": ""Jackie R."", ""published"": ""a year ago""}]",Local Favorite,"{""standout_dishes"": [], ""vibe_and_service"": [""Friendly, welcoming staff and owner who make you feel at home"", ""Cozy, clean little diner with great prices for the quality"", ""Breakfast is a go-to, with fresh baked items""], ""wait_time_note"": null}"
